sourceProject,sourceScenarioKey,sourceCaseKey,caseKey,caseName,caseWeight,scenarioKey,scenario,directionalScore,legalStability,rightsProtection,democraticResponsiveness,independenceAccountabilityBalance,legitimacy,partisanAlignment,shadowDocketAbuse,constitutionalConflict,reversalRate
Supreme Court Simulator Design,current-us-like,baseline,scd__baseline,Supreme Court Simulator Design: Baseline,1.000,scd__current-us-like,Supreme Court Simulator Design: Stylized current U.S.-like supreme court,0.592,0.659,0.636,0.568,0.701,0.458,0.034,0.230,0.409,0.028
Supreme Court Simulator Design,term-limited-balanced,baseline,scd__baseline,Supreme Court Simulator Design: Baseline,1.000,scd__term-limited-balanced,Supreme Court Simulator Design: 18-year staggered terms + regular appointments,0.607,0.668,0.637,0.583,0.741,0.568,0.036,0.079,0.383,0.039
Supreme Court Simulator Design,nonpartisan-commission,baseline,scd__baseline,Supreme Court Simulator Design: Baseline,1.000,scd__nonpartisan-commission,Supreme Court Simulator Design: Nonpartisan commission appointments,0.604,0.664,0.636,0.583,0.745,0.575,0.022,0.074,0.380,0.039
Supreme Court Simulator Design,expanded-court-fifteen,baseline,scd__baseline,Supreme Court Simulator Design: Baseline,1.000,scd__expanded-court-fifteen,Supreme Court Simulator Design: Expanded 15-seat court,0.602,0.666,0.635,0.581,0.745,0.578,0.024,0.074,0.379,0.037
Supreme Court Simulator Design,supermajority-review,baseline,scd__baseline,Supreme Court Simulator Design: Baseline,1.000,scd__supermajority-review,Supreme Court Simulator Design: 60 percent invalidation threshold,0.608,0.671,0.627,0.577,0.740,0.557,0.035,0.067,0.378,0.031
Supreme Court Simulator Design,recusal-and-emergency-reform,baseline,scd__baseline,Supreme Court Simulator Design: Baseline,1.000,scd__recusal-and-emergency-reform,Supreme Court Simulator Design: Peer recusal + reasoned emergency docket,0.604,0.665,0.636,0.583,0.745,0.577,0.034,0.074,0.379,0.039
Supreme Court Simulator Design,panel-en-banc,baseline,scd__baseline,Supreme Court Simulator Design: Baseline,1.000,scd__panel-en-banc,Supreme Court Simulator Design: Three-judge panels with en banc correction,0.603,0.663,0.637,0.584,0.748,0.618,0.038,0.076,0.380,0.042
Supreme Court Simulator Design,cross-checking-courts,baseline,scd__baseline,Supreme Court Simulator Design: Baseline,1.000,scd__cross-checking-courts,Supreme Court Simulator Design: Supreme court with cross-checking constitutional court,0.589,0.667,0.619,0.572,0.745,0.579,0.015,0.068,0.402,0.028
Supreme Court Simulator Design,dual-supreme-courts,baseline,scd__baseline,Supreme Court Simulator Design: Baseline,1.000,scd__dual-supreme-courts,Supreme Court Simulator Design: Dual supreme courts with disagreement filter,0.578,0.644,0.635,0.581,0.742,0.580,0.015,0.067,0.410,0.039
Supreme Court Simulator Design,comparative-constitutional-senates,baseline,scd__baseline,Supreme Court Simulator Design: Baseline,1.000,scd__comparative-constitutional-senates,Supreme Court Simulator Design: Comparative 16-seat constitutional senates,0.600,0.677,0.628,0.574,0.748,0.605,0.020,0.065,0.374,0.025
Supreme Court Simulator Design,constitutional-council,baseline,scd__baseline,Supreme Court Simulator Design: Baseline,1.000,scd__constitutional-council,Supreme Court Simulator Design: Pre-enactment constitutional council,0.599,0.672,0.634,0.600,0.757,0.629,0.028,0.074,0.389,0.035
Supreme Court Simulator Design,legislative-override,baseline,scd__baseline,Supreme Court Simulator Design: Baseline,1.000,scd__legislative-override,Supreme Court Simulator Design: Judicial review with legislative supermajority override,0.600,0.657,0.638,0.588,0.744,0.574,0.015,0.074,0.397,0.040
Supreme Court Simulator Design,accountability-retention-court,baseline,scd__baseline,Supreme Court Simulator Design: Baseline,1.000,scd__accountability-retention-court,Supreme Court Simulator Design: Retention-election accountability court,0.602,0.665,0.632,0.592,0.744,0.577,0.022,0.078,0.396,0.038
Supreme Court Simulator Design,emergency-restraint-court,baseline,scd__baseline,Supreme Court Simulator Design: Baseline,1.000,scd__emergency-restraint-court,Supreme Court Simulator Design: No emergency relief without merits review,0.610,0.663,0.646,0.591,0.761,0.624,0.023,0.011,0.380,0.042
Supreme Court Simulator Design,randomized-merits-panels,baseline,scd__baseline,Supreme Court Simulator Design: Baseline,1.000,scd__randomized-merits-panels,Supreme Court Simulator Design: Randomized merits panels with en banc correction,0.601,0.663,0.638,0.585,0.747,0.619,0.036,0.076,0.383,0.040
Supreme Court Simulator Design,mandatory-written-emergency-reasoning,baseline,scd__baseline,Supreme Court Simulator Design: Baseline,1.000,scd__mandatory-written-emergency-reasoning,Supreme Court Simulator Design: Mandatory written emergency reasoning,0.605,0.668,0.637,0.583,0.745,0.576,0.036,0.048,0.383,0.036
Supreme Court Simulator Design,automatic-merits-follow-up,baseline,scd__baseline,Supreme Court Simulator Design: Baseline,1.000,scd__automatic-merits-follow-up,Supreme Court Simulator Design: Automatic merits follow-up for emergency relief,0.606,0.658,0.645,0.590,0.756,0.609,0.034,0.017,0.380,0.049
Supreme Court Simulator Design,strong-recusal-enforcement,baseline,scd__baseline,Supreme Court Simulator Design: Baseline,1.000,scd__strong-recusal-enforcement,Supreme Court Simulator Design: Independent recusal enforcement with substitutes,0.602,0.663,0.637,0.585,0.747,0.586,0.023,0.074,0.382,0.039
Supreme Court Simulator Design,jurisdiction-stripping-constraints,baseline,scd__baseline,Supreme Court Simulator Design: Baseline,1.000,scd__jurisdiction-stripping-constraints,Supreme Court Simulator Design: Jurisdiction stripping constrained by rights carveouts,0.607,0.663,0.637,0.585,0.751,0.574,0.014,0.073,0.386,0.039
Supreme Court Simulator Design,legislative-override-window,baseline,scd__baseline,Supreme Court Simulator Design: Baseline,1.000,scd__legislative-override-window,Supreme Court Simulator Design: Time-limited legislative override window,0.602,0.662,0.637,0.587,0.745,0.574,0.015,0.075,0.393,0.038
Supreme Court Simulator Design,constitutional-remand,baseline,scd__baseline,Supreme Court Simulator Design: Baseline,1.000,scd__constitutional-remand,Supreme Court Simulator Design: Constitutional remand before invalidation,0.605,0.688,0.634,0.597,0.756,0.604,0.024,0.074,0.378,0.022
Supreme Court Simulator Design,public-interest-litigation-filter,baseline,scd__baseline,Supreme Court Simulator Design: Baseline,1.000,scd__public-interest-litigation-filter,Supreme Court Simulator Design: Public-interest litigation filter,0.606,0.667,0.643,0.583,0.747,0.578,0.025,0.076,0.379,0.035
Supreme Court Simulator Design,emergency-integrity-package,baseline,scd__baseline,Supreme Court Simulator Design: Baseline,1.000,scd__emergency-integrity-package,Supreme Court Simulator Design: Emergency integrity package,0.604,0.664,0.642,0.589,0.758,0.627,0.023,0.018,0.381,0.043
Supreme Court Simulator Design,remand-override-window-package,baseline,scd__baseline,Supreme Court Simulator Design: Baseline,1.000,scd__remand-override-window-package,Supreme Court Simulator Design: Constitutional remand with override window,0.601,0.690,0.632,0.598,0.757,0.611,0.024,0.048,0.380,0.026
Supreme Court Simulator Design,panel-jurisdiction-safeguards,baseline,scd__baseline,Supreme Court Simulator Design: Baseline,1.000,scd__panel-jurisdiction-safeguards,Supreme Court Simulator Design: Random panels with jurisdiction safeguards,0.600,0.668,0.628,0.583,0.750,0.615,0.037,0.068,0.387,0.034
Supreme Court Simulator Design,council-concrete-hybrid,baseline,scd__baseline,Supreme Court Simulator Design: Baseline,1.000,scd__council-concrete-hybrid,Supreme Court Simulator Design: Constitutional council with concrete-review backstop,0.598,0.675,0.635,0.595,0.758,0.629,0.019,0.073,0.387,0.031
Supreme Court Simulator Design,current-us-like,partisan-appointment-pressure,scd__partisan-appointment-pressure,Supreme Court Simulator Design: Partisan Appointment Pressure,1.000,scd__current-us-like,Supreme Court Simulator Design: Stylized current U.S.-like supreme court,0.591,0.660,0.635,0.575,0.700,0.462,0.040,0.234,0.413,0.024
Supreme Court Simulator Design,term-limited-balanced,partisan-appointment-pressure,scd__partisan-appointment-pressure,Supreme Court Simulator Design: Partisan Appointment Pressure,1.000,scd__term-limited-balanced,Supreme Court Simulator Design: 18-year staggered terms + regular appointments,0.605,0.663,0.632,0.583,0.743,0.573,0.036,0.072,0.379,0.035
Supreme Court Simulator Design,nonpartisan-commission,partisan-appointment-pressure,scd__partisan-appointment-pressure,Supreme Court Simulator Design: Partisan Appointment Pressure,1.000,scd__nonpartisan-commission,Supreme Court Simulator Design: Nonpartisan commission appointments,0.603,0.665,0.634,0.586,0.745,0.579,0.031,0.074,0.381,0.035
Supreme Court Simulator Design,expanded-court-fifteen,partisan-appointment-pressure,scd__partisan-appointment-pressure,Supreme Court Simulator Design: Partisan Appointment Pressure,1.000,scd__expanded-court-fifteen,Supreme Court Simulator Design: Expanded 15-seat court,0.599,0.664,0.634,0.584,0.743,0.582,0.023,0.077,0.382,0.035
Supreme Court Simulator Design,supermajority-review,partisan-appointment-pressure,scd__partisan-appointment-pressure,Supreme Court Simulator Design: Partisan Appointment Pressure,1.000,scd__supermajority-review,Supreme Court Simulator Design: 60 percent invalidation threshold,0.606,0.669,0.626,0.578,0.739,0.562,0.037,0.066,0.380,0.030
Supreme Court Simulator Design,recusal-and-emergency-reform,partisan-appointment-pressure,scd__partisan-appointment-pressure,Supreme Court Simulator Design: Partisan Appointment Pressure,1.000,scd__recusal-and-emergency-reform,Supreme Court Simulator Design: Peer recusal + reasoned emergency docket,0.602,0.666,0.630,0.581,0.743,0.577,0.040,0.073,0.377,0.032
Supreme Court Simulator Design,panel-en-banc,partisan-appointment-pressure,scd__partisan-appointment-pressure,Supreme Court Simulator Design: Partisan Appointment Pressure,1.000,scd__panel-en-banc,Supreme Court Simulator Design: Three-judge panels with en banc correction,0.603,0.668,0.633,0.583,0.748,0.615,0.045,0.073,0.377,0.031
Supreme Court Simulator Design,cross-checking-courts,partisan-appointment-pressure,scd__partisan-appointment-pressure,Supreme Court Simulator Design: Partisan Appointment Pressure,1.000,scd__cross-checking-courts,Supreme Court Simulator Design: Supreme court with cross-checking constitutional court,0.588,0.669,0.615,0.571,0.745,0.584,0.020,0.065,0.398,0.019
Supreme Court Simulator Design,dual-supreme-courts,partisan-appointment-pressure,scd__partisan-appointment-pressure,Supreme Court Simulator Design: Partisan Appointment Pressure,1.000,scd__dual-supreme-courts,Supreme Court Simulator Design: Dual supreme courts with disagreement filter,0.575,0.641,0.632,0.582,0.742,0.588,0.017,0.066,0.410,0.037
Supreme Court Simulator Design,comparative-constitutional-senates,partisan-appointment-pressure,scd__partisan-appointment-pressure,Supreme Court Simulator Design: Partisan Appointment Pressure,1.000,scd__comparative-constitutional-senates,Supreme Court Simulator Design: Comparative 16-seat constitutional senates,0.596,0.676,0.625,0.577,0.746,0.610,0.026,0.066,0.380,0.026
Supreme Court Simulator Design,constitutional-council,partisan-appointment-pressure,scd__partisan-appointment-pressure,Supreme Court Simulator Design: Partisan Appointment Pressure,1.000,scd__constitutional-council,Supreme Court Simulator Design: Pre-enactment constitutional council,0.596,0.667,0.638,0.603,0.755,0.636,0.038,0.074,0.395,0.032
Supreme Court Simulator Design,legislative-override,partisan-appointment-pressure,scd__partisan-appointment-pressure,Supreme Court Simulator Design: Partisan Appointment Pressure,1.000,scd__legislative-override,Supreme Court Simulator Design: Judicial review with legislative supermajority override,0.601,0.662,0.635,0.587,0.746,0.579,0.019,0.072,0.394,0.035
Supreme Court Simulator Design,accountability-retention-court,partisan-appointment-pressure,scd__partisan-appointment-pressure,Supreme Court Simulator Design: Partisan Appointment Pressure,1.000,scd__accountability-retention-court,Supreme Court Simulator Design: Retention-election accountability court,0.602,0.665,0.630,0.592,0.745,0.578,0.032,0.073,0.391,0.034
Supreme Court Simulator Design,emergency-restraint-court,partisan-appointment-pressure,scd__partisan-appointment-pressure,Supreme Court Simulator Design: Partisan Appointment Pressure,1.000,scd__emergency-restraint-court,Supreme Court Simulator Design: No emergency relief without merits review,0.608,0.663,0.640,0.589,0.758,0.625,0.033,0.011,0.378,0.039
Supreme Court Simulator Design,randomized-merits-panels,partisan-appointment-pressure,scd__partisan-appointment-pressure,Supreme Court Simulator Design: Partisan Appointment Pressure,1.000,scd__randomized-merits-panels,Supreme Court Simulator Design: Randomized merits panels with en banc correction,0.601,0.665,0.635,0.584,0.748,0.621,0.044,0.072,0.379,0.033
Supreme Court Simulator Design,mandatory-written-emergency-reasoning,partisan-appointment-pressure,scd__partisan-appointment-pressure,Supreme Court Simulator Design: Partisan Appointment Pressure,1.000,scd__mandatory-written-emergency-reasoning,Supreme Court Simulator Design: Mandatory written emergency reasoning,0.603,0.668,0.634,0.585,0.745,0.580,0.037,0.046,0.383,0.035
Supreme Court Simulator Design,automatic-merits-follow-up,partisan-appointment-pressure,scd__partisan-appointment-pressure,Supreme Court Simulator Design: Partisan Appointment Pressure,1.000,scd__automatic-merits-follow-up,Supreme Court Simulator Design: Automatic merits follow-up for emergency relief,0.604,0.658,0.638,0.588,0.756,0.606,0.036,0.017,0.376,0.042
Supreme Court Simulator Design,strong-recusal-enforcement,partisan-appointment-pressure,scd__partisan-appointment-pressure,Supreme Court Simulator Design: Partisan Appointment Pressure,1.000,scd__strong-recusal-enforcement,Supreme Court Simulator Design: Independent recusal enforcement with substitutes,0.600,0.665,0.634,0.583,0.746,0.592,0.028,0.072,0.380,0.034
Supreme Court Simulator Design,jurisdiction-stripping-constraints,partisan-appointment-pressure,scd__partisan-appointment-pressure,Supreme Court Simulator Design: Partisan Appointment Pressure,1.000,scd__jurisdiction-stripping-constraints,Supreme Court Simulator Design: Jurisdiction stripping constrained by rights carveouts,0.605,0.662,0.637,0.590,0.751,0.580,0.018,0.074,0.389,0.033
Supreme Court Simulator Design,legislative-override-window,partisan-appointment-pressure,scd__partisan-appointment-pressure,Supreme Court Simulator Design: Partisan Appointment Pressure,1.000,scd__legislative-override-window,Supreme Court Simulator Design: Time-limited legislative override window,0.600,0.664,0.636,0.587,0.743,0.575,0.018,0.076,0.396,0.030
Supreme Court Simulator Design,constitutional-remand,partisan-appointment-pressure,scd__partisan-appointment-pressure,Supreme Court Simulator Design: Partisan Appointment Pressure,1.000,scd__constitutional-remand,Supreme Court Simulator Design: Constitutional remand before invalidation,0.604,0.688,0.629,0.597,0.756,0.605,0.029,0.074,0.376,0.024
Supreme Court Simulator Design,public-interest-litigation-filter,partisan-appointment-pressure,scd__partisan-appointment-pressure,Supreme Court Simulator Design: Partisan Appointment Pressure,1.000,scd__public-interest-litigation-filter,Supreme Court Simulator Design: Public-interest litigation filter,0.603,0.666,0.638,0.586,0.746,0.585,0.032,0.073,0.380,0.033
Supreme Court Simulator Design,emergency-integrity-package,partisan-appointment-pressure,scd__partisan-appointment-pressure,Supreme Court Simulator Design: Partisan Appointment Pressure,1.000,scd__emergency-integrity-package,Supreme Court Simulator Design: Emergency integrity package,0.602,0.661,0.640,0.589,0.758,0.627,0.028,0.017,0.378,0.038
Supreme Court Simulator Design,remand-override-window-package,partisan-appointment-pressure,scd__partisan-appointment-pressure,Supreme Court Simulator Design: Partisan Appointment Pressure,1.000,scd__remand-override-window-package,Supreme Court Simulator Design: Constitutional remand with override window,0.600,0.690,0.628,0.598,0.756,0.611,0.030,0.046,0.379,0.025
Supreme Court Simulator Design,panel-jurisdiction-safeguards,partisan-appointment-pressure,scd__partisan-appointment-pressure,Supreme Court Simulator Design: Partisan Appointment Pressure,1.000,scd__panel-jurisdiction-safeguards,Supreme Court Simulator Design: Random panels with jurisdiction safeguards,0.598,0.664,0.631,0.586,0.749,0.619,0.045,0.065,0.390,0.033
Supreme Court Simulator Design,council-concrete-hybrid,partisan-appointment-pressure,scd__partisan-appointment-pressure,Supreme Court Simulator Design: Partisan Appointment Pressure,1.000,scd__council-concrete-hybrid,Supreme Court Simulator Design: Constitutional council with concrete-review backstop,0.597,0.677,0.633,0.598,0.757,0.636,0.023,0.074,0.387,0.028
Supreme Court Simulator Design,current-us-like,rights-risk-legislation,scd__rights-risk-legislation,Supreme Court Simulator Design: Rights-Risk Legislation,1.000,scd__current-us-like,Supreme Court Simulator Design: Stylized current U.S.-like supreme court,0.534,0.522,0.593,0.588,0.643,0.442,0.052,0.289,0.545,0.093
Supreme Court Simulator Design,term-limited-balanced,rights-risk-legislation,scd__rights-risk-legislation,Supreme Court Simulator Design: Rights-Risk Legislation,1.000,scd__term-limited-balanced,Supreme Court Simulator Design: 18-year staggered terms + regular appointments,0.543,0.514,0.585,0.617,0.695,0.571,0.044,0.095,0.506,0.133
Supreme Court Simulator Design,nonpartisan-commission,rights-risk-legislation,scd__rights-risk-legislation,Supreme Court Simulator Design: Rights-Risk Legislation,1.000,scd__nonpartisan-commission,Supreme Court Simulator Design: Nonpartisan commission appointments,0.540,0.512,0.589,0.618,0.698,0.577,0.033,0.096,0.507,0.134
Supreme Court Simulator Design,expanded-court-fifteen,rights-risk-legislation,scd__rights-risk-legislation,Supreme Court Simulator Design: Rights-Risk Legislation,1.000,scd__expanded-court-fifteen,Supreme Court Simulator Design: Expanded 15-seat court,0.536,0.513,0.586,0.618,0.697,0.580,0.029,0.098,0.508,0.131
Supreme Court Simulator Design,supermajority-review,rights-risk-legislation,scd__rights-risk-legislation,Supreme Court Simulator Design: Rights-Risk Legislation,1.000,scd__supermajority-review,Supreme Court Simulator Design: 60 percent invalidation threshold,0.547,0.533,0.575,0.607,0.690,0.555,0.051,0.089,0.505,0.120
Supreme Court Simulator Design,recusal-and-emergency-reform,rights-risk-legislation,scd__rights-risk-legislation,Supreme Court Simulator Design: Rights-Risk Legislation,1.000,scd__recusal-and-emergency-reform,Supreme Court Simulator Design: Peer recusal + reasoned emergency docket,0.539,0.513,0.588,0.617,0.696,0.577,0.049,0.095,0.506,0.138
Supreme Court Simulator Design,panel-en-banc,rights-risk-legislation,scd__rights-risk-legislation,Supreme Court Simulator Design: Rights-Risk Legislation,1.000,scd__panel-en-banc,Supreme Court Simulator Design: Three-judge panels with en banc correction,0.536,0.509,0.592,0.621,0.699,0.624,0.049,0.097,0.512,0.134
Supreme Court Simulator Design,cross-checking-courts,rights-risk-legislation,scd__rights-risk-legislation,Supreme Court Simulator Design: Rights-Risk Legislation,1.000,scd__cross-checking-courts,Supreme Court Simulator Design: Supreme court with cross-checking constitutional court,0.532,0.559,0.547,0.586,0.693,0.582,0.021,0.090,0.526,0.080
Supreme Court Simulator Design,dual-supreme-courts,rights-risk-legislation,scd__rights-risk-legislation,Supreme Court Simulator Design: Rights-Risk Legislation,1.000,scd__dual-supreme-courts,Supreme Court Simulator Design: Dual supreme courts with disagreement filter,0.511,0.488,0.583,0.619,0.695,0.582,0.020,0.092,0.540,0.142
Supreme Court Simulator Design,comparative-constitutional-senates,rights-risk-legislation,scd__rights-risk-legislation,Supreme Court Simulator Design: Rights-Risk Legislation,1.000,scd__comparative-constitutional-senates,Supreme Court Simulator Design: Comparative 16-seat constitutional senates,0.539,0.540,0.576,0.605,0.697,0.609,0.027,0.089,0.503,0.115
Supreme Court Simulator Design,constitutional-council,rights-risk-legislation,scd__rights-risk-legislation,Supreme Court Simulator Design: Rights-Risk Legislation,1.000,scd__constitutional-council,Supreme Court Simulator Design: Pre-enactment constitutional council,0.526,0.511,0.593,0.654,0.709,0.649,0.039,0.097,0.545,0.133
Supreme Court Simulator Design,legislative-override,rights-risk-legislation,scd__rights-risk-legislation,Supreme Court Simulator Design: Rights-Risk Legislation,1.000,scd__legislative-override,Supreme Court Simulator Design: Judicial review with legislative supermajority override,0.530,0.500,0.593,0.633,0.695,0.579,0.020,0.097,0.548,0.138
Supreme Court Simulator Design,accountability-retention-court,rights-risk-legislation,scd__rights-risk-legislation,Supreme Court Simulator Design: Rights-Risk Legislation,1.000,scd__accountability-retention-court,Supreme Court Simulator Design: Retention-election accountability court,0.536,0.511,0.574,0.643,0.697,0.579,0.029,0.098,0.538,0.130
Supreme Court Simulator Design,emergency-restraint-court,rights-risk-legislation,scd__rights-risk-legislation,Supreme Court Simulator Design: Rights-Risk Legislation,1.000,scd__emergency-restraint-court,Supreme Court Simulator Design: No emergency relief without merits review,0.542,0.489,0.603,0.637,0.717,0.638,0.034,0.018,0.511,0.158
Supreme Court Simulator Design,randomized-merits-panels,rights-risk-legislation,scd__rights-risk-legislation,Supreme Court Simulator Design: Rights-Risk Legislation,1.000,scd__randomized-merits-panels,Supreme Court Simulator Design: Randomized merits panels with en banc correction,0.538,0.516,0.586,0.616,0.701,0.617,0.047,0.093,0.502,0.132
Supreme Court Simulator Design,mandatory-written-emergency-reasoning,rights-risk-legislation,scd__rights-risk-legislation,Supreme Court Simulator Design: Rights-Risk Legislation,1.000,scd__mandatory-written-emergency-reasoning,Supreme Court Simulator Design: Mandatory written emergency reasoning,0.538,0.516,0.583,0.616,0.695,0.572,0.048,0.067,0.509,0.132
Supreme Court Simulator Design,automatic-merits-follow-up,rights-risk-legislation,scd__rights-risk-legislation,Supreme Court Simulator Design: Rights-Risk Legislation,1.000,scd__automatic-merits-follow-up,Supreme Court Simulator Design: Automatic merits follow-up for emergency relief,0.538,0.486,0.601,0.635,0.713,0.621,0.049,0.025,0.510,0.160
Supreme Court Simulator Design,strong-recusal-enforcement,rights-risk-legislation,scd__rights-risk-legislation,Supreme Court Simulator Design: Rights-Risk Legislation,1.000,scd__strong-recusal-enforcement,Supreme Court Simulator Design: Independent recusal enforcement with substitutes,0.536,0.510,0.588,0.618,0.699,0.592,0.031,0.095,0.507,0.135
Supreme Court Simulator Design,jurisdiction-stripping-constraints,rights-risk-legislation,scd__rights-risk-legislation,Supreme Court Simulator Design: Rights-Risk Legislation,1.000,scd__jurisdiction-stripping-constraints,Supreme Court Simulator Design: Jurisdiction stripping constrained by rights carveouts,0.536,0.498,0.591,0.631,0.701,0.583,0.020,0.094,0.535,0.140
Supreme Court Simulator Design,legislative-override-window,rights-risk-legislation,scd__rights-risk-legislation,Supreme Court Simulator Design: Rights-Risk Legislation,1.000,scd__legislative-override-window,Supreme Court Simulator Design: Time-limited legislative override window,0.532,0.502,0.591,0.634,0.696,0.580,0.020,0.095,0.546,0.132
Supreme Court Simulator Design,constitutional-remand,rights-risk-legislation,scd__rights-risk-legislation,Supreme Court Simulator Design: Rights-Risk Legislation,1.000,scd__constitutional-remand,Supreme Court Simulator Design: Constitutional remand before invalidation,0.549,0.566,0.589,0.642,0.708,0.619,0.036,0.099,0.517,0.097
Supreme Court Simulator Design,public-interest-litigation-filter,rights-risk-legislation,scd__rights-risk-legislation,Supreme Court Simulator Design: Rights-Risk Legislation,1.000,scd__public-interest-litigation-filter,Supreme Court Simulator Design: Public-interest litigation filter,0.539,0.511,0.596,0.622,0.698,0.588,0.034,0.096,0.510,0.135
Supreme Court Simulator Design,emergency-integrity-package,rights-risk-legislation,scd__rights-risk-legislation,Supreme Court Simulator Design: Rights-Risk Legislation,1.000,scd__emergency-integrity-package,Supreme Court Simulator Design: Emergency integrity package,0.537,0.489,0.605,0.637,0.719,0.642,0.030,0.026,0.508,0.158
Supreme Court Simulator Design,remand-override-window-package,rights-risk-legislation,scd__rights-risk-legislation,Supreme Court Simulator Design: Rights-Risk Legislation,1.000,scd__remand-override-window-package,Supreme Court Simulator Design: Constitutional remand with override window,0.548,0.576,0.582,0.634,0.709,0.615,0.032,0.070,0.512,0.099
Supreme Court Simulator Design,panel-jurisdiction-safeguards,rights-risk-legislation,scd__rights-risk-legislation,Supreme Court Simulator Design: Rights-Risk Legislation,1.000,scd__panel-jurisdiction-safeguards,Supreme Court Simulator Design: Random panels with jurisdiction safeguards,0.535,0.529,0.573,0.615,0.697,0.612,0.046,0.092,0.524,0.121
Supreme Court Simulator Design,council-concrete-hybrid,rights-risk-legislation,scd__rights-risk-legislation,Supreme Court Simulator Design: Rights-Risk Legislation,1.000,scd__council-concrete-hybrid,Supreme Court Simulator Design: Constitutional council with concrete-review backstop,0.527,0.518,0.592,0.650,0.711,0.649,0.025,0.096,0.543,0.128
Supreme Court Simulator Design,current-us-like,shadow-docket-stress,scd__shadow-docket-stress,Supreme Court Simulator Design: Shadow-Docket Stress,1.000,scd__current-us-like,Supreme Court Simulator Design: Stylized current U.S.-like supreme court,0.526,0.570,0.662,0.592,0.606,0.403,0.063,0.417,0.602,0.059
Supreme Court Simulator Design,term-limited-balanced,shadow-docket-stress,scd__shadow-docket-stress,Supreme Court Simulator Design: Shadow-Docket Stress,1.000,scd__term-limited-balanced,Supreme Court Simulator Design: 18-year staggered terms + regular appointments,0.546,0.594,0.632,0.606,0.675,0.579,0.061,0.152,0.532,0.097
Supreme Court Simulator Design,nonpartisan-commission,shadow-docket-stress,scd__shadow-docket-stress,Supreme Court Simulator Design: Shadow-Docket Stress,1.000,scd__nonpartisan-commission,Supreme Court Simulator Design: Nonpartisan commission appointments,0.542,0.590,0.633,0.610,0.679,0.592,0.038,0.152,0.536,0.101
Supreme Court Simulator Design,expanded-court-fifteen,shadow-docket-stress,scd__shadow-docket-stress,Supreme Court Simulator Design: Shadow-Docket Stress,1.000,scd__expanded-court-fifteen,Supreme Court Simulator Design: Expanded 15-seat court,0.540,0.592,0.633,0.608,0.678,0.595,0.037,0.153,0.536,0.097
Supreme Court Simulator Design,supermajority-review,shadow-docket-stress,scd__shadow-docket-stress,Supreme Court Simulator Design: Shadow-Docket Stress,1.000,scd__supermajority-review,Supreme Court Simulator Design: 60 percent invalidation threshold,0.548,0.609,0.621,0.598,0.669,0.565,0.056,0.142,0.537,0.076
Supreme Court Simulator Design,recusal-and-emergency-reform,shadow-docket-stress,scd__shadow-docket-stress,Supreme Court Simulator Design: Shadow-Docket Stress,1.000,scd__recusal-and-emergency-reform,Supreme Court Simulator Design: Peer recusal + reasoned emergency docket,0.540,0.590,0.629,0.607,0.674,0.586,0.066,0.153,0.533,0.101
Supreme Court Simulator Design,panel-en-banc,shadow-docket-stress,scd__shadow-docket-stress,Supreme Court Simulator Design: Shadow-Docket Stress,1.000,scd__panel-en-banc,Supreme Court Simulator Design: Three-judge panels with en banc correction,0.540,0.589,0.633,0.611,0.681,0.632,0.061,0.155,0.536,0.099
Supreme Court Simulator Design,cross-checking-courts,shadow-docket-stress,scd__shadow-docket-stress,Supreme Court Simulator Design: Shadow-Docket Stress,1.000,scd__cross-checking-courts,Supreme Court Simulator Design: Supreme court with cross-checking constitutional court,0.527,0.608,0.604,0.588,0.676,0.589,0.023,0.140,0.560,0.052
Supreme Court Simulator Design,dual-supreme-courts,shadow-docket-stress,scd__shadow-docket-stress,Supreme Court Simulator Design: Shadow-Docket Stress,1.000,scd__dual-supreme-courts,Supreme Court Simulator Design: Dual supreme courts with disagreement filter,0.507,0.559,0.631,0.606,0.672,0.589,0.024,0.143,0.571,0.101
Supreme Court Simulator Design,comparative-constitutional-senates,shadow-docket-stress,scd__shadow-docket-stress,Supreme Court Simulator Design: Shadow-Docket Stress,1.000,scd__comparative-constitutional-senates,Supreme Court Simulator Design: Comparative 16-seat constitutional senates,0.538,0.612,0.624,0.597,0.678,0.619,0.032,0.142,0.535,0.071
Supreme Court Simulator Design,constitutional-council,shadow-docket-stress,scd__shadow-docket-stress,Supreme Court Simulator Design: Shadow-Docket Stress,1.000,scd__constitutional-council,Supreme Court Simulator Design: Pre-enactment constitutional council,0.538,0.604,0.632,0.633,0.695,0.654,0.045,0.149,0.544,0.087
Supreme Court Simulator Design,legislative-override,shadow-docket-stress,scd__shadow-docket-stress,Supreme Court Simulator Design: Shadow-Docket Stress,1.000,scd__legislative-override,Supreme Court Simulator Design: Judicial review with legislative supermajority override,0.538,0.583,0.635,0.618,0.680,0.593,0.022,0.153,0.555,0.105
Supreme Court Simulator Design,accountability-retention-court,shadow-docket-stress,scd__shadow-docket-stress,Supreme Court Simulator Design: Shadow-Docket Stress,1.000,scd__accountability-retention-court,Supreme Court Simulator Design: Retention-election accountability court,0.542,0.596,0.624,0.621,0.678,0.590,0.041,0.154,0.549,0.089
Supreme Court Simulator Design,emergency-restraint-court,shadow-docket-stress,scd__shadow-docket-stress,Supreme Court Simulator Design: Shadow-Docket Stress,1.000,scd__emergency-restraint-court,Supreme Court Simulator Design: No emergency relief without merits review,0.547,0.563,0.649,0.624,0.709,0.676,0.041,0.037,0.525,0.137
Supreme Court Simulator Design,randomized-merits-panels,shadow-docket-stress,scd__shadow-docket-stress,Supreme Court Simulator Design: Shadow-Docket Stress,1.000,scd__randomized-merits-panels,Supreme Court Simulator Design: Randomized merits panels with en banc correction,0.540,0.594,0.632,0.608,0.681,0.632,0.056,0.153,0.533,0.096
Supreme Court Simulator Design,mandatory-written-emergency-reasoning,shadow-docket-stress,scd__shadow-docket-stress,Supreme Court Simulator Design: Shadow-Docket Stress,1.000,scd__mandatory-written-emergency-reasoning,Supreme Court Simulator Design: Mandatory written emergency reasoning,0.542,0.602,0.625,0.603,0.674,0.581,0.058,0.114,0.537,0.091
Supreme Court Simulator Design,automatic-merits-follow-up,shadow-docket-stress,scd__shadow-docket-stress,Supreme Court Simulator Design: Shadow-Docket Stress,1.000,scd__automatic-merits-follow-up,Supreme Court Simulator Design: Automatic merits follow-up for emergency relief,0.535,0.545,0.651,0.629,0.700,0.658,0.062,0.048,0.536,0.151
Supreme Court Simulator Design,strong-recusal-enforcement,shadow-docket-stress,scd__shadow-docket-stress,Supreme Court Simulator Design: Shadow-Docket Stress,1.000,scd__strong-recusal-enforcement,Supreme Court Simulator Design: Independent recusal enforcement with substitutes,0.538,0.588,0.634,0.610,0.679,0.606,0.035,0.156,0.538,0.100
Supreme Court Simulator Design,jurisdiction-stripping-constraints,shadow-docket-stress,scd__shadow-docket-stress,Supreme Court Simulator Design: Shadow-Docket Stress,1.000,scd__jurisdiction-stripping-constraints,Supreme Court Simulator Design: Jurisdiction stripping constrained by rights carveouts,0.544,0.589,0.632,0.614,0.685,0.589,0.022,0.154,0.545,0.097
Supreme Court Simulator Design,legislative-override-window,shadow-docket-stress,scd__shadow-docket-stress,Supreme Court Simulator Design: Shadow-Docket Stress,1.000,scd__legislative-override-window,Supreme Court Simulator Design: Time-limited legislative override window,0.539,0.587,0.632,0.616,0.681,0.591,0.021,0.152,0.551,0.097
Supreme Court Simulator Design,constitutional-remand,shadow-docket-stress,scd__shadow-docket-stress,Supreme Court Simulator Design: Shadow-Docket Stress,1.000,scd__constitutional-remand,Supreme Court Simulator Design: Constitutional remand before invalidation,0.543,0.620,0.629,0.634,0.692,0.631,0.039,0.154,0.537,0.071
Supreme Court Simulator Design,public-interest-litigation-filter,shadow-docket-stress,scd__shadow-docket-stress,Supreme Court Simulator Design: Shadow-Docket Stress,1.000,scd__public-interest-litigation-filter,Supreme Court Simulator Design: Public-interest litigation filter,0.544,0.596,0.636,0.608,0.680,0.595,0.040,0.152,0.532,0.092
Supreme Court Simulator Design,emergency-integrity-package,shadow-docket-stress,scd__shadow-docket-stress,Supreme Court Simulator Design: Shadow-Docket Stress,1.000,scd__emergency-integrity-package,Supreme Court Simulator Design: Emergency integrity package,0.537,0.555,0.651,0.627,0.707,0.681,0.037,0.047,0.531,0.138
Supreme Court Simulator Design,remand-override-window-package,shadow-docket-stress,scd__shadow-docket-stress,Supreme Court Simulator Design: Shadow-Docket Stress,1.000,scd__remand-override-window-package,Supreme Court Simulator Design: Constitutional remand with override window,0.540,0.630,0.622,0.625,0.690,0.625,0.039,0.115,0.534,0.066
Supreme Court Simulator Design,panel-jurisdiction-safeguards,shadow-docket-stress,scd__shadow-docket-stress,Supreme Court Simulator Design: Shadow-Docket Stress,1.000,scd__panel-jurisdiction-safeguards,Supreme Court Simulator Design: Random panels with jurisdiction safeguards,0.537,0.601,0.622,0.604,0.678,0.622,0.062,0.144,0.546,0.081
Supreme Court Simulator Design,council-concrete-hybrid,shadow-docket-stress,scd__shadow-docket-stress,Supreme Court Simulator Design: Shadow-Docket Stress,1.000,scd__council-concrete-hybrid,Supreme Court Simulator Design: Constitutional council with concrete-review backstop,0.539,0.611,0.633,0.629,0.697,0.662,0.031,0.145,0.540,0.081
Supreme Court Simulator Design,current-us-like,high-democratic-mandate,scd__high-democratic-mandate,Supreme Court Simulator Design: High Democratic Mandate,1.000,scd__current-us-like,Supreme Court Simulator Design: Stylized current U.S.-like supreme court,0.611,0.688,0.632,0.574,0.727,0.477,0.027,0.204,0.370,0.017
Supreme Court Simulator Design,term-limited-balanced,high-democratic-mandate,scd__high-democratic-mandate,Supreme Court Simulator Design: High Democratic Mandate,1.000,scd__term-limited-balanced,Supreme Court Simulator Design: 18-year staggered terms + regular appointments,0.626,0.694,0.634,0.579,0.764,0.572,0.027,0.061,0.346,0.025
Supreme Court Simulator Design,nonpartisan-commission,high-democratic-mandate,scd__high-democratic-mandate,Supreme Court Simulator Design: High Democratic Mandate,1.000,scd__nonpartisan-commission,Supreme Court Simulator Design: Nonpartisan commission appointments,0.625,0.694,0.642,0.585,0.767,0.585,0.019,0.064,0.351,0.022
Supreme Court Simulator Design,expanded-court-fifteen,high-democratic-mandate,scd__high-democratic-mandate,Supreme Court Simulator Design: High Democratic Mandate,1.000,scd__expanded-court-fifteen,Supreme Court Simulator Design: Expanded 15-seat court,0.620,0.693,0.639,0.582,0.766,0.584,0.017,0.060,0.348,0.023
Supreme Court Simulator Design,supermajority-review,high-democratic-mandate,scd__high-democratic-mandate,Supreme Court Simulator Design: High Democratic Mandate,1.000,scd__supermajority-review,Supreme Court Simulator Design: 60 percent invalidation threshold,0.627,0.699,0.629,0.578,0.763,0.569,0.027,0.053,0.346,0.019
Supreme Court Simulator Design,recusal-and-emergency-reform,high-democratic-mandate,scd__high-democratic-mandate,Supreme Court Simulator Design: High Democratic Mandate,1.000,scd__recusal-and-emergency-reform,Supreme Court Simulator Design: Peer recusal + reasoned emergency docket,0.623,0.695,0.637,0.582,0.765,0.581,0.026,0.063,0.348,0.025
Supreme Court Simulator Design,panel-en-banc,high-democratic-mandate,scd__high-democratic-mandate,Supreme Court Simulator Design: High Democratic Mandate,1.000,scd__panel-en-banc,Supreme Court Simulator Design: Three-judge panels with en banc correction,0.623,0.696,0.636,0.581,0.771,0.619,0.029,0.060,0.343,0.024
Supreme Court Simulator Design,cross-checking-courts,high-democratic-mandate,scd__high-democratic-mandate,Supreme Court Simulator Design: High Democratic Mandate,1.000,scd__cross-checking-courts,Supreme Court Simulator Design: Supreme court with cross-checking constitutional court,0.606,0.692,0.618,0.576,0.767,0.583,0.010,0.055,0.369,0.015
Supreme Court Simulator Design,dual-supreme-courts,high-democratic-mandate,scd__high-democratic-mandate,Supreme Court Simulator Design: High Democratic Mandate,1.000,scd__dual-supreme-courts,Supreme Court Simulator Design: Dual supreme courts with disagreement filter,0.599,0.674,0.639,0.582,0.765,0.588,0.009,0.052,0.376,0.025
Supreme Court Simulator Design,comparative-constitutional-senates,high-democratic-mandate,scd__high-democratic-mandate,Supreme Court Simulator Design: High Democratic Mandate,1.000,scd__comparative-constitutional-senates,Supreme Court Simulator Design: Comparative 16-seat constitutional senates,0.616,0.703,0.628,0.582,0.768,0.622,0.014,0.057,0.349,0.019
Supreme Court Simulator Design,constitutional-council,high-democratic-mandate,scd__high-democratic-mandate,Supreme Court Simulator Design: High Democratic Mandate,1.000,scd__constitutional-council,Supreme Court Simulator Design: Pre-enactment constitutional council,0.619,0.704,0.635,0.597,0.777,0.634,0.023,0.065,0.355,0.021
Supreme Court Simulator Design,legislative-override,high-democratic-mandate,scd__high-democratic-mandate,Supreme Court Simulator Design: High Democratic Mandate,1.000,scd__legislative-override,Supreme Court Simulator Design: Judicial review with legislative supermajority override,0.622,0.694,0.639,0.589,0.769,0.586,0.010,0.061,0.360,0.021
Supreme Court Simulator Design,accountability-retention-court,high-democratic-mandate,scd__high-democratic-mandate,Supreme Court Simulator Design: High Democratic Mandate,1.000,scd__accountability-retention-court,Supreme Court Simulator Design: Retention-election accountability court,0.623,0.697,0.633,0.591,0.768,0.586,0.021,0.060,0.358,0.023
Supreme Court Simulator Design,emergency-restraint-court,high-democratic-mandate,scd__high-democratic-mandate,Supreme Court Simulator Design: High Democratic Mandate,1.000,scd__emergency-restraint-court,Supreme Court Simulator Design: No emergency relief without merits review,0.629,0.700,0.641,0.588,0.779,0.623,0.020,0.008,0.346,0.025
Supreme Court Simulator Design,randomized-merits-panels,high-democratic-mandate,scd__high-democratic-mandate,Supreme Court Simulator Design: High Democratic Mandate,1.000,scd__randomized-merits-panels,Supreme Court Simulator Design: Randomized merits panels with en banc correction,0.622,0.697,0.637,0.582,0.771,0.623,0.028,0.062,0.345,0.022
Supreme Court Simulator Design,mandatory-written-emergency-reasoning,high-democratic-mandate,scd__high-democratic-mandate,Supreme Court Simulator Design: High Democratic Mandate,1.000,scd__mandatory-written-emergency-reasoning,Supreme Court Simulator Design: Mandatory written emergency reasoning,0.622,0.693,0.639,0.582,0.766,0.584,0.025,0.037,0.351,0.025
Supreme Court Simulator Design,automatic-merits-follow-up,high-democratic-mandate,scd__high-democratic-mandate,Supreme Court Simulator Design: High Democratic Mandate,1.000,scd__automatic-merits-follow-up,Supreme Court Simulator Design: Automatic merits follow-up for emergency relief,0.626,0.695,0.643,0.585,0.775,0.610,0.024,0.013,0.346,0.025
Supreme Court Simulator Design,strong-recusal-enforcement,high-democratic-mandate,scd__high-democratic-mandate,Supreme Court Simulator Design: High Democratic Mandate,1.000,scd__strong-recusal-enforcement,Supreme Court Simulator Design: Independent recusal enforcement with substitutes,0.622,0.696,0.638,0.584,0.768,0.592,0.017,0.064,0.349,0.024
Supreme Court Simulator Design,jurisdiction-stripping-constraints,high-democratic-mandate,scd__high-democratic-mandate,Supreme Court Simulator Design: High Democratic Mandate,1.000,scd__jurisdiction-stripping-constraints,Supreme Court Simulator Design: Jurisdiction stripping constrained by rights carveouts,0.627,0.693,0.640,0.587,0.773,0.584,0.010,0.062,0.354,0.025
Supreme Court Simulator Design,legislative-override-window,high-democratic-mandate,scd__high-democratic-mandate,Supreme Court Simulator Design: High Democratic Mandate,1.000,scd__legislative-override-window,Supreme Court Simulator Design: Time-limited legislative override window,0.622,0.693,0.635,0.587,0.768,0.583,0.010,0.063,0.359,0.023
Supreme Court Simulator Design,constitutional-remand,high-democratic-mandate,scd__high-democratic-mandate,Supreme Court Simulator Design: High Democratic Mandate,1.000,scd__constitutional-remand,Supreme Court Simulator Design: Constitutional remand before invalidation,0.622,0.712,0.633,0.600,0.777,0.612,0.018,0.061,0.346,0.015
Supreme Court Simulator Design,public-interest-litigation-filter,high-democratic-mandate,scd__high-democratic-mandate,Supreme Court Simulator Design: High Democratic Mandate,1.000,scd__public-interest-litigation-filter,Supreme Court Simulator Design: Public-interest litigation filter,0.624,0.695,0.641,0.583,0.768,0.586,0.019,0.061,0.345,0.022
Supreme Court Simulator Design,emergency-integrity-package,high-democratic-mandate,scd__high-democratic-mandate,Supreme Court Simulator Design: High Democratic Mandate,1.000,scd__emergency-integrity-package,Supreme Court Simulator Design: Emergency integrity package,0.623,0.698,0.642,0.588,0.777,0.624,0.017,0.013,0.348,0.024
Supreme Court Simulator Design,remand-override-window-package,high-democratic-mandate,scd__high-democratic-mandate,Supreme Court Simulator Design: High Democratic Mandate,1.000,scd__remand-override-window-package,Supreme Court Simulator Design: Constitutional remand with override window,0.619,0.713,0.631,0.597,0.777,0.613,0.019,0.038,0.348,0.017
Supreme Court Simulator Design,panel-jurisdiction-safeguards,high-democratic-mandate,scd__high-democratic-mandate,Supreme Court Simulator Design: High Democratic Mandate,1.000,scd__panel-jurisdiction-safeguards,Supreme Court Simulator Design: Random panels with jurisdiction safeguards,0.620,0.696,0.633,0.583,0.773,0.622,0.028,0.055,0.352,0.019
Supreme Court Simulator Design,council-concrete-hybrid,high-democratic-mandate,scd__high-democratic-mandate,Supreme Court Simulator Design: High Democratic Mandate,1.000,scd__council-concrete-hybrid,Supreme Court Simulator Design: Constitutional council with concrete-review backstop,0.618,0.705,0.633,0.595,0.779,0.636,0.013,0.061,0.351,0.020
Supreme Court Simulator Design,current-us-like,constitutional-conflict,scd__constitutional-conflict,Supreme Court Simulator Design: Constitutional Conflict,1.000,scd__current-us-like,Supreme Court Simulator Design: Stylized current U.S.-like supreme court,0.500,0.512,0.641,0.593,0.594,0.404,0.079,0.396,0.630,0.096
Supreme Court Simulator Design,term-limited-balanced,constitutional-conflict,scd__constitutional-conflict,Supreme Court Simulator Design: Constitutional Conflict,1.000,scd__term-limited-balanced,Supreme Court Simulator Design: 18-year staggered terms + regular appointments,0.512,0.512,0.615,0.620,0.660,0.569,0.077,0.142,0.576,0.157
Supreme Court Simulator Design,nonpartisan-commission,constitutional-conflict,scd__constitutional-conflict,Supreme Court Simulator Design: Constitutional Conflict,1.000,scd__nonpartisan-commission,Supreme Court Simulator Design: Nonpartisan commission appointments,0.508,0.517,0.613,0.620,0.661,0.577,0.059,0.147,0.580,0.149
Supreme Court Simulator Design,expanded-court-fifteen,constitutional-conflict,scd__constitutional-conflict,Supreme Court Simulator Design: Constitutional Conflict,1.000,scd__expanded-court-fifteen,Supreme Court Simulator Design: Expanded 15-seat court,0.507,0.520,0.612,0.616,0.663,0.577,0.048,0.145,0.573,0.147
Supreme Court Simulator Design,supermajority-review,constitutional-conflict,scd__constitutional-conflict,Supreme Court Simulator Design: Constitutional Conflict,1.000,scd__supermajority-review,Supreme Court Simulator Design: 60 percent invalidation threshold,0.519,0.546,0.605,0.606,0.650,0.550,0.084,0.138,0.580,0.119
Supreme Court Simulator Design,recusal-and-emergency-reform,constitutional-conflict,scd__constitutional-conflict,Supreme Court Simulator Design: Constitutional Conflict,1.000,scd__recusal-and-emergency-reform,Supreme Court Simulator Design: Peer recusal + reasoned emergency docket,0.508,0.516,0.613,0.621,0.659,0.579,0.083,0.145,0.579,0.151
Supreme Court Simulator Design,panel-en-banc,constitutional-conflict,scd__constitutional-conflict,Supreme Court Simulator Design: Constitutional Conflict,1.000,scd__panel-en-banc,Supreme Court Simulator Design: Three-judge panels with en banc correction,0.507,0.519,0.617,0.621,0.662,0.615,0.084,0.145,0.580,0.151
Supreme Court Simulator Design,cross-checking-courts,constitutional-conflict,scd__constitutional-conflict,Supreme Court Simulator Design: Constitutional Conflict,1.000,scd__cross-checking-courts,Supreme Court Simulator Design: Supreme court with cross-checking constitutional court,0.503,0.558,0.586,0.587,0.658,0.584,0.037,0.136,0.599,0.082
Supreme Court Simulator Design,dual-supreme-courts,constitutional-conflict,scd__constitutional-conflict,Supreme Court Simulator Design: Constitutional Conflict,1.000,scd__dual-supreme-courts,Supreme Court Simulator Design: Dual supreme courts with disagreement filter,0.475,0.485,0.615,0.623,0.656,0.591,0.037,0.139,0.615,0.164
Supreme Court Simulator Design,comparative-constitutional-senates,constitutional-conflict,scd__constitutional-conflict,Supreme Court Simulator Design: Constitutional Conflict,1.000,scd__comparative-constitutional-senates,Supreme Court Simulator Design: Comparative 16-seat constitutional senates,0.511,0.552,0.608,0.606,0.660,0.609,0.047,0.138,0.579,0.116
Supreme Court Simulator Design,constitutional-council,constitutional-conflict,scd__constitutional-conflict,Supreme Court Simulator Design: Constitutional Conflict,1.000,scd__constitutional-council,Supreme Court Simulator Design: Pre-enactment constitutional council,0.500,0.523,0.617,0.655,0.675,0.649,0.068,0.144,0.606,0.147
Supreme Court Simulator Design,legislative-override,constitutional-conflict,scd__constitutional-conflict,Supreme Court Simulator Design: Constitutional Conflict,1.000,scd__legislative-override,Supreme Court Simulator Design: Judicial review with legislative supermajority override,0.503,0.508,0.613,0.634,0.662,0.579,0.033,0.144,0.605,0.151
Supreme Court Simulator Design,accountability-retention-court,constitutional-conflict,scd__constitutional-conflict,Supreme Court Simulator Design: Constitutional Conflict,1.000,scd__accountability-retention-court,Supreme Court Simulator Design: Retention-election accountability court,0.506,0.514,0.607,0.640,0.660,0.579,0.055,0.146,0.601,0.144
Supreme Court Simulator Design,emergency-restraint-court,constitutional-conflict,scd__constitutional-conflict,Supreme Court Simulator Design: Constitutional Conflict,1.000,scd__emergency-restraint-court,Supreme Court Simulator Design: No emergency relief without merits review,0.508,0.474,0.632,0.646,0.691,0.668,0.063,0.037,0.581,0.202
Supreme Court Simulator Design,randomized-merits-panels,constitutional-conflict,scd__constitutional-conflict,Supreme Court Simulator Design: Constitutional Conflict,1.000,scd__randomized-merits-panels,Supreme Court Simulator Design: Randomized merits panels with en banc correction,0.505,0.518,0.615,0.621,0.662,0.618,0.082,0.149,0.580,0.147
Supreme Court Simulator Design,mandatory-written-emergency-reasoning,constitutional-conflict,scd__constitutional-conflict,Supreme Court Simulator Design: Constitutional Conflict,1.000,scd__mandatory-written-emergency-reasoning,Supreme Court Simulator Design: Mandatory written emergency reasoning,0.505,0.519,0.611,0.618,0.655,0.570,0.077,0.112,0.586,0.147
Supreme Court Simulator Design,automatic-merits-follow-up,constitutional-conflict,scd__constitutional-conflict,Supreme Court Simulator Design: Constitutional Conflict,1.000,scd__automatic-merits-follow-up,Supreme Court Simulator Design: Automatic merits follow-up for emergency relief,0.501,0.469,0.623,0.644,0.683,0.637,0.082,0.046,0.580,0.209
Supreme Court Simulator Design,strong-recusal-enforcement,constitutional-conflict,scd__constitutional-conflict,Supreme Court Simulator Design: Constitutional Conflict,1.000,scd__strong-recusal-enforcement,Supreme Court Simulator Design: Independent recusal enforcement with substitutes,0.505,0.515,0.614,0.622,0.663,0.601,0.050,0.146,0.582,0.149
Supreme Court Simulator Design,jurisdiction-stripping-constraints,constitutional-conflict,scd__constitutional-conflict,Supreme Court Simulator Design: Constitutional Conflict,1.000,scd__jurisdiction-stripping-constraints,Supreme Court Simulator Design: Jurisdiction stripping constrained by rights carveouts,0.507,0.509,0.615,0.629,0.665,0.577,0.033,0.145,0.597,0.148
Supreme Court Simulator Design,legislative-override-window,constitutional-conflict,scd__constitutional-conflict,Supreme Court Simulator Design: Constitutional Conflict,1.000,scd__legislative-override-window,Supreme Court Simulator Design: Time-limited legislative override window,0.504,0.509,0.617,0.636,0.663,0.582,0.033,0.146,0.606,0.154
Supreme Court Simulator Design,constitutional-remand,constitutional-conflict,scd__constitutional-conflict,Supreme Court Simulator Design: Constitutional Conflict,1.000,scd__constitutional-remand,Supreme Court Simulator Design: Constitutional remand before invalidation,0.522,0.572,0.617,0.638,0.675,0.616,0.058,0.145,0.575,0.102
Supreme Court Simulator Design,public-interest-litigation-filter,constitutional-conflict,scd__constitutional-conflict,Supreme Court Simulator Design: Constitutional Conflict,1.000,scd__public-interest-litigation-filter,Supreme Court Simulator Design: Public-interest litigation filter,0.511,0.522,0.622,0.620,0.664,0.585,0.060,0.142,0.575,0.146
Supreme Court Simulator Design,emergency-integrity-package,constitutional-conflict,scd__constitutional-conflict,Supreme Court Simulator Design: Constitutional Conflict,1.000,scd__emergency-integrity-package,Supreme Court Simulator Design: Emergency integrity package,0.501,0.473,0.630,0.644,0.690,0.672,0.050,0.047,0.580,0.209
Supreme Court Simulator Design,remand-override-window-package,constitutional-conflict,scd__constitutional-conflict,Supreme Court Simulator Design: Constitutional Conflict,1.000,scd__remand-override-window-package,Supreme Court Simulator Design: Constitutional remand with override window,0.516,0.575,0.612,0.637,0.673,0.617,0.055,0.112,0.582,0.102
Supreme Court Simulator Design,panel-jurisdiction-safeguards,constitutional-conflict,scd__constitutional-conflict,Supreme Court Simulator Design: Constitutional Conflict,1.000,scd__panel-jurisdiction-safeguards,Supreme Court Simulator Design: Random panels with jurisdiction safeguards,0.505,0.535,0.604,0.618,0.658,0.617,0.081,0.139,0.598,0.129
Supreme Court Simulator Design,council-concrete-hybrid,constitutional-conflict,scd__constitutional-conflict,Supreme Court Simulator Design: Constitutional Conflict,1.000,scd__council-concrete-hybrid,Supreme Court Simulator Design: Constitutional council with concrete-review backstop,0.502,0.532,0.619,0.649,0.678,0.652,0.048,0.145,0.597,0.133
Supreme Court Simulator Design,current-us-like,imported-legislative-output,scd__imported-legislative-output,Supreme Court Simulator Design: Imported Legislative Output,1.000,scd__current-us-like,Supreme Court Simulator Design: Stylized current U.S.-like supreme court,0.595,0.670,0.641,0.572,0.702,0.456,0.029,0.241,0.402,0.014
Supreme Court Simulator Design,term-limited-balanced,imported-legislative-output,scd__imported-legislative-output,Supreme Court Simulator Design: Imported Legislative Output,1.000,scd__term-limited-balanced,Supreme Court Simulator Design: 18-year staggered terms + regular appointments,0.611,0.675,0.642,0.580,0.746,0.570,0.033,0.073,0.368,0.024
Supreme Court Simulator Design,nonpartisan-commission,imported-legislative-output,scd__imported-legislative-output,Supreme Court Simulator Design: Imported Legislative Output,1.000,scd__nonpartisan-commission,Supreme Court Simulator Design: Nonpartisan commission appointments,0.609,0.679,0.638,0.581,0.748,0.576,0.019,0.075,0.370,0.022
Supreme Court Simulator Design,expanded-court-fifteen,imported-legislative-output,scd__imported-legislative-output,Supreme Court Simulator Design: Imported Legislative Output,1.000,scd__expanded-court-fifteen,Supreme Court Simulator Design: Expanded 15-seat court,0.607,0.680,0.643,0.582,0.748,0.581,0.021,0.073,0.370,0.021
Supreme Court Simulator Design,supermajority-review,imported-legislative-output,scd__imported-legislative-output,Supreme Court Simulator Design: Imported Legislative Output,1.000,scd__supermajority-review,Supreme Court Simulator Design: 60 percent invalidation threshold,0.612,0.683,0.634,0.576,0.744,0.564,0.031,0.065,0.369,0.019
Supreme Court Simulator Design,recusal-and-emergency-reform,imported-legislative-output,scd__imported-legislative-output,Supreme Court Simulator Design: Imported Legislative Output,1.000,scd__recusal-and-emergency-reform,Supreme Court Simulator Design: Peer recusal + reasoned emergency docket,0.608,0.679,0.638,0.579,0.746,0.573,0.029,0.075,0.368,0.023
Supreme Court Simulator Design,panel-en-banc,imported-legislative-output,scd__imported-legislative-output,Supreme Court Simulator Design: Imported Legislative Output,1.000,scd__panel-en-banc,Supreme Court Simulator Design: Three-judge panels with en banc correction,0.608,0.679,0.639,0.580,0.751,0.614,0.037,0.074,0.368,0.020
Supreme Court Simulator Design,cross-checking-courts,imported-legislative-output,scd__imported-legislative-output,Supreme Court Simulator Design: Imported Legislative Output,1.000,scd__cross-checking-courts,Supreme Court Simulator Design: Supreme court with cross-checking constitutional court,0.593,0.678,0.624,0.572,0.749,0.580,0.014,0.064,0.391,0.014
Supreme Court Simulator Design,dual-supreme-courts,imported-legislative-output,scd__imported-legislative-output,Supreme Court Simulator Design: Imported Legislative Output,1.000,scd__dual-supreme-courts,Supreme Court Simulator Design: Dual supreme courts with disagreement filter,0.583,0.659,0.638,0.580,0.744,0.582,0.014,0.066,0.400,0.025
Supreme Court Simulator Design,comparative-constitutional-senates,imported-legislative-output,scd__imported-legislative-output,Supreme Court Simulator Design: Imported Legislative Output,1.000,scd__comparative-constitutional-senates,Supreme Court Simulator Design: Comparative 16-seat constitutional senates,0.602,0.686,0.633,0.576,0.750,0.614,0.018,0.064,0.370,0.014
Supreme Court Simulator Design,constitutional-council,imported-legislative-output,scd__imported-legislative-output,Supreme Court Simulator Design: Imported Legislative Output,1.000,scd__constitutional-council,Supreme Court Simulator Design: Pre-enactment constitutional council,0.603,0.684,0.639,0.596,0.758,0.629,0.026,0.076,0.379,0.019
Supreme Court Simulator Design,legislative-override,imported-legislative-output,scd__imported-legislative-output,Supreme Court Simulator Design: Imported Legislative Output,1.000,scd__legislative-override,Supreme Court Simulator Design: Judicial review with legislative supermajority override,0.608,0.677,0.639,0.582,0.750,0.571,0.013,0.074,0.376,0.022
Supreme Court Simulator Design,accountability-retention-court,imported-legislative-output,scd__imported-legislative-output,Supreme Court Simulator Design: Imported Legislative Output,1.000,scd__accountability-retention-court,Supreme Court Simulator Design: Retention-election accountability court,0.608,0.680,0.636,0.587,0.749,0.578,0.020,0.074,0.379,0.020
Supreme Court Simulator Design,emergency-restraint-court,imported-legislative-output,scd__imported-legislative-output,Supreme Court Simulator Design: Imported Legislative Output,1.000,scd__emergency-restraint-court,Supreme Court Simulator Design: No emergency relief without merits review,0.616,0.681,0.646,0.586,0.763,0.623,0.021,0.009,0.366,0.024
Supreme Court Simulator Design,randomized-merits-panels,imported-legislative-output,scd__imported-legislative-output,Supreme Court Simulator Design: Imported Legislative Output,1.000,scd__randomized-merits-panels,Supreme Court Simulator Design: Randomized merits panels with en banc correction,0.608,0.681,0.641,0.581,0.752,0.617,0.035,0.074,0.368,0.021
Supreme Court Simulator Design,mandatory-written-emergency-reasoning,imported-legislative-output,scd__imported-legislative-output,Supreme Court Simulator Design: Imported Legislative Output,1.000,scd__mandatory-written-emergency-reasoning,Supreme Court Simulator Design: Mandatory written emergency reasoning,0.608,0.679,0.638,0.580,0.747,0.575,0.032,0.048,0.372,0.022
Supreme Court Simulator Design,automatic-merits-follow-up,imported-legislative-output,scd__imported-legislative-output,Supreme Court Simulator Design: Imported Legislative Output,1.000,scd__automatic-merits-follow-up,Supreme Court Simulator Design: Automatic merits follow-up for emergency relief,0.610,0.673,0.647,0.585,0.757,0.608,0.031,0.016,0.368,0.028
Supreme Court Simulator Design,strong-recusal-enforcement,imported-legislative-output,scd__imported-legislative-output,Supreme Court Simulator Design: Imported Legislative Output,1.000,scd__strong-recusal-enforcement,Supreme Court Simulator Design: Independent recusal enforcement with substitutes,0.607,0.677,0.640,0.580,0.750,0.584,0.020,0.074,0.368,0.024
Supreme Court Simulator Design,jurisdiction-stripping-constraints,imported-legislative-output,scd__imported-legislative-output,Supreme Court Simulator Design: Imported Legislative Output,1.000,scd__jurisdiction-stripping-constraints,Supreme Court Simulator Design: Jurisdiction stripping constrained by rights carveouts,0.612,0.675,0.643,0.586,0.754,0.579,0.014,0.074,0.377,0.023
Supreme Court Simulator Design,legislative-override-window,imported-legislative-output,scd__imported-legislative-output,Supreme Court Simulator Design: Imported Legislative Output,1.000,scd__legislative-override-window,Supreme Court Simulator Design: Time-limited legislative override window,0.606,0.675,0.639,0.583,0.748,0.572,0.013,0.075,0.381,0.022
Supreme Court Simulator Design,constitutional-remand,imported-legislative-output,scd__imported-legislative-output,Supreme Court Simulator Design: Imported Legislative Output,1.000,scd__constitutional-remand,Supreme Court Simulator Design: Constitutional remand before invalidation,0.609,0.699,0.638,0.598,0.760,0.608,0.019,0.075,0.367,0.014
Supreme Court Simulator Design,public-interest-litigation-filter,imported-legislative-output,scd__imported-legislative-output,Supreme Court Simulator Design: Imported Legislative Output,1.000,scd__public-interest-litigation-filter,Supreme Court Simulator Design: Public-interest litigation filter,0.610,0.680,0.643,0.582,0.751,0.582,0.020,0.073,0.367,0.021
Supreme Court Simulator Design,emergency-integrity-package,imported-legislative-output,scd__imported-legislative-output,Supreme Court Simulator Design: Imported Legislative Output,1.000,scd__emergency-integrity-package,Supreme Court Simulator Design: Emergency integrity package,0.609,0.677,0.647,0.586,0.762,0.624,0.019,0.016,0.367,0.025
Supreme Court Simulator Design,remand-override-window-package,imported-legislative-output,scd__imported-legislative-output,Supreme Court Simulator Design: Imported Legislative Output,1.000,scd__remand-override-window-package,Supreme Court Simulator Design: Constitutional remand with override window,0.605,0.698,0.635,0.595,0.760,0.607,0.022,0.046,0.367,0.014
Supreme Court Simulator Design,panel-jurisdiction-safeguards,imported-legislative-output,scd__imported-legislative-output,Supreme Court Simulator Design: Imported Legislative Output,1.000,scd__panel-jurisdiction-safeguards,Supreme Court Simulator Design: Random panels with jurisdiction safeguards,0.604,0.680,0.636,0.582,0.752,0.618,0.036,0.067,0.377,0.020
Supreme Court Simulator Design,council-concrete-hybrid,imported-legislative-output,scd__imported-legislative-output,Supreme Court Simulator Design: Imported Legislative Output,1.000,scd__council-concrete-hybrid,Supreme Court Simulator Design: Constitutional council with concrete-review backstop,0.604,0.689,0.640,0.594,0.761,0.633,0.018,0.073,0.375,0.016
Supreme Court Simulator Design,current-us-like,low-appointment-capture,scd__low-appointment-capture,Supreme Court Simulator Design: Low Appointment Capture,0.750,scd__current-us-like,Supreme Court Simulator Design: Stylized current U.S.-like supreme court,0.592,0.659,0.638,0.574,0.701,0.460,0.030,0.242,0.413,0.026
Supreme Court Simulator Design,term-limited-balanced,low-appointment-capture,scd__low-appointment-capture,Supreme Court Simulator Design: Low Appointment Capture,0.750,scd__term-limited-balanced,Supreme Court Simulator Design: 18-year staggered terms + regular appointments,0.608,0.663,0.639,0.587,0.746,0.573,0.030,0.074,0.382,0.040
Supreme Court Simulator Design,nonpartisan-commission,low-appointment-capture,scd__low-appointment-capture,Supreme Court Simulator Design: Low Appointment Capture,0.750,scd__nonpartisan-commission,Supreme Court Simulator Design: Nonpartisan commission appointments,0.606,0.664,0.641,0.586,0.748,0.581,0.019,0.073,0.381,0.039
Supreme Court Simulator Design,expanded-court-fifteen,low-appointment-capture,scd__low-appointment-capture,Supreme Court Simulator Design: Low Appointment Capture,0.750,scd__expanded-court-fifteen,Supreme Court Simulator Design: Expanded 15-seat court,0.602,0.663,0.641,0.585,0.748,0.579,0.017,0.074,0.380,0.037
Supreme Court Simulator Design,supermajority-review,low-appointment-capture,scd__low-appointment-capture,Supreme Court Simulator Design: Low Appointment Capture,0.750,scd__supermajority-review,Supreme Court Simulator Design: 60 percent invalidation threshold,0.609,0.673,0.630,0.580,0.743,0.561,0.030,0.066,0.379,0.030
Supreme Court Simulator Design,recusal-and-emergency-reform,low-appointment-capture,scd__low-appointment-capture,Supreme Court Simulator Design: Low Appointment Capture,0.750,scd__recusal-and-emergency-reform,Supreme Court Simulator Design: Peer recusal + reasoned emergency docket,0.604,0.664,0.638,0.587,0.746,0.578,0.032,0.072,0.382,0.040
Supreme Court Simulator Design,panel-en-banc,low-appointment-capture,scd__low-appointment-capture,Supreme Court Simulator Design: Low Appointment Capture,0.750,scd__panel-en-banc,Supreme Court Simulator Design: Three-judge panels with en banc correction,0.604,0.667,0.637,0.585,0.750,0.619,0.033,0.077,0.380,0.037
Supreme Court Simulator Design,cross-checking-courts,low-appointment-capture,scd__low-appointment-capture,Supreme Court Simulator Design: Low Appointment Capture,0.750,scd__cross-checking-courts,Supreme Court Simulator Design: Supreme court with cross-checking constitutional court,0.588,0.663,0.621,0.575,0.747,0.580,0.010,0.066,0.404,0.028
Supreme Court Simulator Design,dual-supreme-courts,low-appointment-capture,scd__low-appointment-capture,Supreme Court Simulator Design: Low Appointment Capture,0.750,scd__dual-supreme-courts,Supreme Court Simulator Design: Dual supreme courts with disagreement filter,0.578,0.642,0.637,0.588,0.745,0.585,0.010,0.067,0.412,0.042
Supreme Court Simulator Design,comparative-constitutional-senates,low-appointment-capture,scd__low-appointment-capture,Supreme Court Simulator Design: Low Appointment Capture,0.750,scd__comparative-constitutional-senates,Supreme Court Simulator Design: Comparative 16-seat constitutional senates,0.600,0.676,0.633,0.582,0.750,0.618,0.014,0.068,0.382,0.031
Supreme Court Simulator Design,constitutional-council,low-appointment-capture,scd__low-appointment-capture,Supreme Court Simulator Design: Low Appointment Capture,0.750,scd__constitutional-council,Supreme Court Simulator Design: Pre-enactment constitutional council,0.600,0.674,0.636,0.601,0.758,0.630,0.024,0.076,0.391,0.033
Supreme Court Simulator Design,legislative-override,low-appointment-capture,scd__low-appointment-capture,Supreme Court Simulator Design: Low Appointment Capture,0.750,scd__legislative-override,Supreme Court Simulator Design: Judicial review with legislative supermajority override,0.603,0.663,0.636,0.590,0.747,0.579,0.010,0.075,0.395,0.038
Supreme Court Simulator Design,accountability-retention-court,low-appointment-capture,scd__low-appointment-capture,Supreme Court Simulator Design: Low Appointment Capture,0.750,scd__accountability-retention-court,Supreme Court Simulator Design: Retention-election accountability court,0.606,0.671,0.631,0.591,0.747,0.580,0.021,0.076,0.390,0.033
Supreme Court Simulator Design,emergency-restraint-court,low-appointment-capture,scd__low-appointment-capture,Supreme Court Simulator Design: Low Appointment Capture,0.750,scd__emergency-restraint-court,Supreme Court Simulator Design: No emergency relief without merits review,0.611,0.666,0.639,0.587,0.761,0.617,0.021,0.010,0.372,0.040
Supreme Court Simulator Design,randomized-merits-panels,low-appointment-capture,scd__low-appointment-capture,Supreme Court Simulator Design: Low Appointment Capture,0.750,scd__randomized-merits-panels,Supreme Court Simulator Design: Randomized merits panels with en banc correction,0.603,0.667,0.639,0.585,0.750,0.621,0.031,0.076,0.380,0.039
Supreme Court Simulator Design,mandatory-written-emergency-reasoning,low-appointment-capture,scd__low-appointment-capture,Supreme Court Simulator Design: Low Appointment Capture,0.750,scd__mandatory-written-emergency-reasoning,Supreme Court Simulator Design: Mandatory written emergency reasoning,0.604,0.666,0.636,0.584,0.746,0.576,0.031,0.047,0.382,0.038
Supreme Court Simulator Design,automatic-merits-follow-up,low-appointment-capture,scd__low-appointment-capture,Supreme Court Simulator Design: Low Appointment Capture,0.750,scd__automatic-merits-follow-up,Supreme Court Simulator Design: Automatic merits follow-up for emergency relief,0.606,0.659,0.644,0.589,0.758,0.607,0.033,0.017,0.378,0.046
Supreme Court Simulator Design,strong-recusal-enforcement,low-appointment-capture,scd__low-appointment-capture,Supreme Court Simulator Design: Low Appointment Capture,0.750,scd__strong-recusal-enforcement,Supreme Court Simulator Design: Independent recusal enforcement with substitutes,0.603,0.667,0.638,0.584,0.748,0.584,0.020,0.076,0.379,0.037
Supreme Court Simulator Design,jurisdiction-stripping-constraints,low-appointment-capture,scd__low-appointment-capture,Supreme Court Simulator Design: Low Appointment Capture,0.750,scd__jurisdiction-stripping-constraints,Supreme Court Simulator Design: Jurisdiction stripping constrained by rights carveouts,0.609,0.665,0.635,0.588,0.753,0.580,0.010,0.073,0.387,0.038
Supreme Court Simulator Design,legislative-override-window,low-appointment-capture,scd__low-appointment-capture,Supreme Court Simulator Design: Low Appointment Capture,0.750,scd__legislative-override-window,Supreme Court Simulator Design: Time-limited legislative override window,0.604,0.665,0.636,0.589,0.748,0.576,0.010,0.074,0.391,0.037
Supreme Court Simulator Design,constitutional-remand,low-appointment-capture,scd__low-appointment-capture,Supreme Court Simulator Design: Low Appointment Capture,0.750,scd__constitutional-remand,Supreme Court Simulator Design: Constitutional remand before invalidation,0.606,0.689,0.633,0.601,0.758,0.607,0.021,0.075,0.378,0.024
Supreme Court Simulator Design,public-interest-litigation-filter,low-appointment-capture,scd__low-appointment-capture,Supreme Court Simulator Design: Low Appointment Capture,0.750,scd__public-interest-litigation-filter,Supreme Court Simulator Design: Public-interest litigation filter,0.605,0.668,0.641,0.587,0.748,0.585,0.020,0.075,0.381,0.035
Supreme Court Simulator Design,emergency-integrity-package,low-appointment-capture,scd__low-appointment-capture,Supreme Court Simulator Design: Low Appointment Capture,0.750,scd__emergency-integrity-package,Supreme Court Simulator Design: Emergency integrity package,0.604,0.664,0.643,0.590,0.760,0.623,0.020,0.017,0.377,0.041
Supreme Court Simulator Design,remand-override-window-package,low-appointment-capture,scd__low-appointment-capture,Supreme Court Simulator Design: Low Appointment Capture,0.750,scd__remand-override-window-package,Supreme Court Simulator Design: Constitutional remand with override window,0.604,0.690,0.633,0.599,0.761,0.612,0.020,0.046,0.378,0.027
Supreme Court Simulator Design,panel-jurisdiction-safeguards,low-appointment-capture,scd__low-appointment-capture,Supreme Court Simulator Design: Low Appointment Capture,0.750,scd__panel-jurisdiction-safeguards,Supreme Court Simulator Design: Random panels with jurisdiction safeguards,0.601,0.667,0.633,0.587,0.752,0.617,0.032,0.069,0.389,0.037
Supreme Court Simulator Design,council-concrete-hybrid,low-appointment-capture,scd__low-appointment-capture,Supreme Court Simulator Design: Low Appointment Capture,0.750,scd__council-concrete-hybrid,Supreme Court Simulator Design: Constitutional council with concrete-review backstop,0.599,0.677,0.637,0.603,0.760,0.641,0.013,0.075,0.393,0.034
Supreme Court Simulator Design,current-us-like,extreme-appointment-capture,scd__extreme-appointment-capture,Supreme Court Simulator Design: Extreme Appointment Capture,1.000,scd__current-us-like,Supreme Court Simulator Design: Stylized current U.S.-like supreme court,0.589,0.655,0.640,0.576,0.695,0.461,0.044,0.242,0.421,0.026
Supreme Court Simulator Design,term-limited-balanced,extreme-appointment-capture,scd__extreme-appointment-capture,Supreme Court Simulator Design: Extreme Appointment Capture,1.000,scd__term-limited-balanced,Supreme Court Simulator Design: 18-year staggered terms + regular appointments,0.605,0.663,0.636,0.583,0.741,0.573,0.040,0.075,0.382,0.037
Supreme Court Simulator Design,nonpartisan-commission,extreme-appointment-capture,scd__extreme-appointment-capture,Supreme Court Simulator Design: Extreme Appointment Capture,1.000,scd__nonpartisan-commission,Supreme Court Simulator Design: Nonpartisan commission appointments,0.602,0.665,0.635,0.583,0.742,0.580,0.034,0.077,0.385,0.038
Supreme Court Simulator Design,expanded-court-fifteen,extreme-appointment-capture,scd__extreme-appointment-capture,Supreme Court Simulator Design: Extreme Appointment Capture,1.000,scd__expanded-court-fifteen,Supreme Court Simulator Design: Expanded 15-seat court,0.600,0.668,0.634,0.582,0.742,0.584,0.032,0.076,0.383,0.034
Supreme Court Simulator Design,supermajority-review,extreme-appointment-capture,scd__extreme-appointment-capture,Supreme Court Simulator Design: Extreme Appointment Capture,1.000,scd__supermajority-review,Supreme Court Simulator Design: 60 percent invalidation threshold,0.605,0.671,0.630,0.578,0.736,0.564,0.045,0.068,0.385,0.030
Supreme Court Simulator Design,recusal-and-emergency-reform,extreme-appointment-capture,scd__extreme-appointment-capture,Supreme Court Simulator Design: Extreme Appointment Capture,1.000,scd__recusal-and-emergency-reform,Supreme Court Simulator Design: Peer recusal + reasoned emergency docket,0.602,0.666,0.635,0.585,0.741,0.581,0.044,0.076,0.386,0.034
Supreme Court Simulator Design,panel-en-banc,extreme-appointment-capture,scd__extreme-appointment-capture,Supreme Court Simulator Design: Extreme Appointment Capture,1.000,scd__panel-en-banc,Supreme Court Simulator Design: Three-judge panels with en banc correction,0.601,0.666,0.637,0.585,0.745,0.618,0.051,0.076,0.384,0.036
Supreme Court Simulator Design,cross-checking-courts,extreme-appointment-capture,scd__extreme-appointment-capture,Supreme Court Simulator Design: Extreme Appointment Capture,1.000,scd__cross-checking-courts,Supreme Court Simulator Design: Supreme court with cross-checking constitutional court,0.586,0.666,0.619,0.573,0.743,0.589,0.022,0.068,0.406,0.023
Supreme Court Simulator Design,dual-supreme-courts,extreme-appointment-capture,scd__extreme-appointment-capture,Supreme Court Simulator Design: Extreme Appointment Capture,1.000,scd__dual-supreme-courts,Supreme Court Simulator Design: Dual supreme courts with disagreement filter,0.577,0.643,0.637,0.585,0.741,0.596,0.021,0.067,0.416,0.034
Supreme Court Simulator Design,comparative-constitutional-senates,extreme-appointment-capture,scd__extreme-appointment-capture,Supreme Court Simulator Design: Extreme Appointment Capture,1.000,scd__comparative-constitutional-senates,Supreme Court Simulator Design: Comparative 16-seat constitutional senates,0.596,0.676,0.628,0.575,0.743,0.613,0.028,0.066,0.382,0.026
Supreme Court Simulator Design,constitutional-council,extreme-appointment-capture,scd__extreme-appointment-capture,Supreme Court Simulator Design: Extreme Appointment Capture,1.000,scd__constitutional-council,Supreme Court Simulator Design: Pre-enactment constitutional council,0.597,0.673,0.635,0.600,0.753,0.631,0.040,0.074,0.392,0.031
Supreme Court Simulator Design,legislative-override,extreme-appointment-capture,scd__extreme-appointment-capture,Supreme Court Simulator Design: Extreme Appointment Capture,1.000,scd__legislative-override,Supreme Court Simulator Design: Judicial review with legislative supermajority override,0.599,0.660,0.639,0.590,0.742,0.583,0.021,0.075,0.403,0.031
Supreme Court Simulator Design,accountability-retention-court,extreme-appointment-capture,scd__extreme-appointment-capture,Supreme Court Simulator Design: Extreme Appointment Capture,1.000,scd__accountability-retention-court,Supreme Court Simulator Design: Retention-election accountability court,0.602,0.667,0.631,0.590,0.741,0.576,0.035,0.076,0.394,0.033
Supreme Court Simulator Design,emergency-restraint-court,extreme-appointment-capture,scd__extreme-appointment-capture,Supreme Court Simulator Design: Extreme Appointment Capture,1.000,scd__emergency-restraint-court,Supreme Court Simulator Design: No emergency relief without merits review,0.609,0.666,0.643,0.588,0.757,0.626,0.034,0.011,0.378,0.038
Supreme Court Simulator Design,randomized-merits-panels,extreme-appointment-capture,scd__extreme-appointment-capture,Supreme Court Simulator Design: Extreme Appointment Capture,1.000,scd__randomized-merits-panels,Supreme Court Simulator Design: Randomized merits panels with en banc correction,0.600,0.667,0.636,0.583,0.744,0.620,0.049,0.076,0.385,0.036
Supreme Court Simulator Design,mandatory-written-emergency-reasoning,extreme-appointment-capture,scd__extreme-appointment-capture,Supreme Court Simulator Design: Extreme Appointment Capture,1.000,scd__mandatory-written-emergency-reasoning,Supreme Court Simulator Design: Mandatory written emergency reasoning,0.601,0.666,0.636,0.584,0.741,0.578,0.047,0.049,0.387,0.037
Supreme Court Simulator Design,automatic-merits-follow-up,extreme-appointment-capture,scd__extreme-appointment-capture,Supreme Court Simulator Design: Extreme Appointment Capture,1.000,scd__automatic-merits-follow-up,Supreme Court Simulator Design: Automatic merits follow-up for emergency relief,0.603,0.656,0.644,0.590,0.752,0.610,0.049,0.018,0.382,0.043
Supreme Court Simulator Design,strong-recusal-enforcement,extreme-appointment-capture,scd__extreme-appointment-capture,Supreme Court Simulator Design: Extreme Appointment Capture,1.000,scd__strong-recusal-enforcement,Supreme Court Simulator Design: Independent recusal enforcement with substitutes,0.599,0.662,0.637,0.584,0.744,0.597,0.031,0.074,0.386,0.036
Supreme Court Simulator Design,jurisdiction-stripping-constraints,extreme-appointment-capture,scd__extreme-appointment-capture,Supreme Court Simulator Design: Extreme Appointment Capture,1.000,scd__jurisdiction-stripping-constraints,Supreme Court Simulator Design: Jurisdiction stripping constrained by rights carveouts,0.605,0.664,0.636,0.586,0.746,0.576,0.021,0.075,0.390,0.037
Supreme Court Simulator Design,legislative-override-window,extreme-appointment-capture,scd__extreme-appointment-capture,Supreme Court Simulator Design: Extreme Appointment Capture,1.000,scd__legislative-override-window,Supreme Court Simulator Design: Time-limited legislative override window,0.599,0.661,0.637,0.589,0.742,0.580,0.020,0.076,0.399,0.036
Supreme Court Simulator Design,constitutional-remand,extreme-appointment-capture,scd__extreme-appointment-capture,Supreme Court Simulator Design: Extreme Appointment Capture,1.000,scd__constitutional-remand,Supreme Court Simulator Design: Constitutional remand before invalidation,0.602,0.688,0.633,0.602,0.753,0.610,0.034,0.077,0.383,0.024
Supreme Court Simulator Design,public-interest-litigation-filter,extreme-appointment-capture,scd__extreme-appointment-capture,Supreme Court Simulator Design: Extreme Appointment Capture,1.000,scd__public-interest-litigation-filter,Supreme Court Simulator Design: Public-interest litigation filter,0.603,0.667,0.641,0.583,0.743,0.582,0.033,0.075,0.382,0.033
Supreme Court Simulator Design,emergency-integrity-package,extreme-appointment-capture,scd__extreme-appointment-capture,Supreme Court Simulator Design: Extreme Appointment Capture,1.000,scd__emergency-integrity-package,Supreme Court Simulator Design: Emergency integrity package,0.603,0.663,0.645,0.589,0.758,0.633,0.030,0.018,0.380,0.039
Supreme Court Simulator Design,remand-override-window-package,extreme-appointment-capture,scd__extreme-appointment-capture,Supreme Court Simulator Design: Extreme Appointment Capture,1.000,scd__remand-override-window-package,Supreme Court Simulator Design: Constitutional remand with override window,0.600,0.691,0.630,0.596,0.754,0.611,0.032,0.049,0.380,0.022
Supreme Court Simulator Design,panel-jurisdiction-safeguards,extreme-appointment-capture,scd__extreme-appointment-capture,Supreme Court Simulator Design: Extreme Appointment Capture,1.000,scd__panel-jurisdiction-safeguards,Supreme Court Simulator Design: Random panels with jurisdiction safeguards,0.599,0.668,0.630,0.582,0.747,0.618,0.049,0.068,0.389,0.032
Supreme Court Simulator Design,council-concrete-hybrid,extreme-appointment-capture,scd__extreme-appointment-capture,Supreme Court Simulator Design: Extreme Appointment Capture,1.000,scd__council-concrete-hybrid,Supreme Court Simulator Design: Constitutional council with concrete-review backstop,0.596,0.678,0.634,0.596,0.755,0.634,0.027,0.076,0.390,0.028
Supreme Court Simulator Design,current-us-like,low-emergency-pressure,scd__low-emergency-pressure,Supreme Court Simulator Design: Low Emergency Pressure,0.750,scd__current-us-like,Supreme Court Simulator Design: Stylized current U.S.-like supreme court,0.601,0.665,0.628,0.569,0.720,0.477,0.031,0.182,0.384,0.030
Supreme Court Simulator Design,term-limited-balanced,low-emergency-pressure,scd__low-emergency-pressure,Supreme Court Simulator Design: Low Emergency Pressure,0.750,scd__term-limited-balanced,Supreme Court Simulator Design: 18-year staggered terms + regular appointments,0.612,0.663,0.637,0.578,0.754,0.564,0.032,0.057,0.362,0.043
Supreme Court Simulator Design,nonpartisan-commission,low-emergency-pressure,scd__low-emergency-pressure,Supreme Court Simulator Design: Low Emergency Pressure,0.750,scd__nonpartisan-commission,Supreme Court Simulator Design: Nonpartisan commission appointments,0.610,0.665,0.636,0.582,0.756,0.572,0.022,0.058,0.365,0.041
Supreme Court Simulator Design,expanded-court-fifteen,low-emergency-pressure,scd__low-emergency-pressure,Supreme Court Simulator Design: Low Emergency Pressure,0.750,scd__expanded-court-fifteen,Supreme Court Simulator Design: Expanded 15-seat court,0.607,0.667,0.637,0.581,0.756,0.574,0.020,0.057,0.365,0.037
Supreme Court Simulator Design,supermajority-review,low-emergency-pressure,scd__low-emergency-pressure,Supreme Court Simulator Design: Low Emergency Pressure,0.750,scd__supermajority-review,Supreme Court Simulator Design: 60 percent invalidation threshold,0.615,0.672,0.632,0.577,0.753,0.561,0.033,0.050,0.362,0.037
Supreme Court Simulator Design,recusal-and-emergency-reform,low-emergency-pressure,scd__low-emergency-pressure,Supreme Court Simulator Design: Low Emergency Pressure,0.750,scd__recusal-and-emergency-reform,Supreme Court Simulator Design: Peer recusal + reasoned emergency docket,0.608,0.665,0.633,0.578,0.753,0.566,0.033,0.058,0.362,0.038
Supreme Court Simulator Design,panel-en-banc,low-emergency-pressure,scd__low-emergency-pressure,Supreme Court Simulator Design: Low Emergency Pressure,0.750,scd__panel-en-banc,Supreme Court Simulator Design: Three-judge panels with en banc correction,0.609,0.668,0.634,0.581,0.758,0.609,0.038,0.059,0.363,0.038
Supreme Court Simulator Design,cross-checking-courts,low-emergency-pressure,scd__low-emergency-pressure,Supreme Court Simulator Design: Low Emergency Pressure,0.750,scd__cross-checking-courts,Supreme Court Simulator Design: Supreme court with cross-checking constitutional court,0.596,0.670,0.615,0.568,0.757,0.573,0.014,0.049,0.381,0.025
Supreme Court Simulator Design,dual-supreme-courts,low-emergency-pressure,scd__low-emergency-pressure,Supreme Court Simulator Design: Low Emergency Pressure,0.750,scd__dual-supreme-courts,Supreme Court Simulator Design: Dual supreme courts with disagreement filter,0.584,0.646,0.631,0.579,0.753,0.579,0.013,0.049,0.391,0.042
Supreme Court Simulator Design,comparative-constitutional-senates,low-emergency-pressure,scd__low-emergency-pressure,Supreme Court Simulator Design: Low Emergency Pressure,0.750,scd__comparative-constitutional-senates,Supreme Court Simulator Design: Comparative 16-seat constitutional senates,0.606,0.678,0.627,0.573,0.760,0.604,0.018,0.047,0.357,0.029
Supreme Court Simulator Design,constitutional-council,low-emergency-pressure,scd__low-emergency-pressure,Supreme Court Simulator Design: Low Emergency Pressure,0.750,scd__constitutional-council,Supreme Court Simulator Design: Pre-enactment constitutional council,0.607,0.677,0.632,0.593,0.767,0.620,0.028,0.056,0.369,0.034
Supreme Court Simulator Design,legislative-override,low-emergency-pressure,scd__low-emergency-pressure,Supreme Court Simulator Design: Low Emergency Pressure,0.750,scd__legislative-override,Supreme Court Simulator Design: Judicial review with legislative supermajority override,0.608,0.663,0.633,0.581,0.757,0.568,0.014,0.057,0.373,0.039
Supreme Court Simulator Design,accountability-retention-court,low-emergency-pressure,scd__low-emergency-pressure,Supreme Court Simulator Design: Low Emergency Pressure,0.750,scd__accountability-retention-court,Supreme Court Simulator Design: Retention-election accountability court,0.610,0.671,0.629,0.588,0.756,0.571,0.022,0.058,0.373,0.035
Supreme Court Simulator Design,emergency-restraint-court,low-emergency-pressure,scd__low-emergency-pressure,Supreme Court Simulator Design: Low Emergency Pressure,0.750,scd__emergency-restraint-court,Supreme Court Simulator Design: No emergency relief without merits review,0.615,0.670,0.637,0.581,0.767,0.603,0.023,0.008,0.358,0.042
Supreme Court Simulator Design,randomized-merits-panels,low-emergency-pressure,scd__low-emergency-pressure,Supreme Court Simulator Design: Low Emergency Pressure,0.750,scd__randomized-merits-panels,Supreme Court Simulator Design: Randomized merits panels with en banc correction,0.607,0.665,0.636,0.580,0.758,0.611,0.033,0.059,0.363,0.041
Supreme Court Simulator Design,mandatory-written-emergency-reasoning,low-emergency-pressure,scd__low-emergency-pressure,Supreme Court Simulator Design: Low Emergency Pressure,0.750,scd__mandatory-written-emergency-reasoning,Supreme Court Simulator Design: Mandatory written emergency reasoning,0.610,0.670,0.634,0.580,0.756,0.570,0.033,0.036,0.364,0.041
Supreme Court Simulator Design,automatic-merits-follow-up,low-emergency-pressure,scd__low-emergency-pressure,Supreme Court Simulator Design: Low Emergency Pressure,0.750,scd__automatic-merits-follow-up,Supreme Court Simulator Design: Automatic merits follow-up for emergency relief,0.609,0.662,0.634,0.580,0.763,0.587,0.030,0.013,0.358,0.048
Supreme Court Simulator Design,strong-recusal-enforcement,low-emergency-pressure,scd__low-emergency-pressure,Supreme Court Simulator Design: Low Emergency Pressure,0.750,scd__strong-recusal-enforcement,Supreme Court Simulator Design: Independent recusal enforcement with substitutes,0.607,0.666,0.633,0.580,0.757,0.580,0.021,0.058,0.363,0.041
Supreme Court Simulator Design,jurisdiction-stripping-constraints,low-emergency-pressure,scd__low-emergency-pressure,Supreme Court Simulator Design: Low Emergency Pressure,0.750,scd__jurisdiction-stripping-constraints,Supreme Court Simulator Design: Jurisdiction stripping constrained by rights carveouts,0.612,0.662,0.634,0.582,0.761,0.572,0.014,0.055,0.371,0.040
Supreme Court Simulator Design,legislative-override-window,low-emergency-pressure,scd__low-emergency-pressure,Supreme Court Simulator Design: Low Emergency Pressure,0.750,scd__legislative-override-window,Supreme Court Simulator Design: Time-limited legislative override window,0.609,0.666,0.635,0.584,0.757,0.570,0.014,0.059,0.375,0.038
Supreme Court Simulator Design,constitutional-remand,low-emergency-pressure,scd__low-emergency-pressure,Supreme Court Simulator Design: Low Emergency Pressure,0.750,scd__constitutional-remand,Supreme Court Simulator Design: Constitutional remand before invalidation,0.612,0.691,0.629,0.593,0.767,0.595,0.021,0.056,0.357,0.028
Supreme Court Simulator Design,public-interest-litigation-filter,low-emergency-pressure,scd__low-emergency-pressure,Supreme Court Simulator Design: Low Emergency Pressure,0.750,scd__public-interest-litigation-filter,Supreme Court Simulator Design: Public-interest litigation filter,0.610,0.667,0.639,0.579,0.756,0.575,0.022,0.056,0.362,0.040
Supreme Court Simulator Design,emergency-integrity-package,low-emergency-pressure,scd__low-emergency-pressure,Supreme Court Simulator Design: Low Emergency Pressure,0.750,scd__emergency-integrity-package,Supreme Court Simulator Design: Emergency integrity package,0.609,0.667,0.637,0.580,0.767,0.603,0.020,0.013,0.358,0.044
Supreme Court Simulator Design,remand-override-window-package,low-emergency-pressure,scd__low-emergency-pressure,Supreme Court Simulator Design: Low Emergency Pressure,0.750,scd__remand-override-window-package,Supreme Court Simulator Design: Constitutional remand with override window,0.607,0.688,0.634,0.596,0.768,0.606,0.022,0.034,0.365,0.031
Supreme Court Simulator Design,panel-jurisdiction-safeguards,low-emergency-pressure,scd__low-emergency-pressure,Supreme Court Simulator Design: Low Emergency Pressure,0.750,scd__panel-jurisdiction-safeguards,Supreme Court Simulator Design: Random panels with jurisdiction safeguards,0.607,0.669,0.627,0.577,0.761,0.607,0.034,0.050,0.366,0.036
Supreme Court Simulator Design,council-concrete-hybrid,low-emergency-pressure,scd__low-emergency-pressure,Supreme Court Simulator Design: Low Emergency Pressure,0.750,scd__council-concrete-hybrid,Supreme Court Simulator Design: Constitutional council with concrete-review backstop,0.605,0.677,0.633,0.592,0.769,0.624,0.017,0.056,0.369,0.029
Supreme Court Simulator Design,current-us-like,extreme-emergency-pressure,scd__extreme-emergency-pressure,Supreme Court Simulator Design: Extreme Emergency Pressure,1.000,scd__current-us-like,Supreme Court Simulator Design: Stylized current U.S.-like supreme court,0.506,0.540,0.663,0.592,0.581,0.383,0.071,0.451,0.644,0.070
Supreme Court Simulator Design,term-limited-balanced,extreme-emergency-pressure,scd__extreme-emergency-pressure,Supreme Court Simulator Design: Extreme Emergency Pressure,1.000,scd__term-limited-balanced,Supreme Court Simulator Design: 18-year staggered terms + regular appointments,0.519,0.558,0.627,0.615,0.648,0.573,0.073,0.177,0.586,0.127
Supreme Court Simulator Design,nonpartisan-commission,extreme-emergency-pressure,scd__extreme-emergency-pressure,Supreme Court Simulator Design: Extreme Emergency Pressure,1.000,scd__nonpartisan-commission,Supreme Court Simulator Design: Nonpartisan commission appointments,0.518,0.560,0.626,0.617,0.654,0.585,0.045,0.177,0.588,0.130
Supreme Court Simulator Design,expanded-court-fifteen,extreme-emergency-pressure,scd__extreme-emergency-pressure,Supreme Court Simulator Design: Extreme Emergency Pressure,1.000,scd__expanded-court-fifteen,Supreme Court Simulator Design: Expanded 15-seat court,0.512,0.556,0.629,0.618,0.651,0.592,0.045,0.180,0.592,0.127
Supreme Court Simulator Design,supermajority-review,extreme-emergency-pressure,scd__extreme-emergency-pressure,Supreme Court Simulator Design: Extreme Emergency Pressure,1.000,scd__supermajority-review,Supreme Court Simulator Design: 60 percent invalidation threshold,0.523,0.583,0.616,0.606,0.638,0.554,0.077,0.170,0.593,0.097
Supreme Court Simulator Design,recusal-and-emergency-reform,extreme-emergency-pressure,scd__extreme-emergency-pressure,Supreme Court Simulator Design: Extreme Emergency Pressure,1.000,scd__recusal-and-emergency-reform,Supreme Court Simulator Design: Peer recusal + reasoned emergency docket,0.513,0.555,0.627,0.619,0.649,0.584,0.079,0.179,0.589,0.134
Supreme Court Simulator Design,panel-en-banc,extreme-emergency-pressure,scd__extreme-emergency-pressure,Supreme Court Simulator Design: Extreme Emergency Pressure,1.000,scd__panel-en-banc,Supreme Court Simulator Design: Three-judge panels with en banc correction,0.516,0.559,0.633,0.620,0.654,0.630,0.072,0.178,0.589,0.130
Supreme Court Simulator Design,cross-checking-courts,extreme-emergency-pressure,scd__extreme-emergency-pressure,Supreme Court Simulator Design: Extreme Emergency Pressure,1.000,scd__cross-checking-courts,Supreme Court Simulator Design: Supreme court with cross-checking constitutional court,0.503,0.581,0.603,0.593,0.646,0.582,0.031,0.169,0.614,0.069
Supreme Court Simulator Design,dual-supreme-courts,extreme-emergency-pressure,scd__extreme-emergency-pressure,Supreme Court Simulator Design: Extreme Emergency Pressure,1.000,scd__dual-supreme-courts,Supreme Court Simulator Design: Dual supreme courts with disagreement filter,0.476,0.515,0.629,0.622,0.645,0.592,0.029,0.173,0.630,0.140
Supreme Court Simulator Design,comparative-constitutional-senates,extreme-emergency-pressure,scd__extreme-emergency-pressure,Supreme Court Simulator Design: Extreme Emergency Pressure,1.000,scd__comparative-constitutional-senates,Supreme Court Simulator Design: Comparative 16-seat constitutional senates,0.514,0.590,0.616,0.602,0.648,0.612,0.043,0.171,0.591,0.084
Supreme Court Simulator Design,constitutional-council,extreme-emergency-pressure,scd__extreme-emergency-pressure,Supreme Court Simulator Design: Extreme Emergency Pressure,1.000,scd__constitutional-council,Supreme Court Simulator Design: Pre-enactment constitutional council,0.510,0.569,0.634,0.650,0.667,0.662,0.056,0.180,0.606,0.117
Supreme Court Simulator Design,legislative-override,extreme-emergency-pressure,scd__extreme-emergency-pressure,Supreme Court Simulator Design: Extreme Emergency Pressure,1.000,scd__legislative-override,Supreme Court Simulator Design: Judicial review with legislative supermajority override,0.513,0.552,0.631,0.628,0.654,0.588,0.029,0.178,0.608,0.133
Supreme Court Simulator Design,accountability-retention-court,extreme-emergency-pressure,scd__extreme-emergency-pressure,Supreme Court Simulator Design: Extreme Emergency Pressure,1.000,scd__accountability-retention-court,Supreme Court Simulator Design: Retention-election accountability court,0.517,0.563,0.622,0.631,0.652,0.590,0.048,0.177,0.603,0.121
Supreme Court Simulator Design,emergency-restraint-court,extreme-emergency-pressure,scd__extreme-emergency-pressure,Supreme Court Simulator Design: Extreme Emergency Pressure,1.000,scd__emergency-restraint-court,Supreme Court Simulator Design: No emergency relief without merits review,0.516,0.508,0.649,0.644,0.689,0.694,0.044,0.047,0.583,0.194
Supreme Court Simulator Design,randomized-merits-panels,extreme-emergency-pressure,scd__extreme-emergency-pressure,Supreme Court Simulator Design: Extreme Emergency Pressure,1.000,scd__randomized-merits-panels,Supreme Court Simulator Design: Randomized merits panels with en banc correction,0.515,0.563,0.629,0.619,0.653,0.632,0.074,0.181,0.590,0.127
Supreme Court Simulator Design,mandatory-written-emergency-reasoning,extreme-emergency-pressure,scd__extreme-emergency-pressure,Supreme Court Simulator Design: Extreme Emergency Pressure,1.000,scd__mandatory-written-emergency-reasoning,Supreme Court Simulator Design: Mandatory written emergency reasoning,0.517,0.572,0.620,0.612,0.646,0.573,0.079,0.139,0.591,0.116
Supreme Court Simulator Design,automatic-merits-follow-up,extreme-emergency-pressure,scd__extreme-emergency-pressure,Supreme Court Simulator Design: Extreme Emergency Pressure,1.000,scd__automatic-merits-follow-up,Supreme Court Simulator Design: Automatic merits follow-up for emergency relief,0.504,0.492,0.643,0.646,0.680,0.669,0.068,0.058,0.589,0.215
Supreme Court Simulator Design,strong-recusal-enforcement,extreme-emergency-pressure,scd__extreme-emergency-pressure,Supreme Court Simulator Design: Extreme Emergency Pressure,1.000,scd__strong-recusal-enforcement,Supreme Court Simulator Design: Independent recusal enforcement with substitutes,0.515,0.562,0.627,0.617,0.654,0.601,0.042,0.181,0.587,0.127
Supreme Court Simulator Design,jurisdiction-stripping-constraints,extreme-emergency-pressure,scd__extreme-emergency-pressure,Supreme Court Simulator Design: Extreme Emergency Pressure,1.000,scd__jurisdiction-stripping-constraints,Supreme Court Simulator Design: Jurisdiction stripping constrained by rights carveouts,0.516,0.553,0.627,0.625,0.657,0.588,0.029,0.180,0.604,0.128
Supreme Court Simulator Design,legislative-override-window,extreme-emergency-pressure,scd__extreme-emergency-pressure,Supreme Court Simulator Design: Extreme Emergency Pressure,1.000,scd__legislative-override-window,Supreme Court Simulator Design: Time-limited legislative override window,0.515,0.558,0.628,0.625,0.655,0.582,0.029,0.179,0.602,0.125
Supreme Court Simulator Design,constitutional-remand,extreme-emergency-pressure,scd__extreme-emergency-pressure,Supreme Court Simulator Design: Extreme Emergency Pressure,1.000,scd__constitutional-remand,Supreme Court Simulator Design: Constitutional remand before invalidation,0.519,0.597,0.623,0.640,0.665,0.627,0.047,0.182,0.589,0.090
Supreme Court Simulator Design,public-interest-litigation-filter,extreme-emergency-pressure,scd__extreme-emergency-pressure,Supreme Court Simulator Design: Extreme Emergency Pressure,1.000,scd__public-interest-litigation-filter,Supreme Court Simulator Design: Public-interest litigation filter,0.520,0.569,0.635,0.617,0.654,0.596,0.045,0.178,0.588,0.118
Supreme Court Simulator Design,emergency-integrity-package,extreme-emergency-pressure,scd__extreme-emergency-pressure,Supreme Court Simulator Design: Extreme Emergency Pressure,1.000,scd__emergency-integrity-package,Supreme Court Simulator Design: Emergency integrity package,0.506,0.501,0.648,0.647,0.685,0.700,0.045,0.059,0.590,0.200
Supreme Court Simulator Design,remand-override-window-package,extreme-emergency-pressure,scd__extreme-emergency-pressure,Supreme Court Simulator Design: Extreme Emergency Pressure,1.000,scd__remand-override-window-package,Supreme Court Simulator Design: Constitutional remand with override window,0.517,0.610,0.617,0.631,0.663,0.620,0.041,0.141,0.587,0.077
Supreme Court Simulator Design,panel-jurisdiction-safeguards,extreme-emergency-pressure,scd__extreme-emergency-pressure,Supreme Court Simulator Design: Extreme Emergency Pressure,1.000,scd__panel-jurisdiction-safeguards,Supreme Court Simulator Design: Random panels with jurisdiction safeguards,0.514,0.576,0.617,0.611,0.651,0.621,0.070,0.166,0.599,0.101
Supreme Court Simulator Design,council-concrete-hybrid,extreme-emergency-pressure,scd__extreme-emergency-pressure,Supreme Court Simulator Design: Extreme Emergency Pressure,1.000,scd__council-concrete-hybrid,Supreme Court Simulator Design: Constitutional council with concrete-review backstop,0.511,0.579,0.630,0.645,0.669,0.670,0.038,0.179,0.601,0.109
Supreme Court Simulator Design,current-us-like,low-rights-risk,scd__low-rights-risk,Supreme Court Simulator Design: Low Rights Risk,0.750,scd__current-us-like,Supreme Court Simulator Design: Stylized current U.S.-like supreme court,0.622,0.706,0.638,0.567,0.742,0.478,0.021,0.178,0.332,0.008
Supreme Court Simulator Design,term-limited-balanced,low-rights-risk,scd__low-rights-risk,Supreme Court Simulator Design: Low Rights Risk,0.750,scd__term-limited-balanced,Supreme Court Simulator Design: 18-year staggered terms + regular appointments,0.636,0.714,0.642,0.572,0.776,0.568,0.021,0.052,0.310,0.012
Supreme Court Simulator Design,nonpartisan-commission,low-rights-risk,scd__low-rights-risk,Supreme Court Simulator Design: Low Rights Risk,0.750,scd__nonpartisan-commission,Supreme Court Simulator Design: Nonpartisan commission appointments,0.634,0.716,0.641,0.572,0.778,0.572,0.017,0.053,0.310,0.012
Supreme Court Simulator Design,expanded-court-fifteen,low-rights-risk,scd__low-rights-risk,Supreme Court Simulator Design: Low Rights Risk,0.750,scd__expanded-court-fifteen,Supreme Court Simulator Design: Expanded 15-seat court,0.630,0.714,0.642,0.570,0.776,0.573,0.014,0.054,0.309,0.013
Supreme Court Simulator Design,supermajority-review,low-rights-risk,scd__low-rights-risk,Supreme Court Simulator Design: Low Rights Risk,0.750,scd__supermajority-review,Supreme Court Simulator Design: 60 percent invalidation threshold,0.635,0.715,0.635,0.569,0.774,0.558,0.023,0.046,0.309,0.011
Supreme Court Simulator Design,recusal-and-emergency-reform,low-rights-risk,scd__low-rights-risk,Supreme Court Simulator Design: Low Rights Risk,0.750,scd__recusal-and-emergency-reform,Supreme Court Simulator Design: Peer recusal + reasoned emergency docket,0.633,0.716,0.641,0.571,0.776,0.571,0.023,0.053,0.308,0.011
Supreme Court Simulator Design,panel-en-banc,low-rights-risk,scd__low-rights-risk,Supreme Court Simulator Design: Low Rights Risk,0.750,scd__panel-en-banc,Supreme Court Simulator Design: Three-judge panels with en banc correction,0.632,0.716,0.643,0.574,0.779,0.612,0.026,0.055,0.311,0.011
Supreme Court Simulator Design,cross-checking-courts,low-rights-risk,scd__low-rights-risk,Supreme Court Simulator Design: Low Rights Risk,0.750,scd__cross-checking-courts,Supreme Court Simulator Design: Supreme court with cross-checking constitutional court,0.618,0.711,0.628,0.565,0.779,0.570,0.009,0.045,0.327,0.008
Supreme Court Simulator Design,dual-supreme-courts,low-rights-risk,scd__low-rights-risk,Supreme Court Simulator Design: Low Rights Risk,0.750,scd__dual-supreme-courts,Supreme Court Simulator Design: Dual supreme courts with disagreement filter,0.610,0.699,0.642,0.576,0.775,0.582,0.009,0.048,0.339,0.013
Supreme Court Simulator Design,comparative-constitutional-senates,low-rights-risk,scd__low-rights-risk,Supreme Court Simulator Design: Low Rights Risk,0.750,scd__comparative-constitutional-senates,Supreme Court Simulator Design: Comparative 16-seat constitutional senates,0.624,0.717,0.632,0.567,0.779,0.605,0.013,0.047,0.309,0.009
Supreme Court Simulator Design,constitutional-council,low-rights-risk,scd__low-rights-risk,Supreme Court Simulator Design: Low Rights Risk,0.750,scd__constitutional-council,Supreme Court Simulator Design: Pre-enactment constitutional council,0.628,0.719,0.642,0.585,0.787,0.620,0.021,0.053,0.318,0.011
Supreme Court Simulator Design,legislative-override,low-rights-risk,scd__low-rights-risk,Supreme Court Simulator Design: Low Rights Risk,0.750,scd__legislative-override,Supreme Court Simulator Design: Judicial review with legislative supermajority override,0.631,0.714,0.642,0.577,0.777,0.573,0.008,0.055,0.320,0.013
Supreme Court Simulator Design,accountability-retention-court,low-rights-risk,scd__low-rights-risk,Supreme Court Simulator Design: Low Rights Risk,0.750,scd__accountability-retention-court,Supreme Court Simulator Design: Retention-election accountability court,0.633,0.717,0.636,0.575,0.777,0.571,0.017,0.053,0.313,0.012
Supreme Court Simulator Design,emergency-restraint-court,low-rights-risk,scd__low-rights-risk,Supreme Court Simulator Design: Low Rights Risk,0.750,scd__emergency-restraint-court,Supreme Court Simulator Design: No emergency relief without merits review,0.637,0.718,0.641,0.573,0.787,0.604,0.018,0.006,0.306,0.013
Supreme Court Simulator Design,randomized-merits-panels,low-rights-risk,scd__low-rights-risk,Supreme Court Simulator Design: Low Rights Risk,0.750,scd__randomized-merits-panels,Supreme Court Simulator Design: Randomized merits panels with en banc correction,0.631,0.715,0.642,0.573,0.781,0.613,0.026,0.053,0.310,0.012
Supreme Court Simulator Design,mandatory-written-emergency-reasoning,low-rights-risk,scd__low-rights-risk,Supreme Court Simulator Design: Low Rights Risk,0.750,scd__mandatory-written-emergency-reasoning,Supreme Court Simulator Design: Mandatory written emergency reasoning,0.633,0.715,0.643,0.572,0.778,0.574,0.023,0.030,0.310,0.014
Supreme Court Simulator Design,automatic-merits-follow-up,low-rights-risk,scd__low-rights-risk,Supreme Court Simulator Design: Low Rights Risk,0.750,scd__automatic-merits-follow-up,Supreme Court Simulator Design: Automatic merits follow-up for emergency relief,0.633,0.717,0.643,0.575,0.783,0.596,0.023,0.010,0.311,0.012
Supreme Court Simulator Design,strong-recusal-enforcement,low-rights-risk,scd__low-rights-risk,Supreme Court Simulator Design: Low Rights Risk,0.750,scd__strong-recusal-enforcement,Supreme Court Simulator Design: Independent recusal enforcement with substitutes,0.632,0.716,0.643,0.577,0.780,0.585,0.015,0.052,0.312,0.013
Supreme Court Simulator Design,jurisdiction-stripping-constraints,low-rights-risk,scd__low-rights-risk,Supreme Court Simulator Design: Low Rights Risk,0.750,scd__jurisdiction-stripping-constraints,Supreme Court Simulator Design: Jurisdiction stripping constrained by rights carveouts,0.637,0.714,0.644,0.576,0.783,0.573,0.008,0.052,0.315,0.013
Supreme Court Simulator Design,legislative-override-window,low-rights-risk,scd__low-rights-risk,Supreme Court Simulator Design: Low Rights Risk,0.750,scd__legislative-override-window,Supreme Court Simulator Design: Time-limited legislative override window,0.633,0.715,0.641,0.575,0.779,0.572,0.008,0.053,0.316,0.012
Supreme Court Simulator Design,constitutional-remand,low-rights-risk,scd__low-rights-risk,Supreme Court Simulator Design: Low Rights Risk,0.750,scd__constitutional-remand,Supreme Court Simulator Design: Constitutional remand before invalidation,0.631,0.727,0.638,0.585,0.785,0.595,0.017,0.053,0.308,0.009
Supreme Court Simulator Design,public-interest-litigation-filter,low-rights-risk,scd__low-rights-risk,Supreme Court Simulator Design: Low Rights Risk,0.750,scd__public-interest-litigation-filter,Supreme Court Simulator Design: Public-interest litigation filter,0.633,0.715,0.643,0.572,0.778,0.575,0.018,0.054,0.308,0.013
Supreme Court Simulator Design,emergency-integrity-package,low-rights-risk,scd__low-rights-risk,Supreme Court Simulator Design: Low Rights Risk,0.750,scd__emergency-integrity-package,Supreme Court Simulator Design: Emergency integrity package,0.631,0.718,0.640,0.574,0.785,0.607,0.015,0.010,0.309,0.012
Supreme Court Simulator Design,remand-override-window-package,low-rights-risk,scd__low-rights-risk,Supreme Court Simulator Design: Low Rights Risk,0.750,scd__remand-override-window-package,Supreme Court Simulator Design: Constitutional remand with override window,0.628,0.729,0.634,0.583,0.787,0.594,0.016,0.030,0.306,0.008
Supreme Court Simulator Design,panel-jurisdiction-safeguards,low-rights-risk,scd__low-rights-risk,Supreme Court Simulator Design: Low Rights Risk,0.750,scd__panel-jurisdiction-safeguards,Supreme Court Simulator Design: Random panels with jurisdiction safeguards,0.630,0.714,0.641,0.577,0.784,0.618,0.026,0.046,0.317,0.012
Supreme Court Simulator Design,council-concrete-hybrid,low-rights-risk,scd__low-rights-risk,Supreme Court Simulator Design: Low Rights Risk,0.750,scd__council-concrete-hybrid,Supreme Court Simulator Design: Constitutional council with concrete-review backstop,0.627,0.724,0.635,0.579,0.788,0.620,0.012,0.051,0.310,0.010
Supreme Court Simulator Design,current-us-like,extreme-rights-risk,scd__extreme-rights-risk,Supreme Court Simulator Design: Extreme Rights Risk,1.000,scd__current-us-like,Supreme Court Simulator Design: Stylized current U.S.-like supreme court,0.512,0.475,0.590,0.591,0.605,0.414,0.058,0.355,0.616,0.114
Supreme Court Simulator Design,term-limited-balanced,extreme-rights-risk,scd__extreme-rights-risk,Supreme Court Simulator Design: Extreme Rights Risk,1.000,scd__term-limited-balanced,Supreme Court Simulator Design: 18-year staggered terms + regular appointments,0.518,0.466,0.572,0.630,0.667,0.571,0.057,0.122,0.573,0.179
Supreme Court Simulator Design,nonpartisan-commission,extreme-rights-risk,scd__extreme-rights-risk,Supreme Court Simulator Design: Extreme Rights Risk,1.000,scd__nonpartisan-commission,Supreme Court Simulator Design: Nonpartisan commission appointments,0.515,0.469,0.569,0.627,0.669,0.573,0.037,0.123,0.568,0.176
Supreme Court Simulator Design,expanded-court-fifteen,extreme-rights-risk,scd__extreme-rights-risk,Supreme Court Simulator Design: Extreme Rights Risk,1.000,scd__expanded-court-fifteen,Supreme Court Simulator Design: Expanded 15-seat court,0.512,0.467,0.571,0.629,0.669,0.581,0.040,0.123,0.571,0.179
Supreme Court Simulator Design,supermajority-review,extreme-rights-risk,scd__extreme-rights-risk,Supreme Court Simulator Design: Extreme Rights Risk,1.000,scd__supermajority-review,Supreme Court Simulator Design: 60 percent invalidation threshold,0.522,0.499,0.545,0.608,0.658,0.542,0.056,0.115,0.563,0.148
Supreme Court Simulator Design,recusal-and-emergency-reform,extreme-rights-risk,scd__extreme-rights-risk,Supreme Court Simulator Design: Extreme Rights Risk,1.000,scd__recusal-and-emergency-reform,Supreme Court Simulator Design: Peer recusal + reasoned emergency docket,0.514,0.468,0.570,0.629,0.666,0.576,0.059,0.120,0.569,0.178
Supreme Court Simulator Design,panel-en-banc,extreme-rights-risk,scd__extreme-rights-risk,Supreme Court Simulator Design: Extreme Rights Risk,1.000,scd__panel-en-banc,Supreme Court Simulator Design: Three-judge panels with en banc correction,0.511,0.462,0.572,0.632,0.670,0.621,0.060,0.120,0.574,0.182
Supreme Court Simulator Design,cross-checking-courts,extreme-rights-risk,scd__extreme-rights-risk,Supreme Court Simulator Design: Extreme Rights Risk,1.000,scd__cross-checking-courts,Supreme Court Simulator Design: Supreme court with cross-checking constitutional court,0.506,0.522,0.515,0.589,0.661,0.572,0.028,0.119,0.587,0.103
Supreme Court Simulator Design,dual-supreme-courts,extreme-rights-risk,scd__extreme-rights-risk,Supreme Court Simulator Design: Extreme Rights Risk,1.000,scd__dual-supreme-courts,Supreme Court Simulator Design: Dual supreme courts with disagreement filter,0.487,0.449,0.564,0.628,0.663,0.575,0.027,0.118,0.599,0.184
Supreme Court Simulator Design,comparative-constitutional-senates,extreme-rights-risk,scd__extreme-rights-risk,Supreme Court Simulator Design: Extreme Rights Risk,1.000,scd__comparative-constitutional-senates,Supreme Court Simulator Design: Comparative 16-seat constitutional senates,0.512,0.497,0.549,0.612,0.667,0.599,0.034,0.114,0.564,0.152
Supreme Court Simulator Design,constitutional-council,extreme-rights-risk,scd__extreme-rights-risk,Supreme Court Simulator Design: Extreme Rights Risk,1.000,scd__constitutional-council,Supreme Court Simulator Design: Pre-enactment constitutional council,0.501,0.464,0.574,0.666,0.679,0.643,0.050,0.124,0.612,0.170
Supreme Court Simulator Design,legislative-override,extreme-rights-risk,scd__extreme-rights-risk,Supreme Court Simulator Design: Extreme Rights Risk,1.000,scd__legislative-override,Supreme Court Simulator Design: Judicial review with legislative supermajority override,0.506,0.452,0.576,0.645,0.667,0.577,0.026,0.120,0.613,0.176
Supreme Court Simulator Design,accountability-retention-court,extreme-rights-risk,scd__extreme-rights-risk,Supreme Court Simulator Design: Extreme Rights Risk,1.000,scd__accountability-retention-court,Supreme Court Simulator Design: Retention-election accountability court,0.508,0.463,0.546,0.654,0.664,0.571,0.042,0.122,0.603,0.174
Supreme Court Simulator Design,emergency-restraint-court,extreme-rights-risk,scd__extreme-rights-risk,Supreme Court Simulator Design: Extreme Rights Risk,1.000,scd__emergency-restraint-court,Supreme Court Simulator Design: No emergency relief without merits review,0.522,0.441,0.595,0.656,0.694,0.652,0.040,0.026,0.575,0.223
Supreme Court Simulator Design,randomized-merits-panels,extreme-rights-risk,scd__extreme-rights-risk,Supreme Court Simulator Design: Extreme Rights Risk,1.000,scd__randomized-merits-panels,Supreme Court Simulator Design: Randomized merits panels with en banc correction,0.511,0.464,0.575,0.632,0.672,0.621,0.057,0.120,0.572,0.174
Supreme Court Simulator Design,mandatory-written-emergency-reasoning,extreme-rights-risk,scd__extreme-rights-risk,Supreme Court Simulator Design: Extreme Rights Risk,1.000,scd__mandatory-written-emergency-reasoning,Supreme Court Simulator Design: Mandatory written emergency reasoning,0.510,0.470,0.563,0.627,0.661,0.569,0.057,0.096,0.578,0.173
Supreme Court Simulator Design,automatic-merits-follow-up,extreme-rights-risk,scd__extreme-rights-risk,Supreme Court Simulator Design: Extreme Rights Risk,1.000,scd__automatic-merits-follow-up,Supreme Court Simulator Design: Automatic merits follow-up for emergency relief,0.520,0.441,0.595,0.654,0.691,0.632,0.057,0.035,0.571,0.220
Supreme Court Simulator Design,strong-recusal-enforcement,extreme-rights-risk,scd__extreme-rights-risk,Supreme Court Simulator Design: Extreme Rights Risk,1.000,scd__strong-recusal-enforcement,Supreme Court Simulator Design: Independent recusal enforcement with substitutes,0.514,0.467,0.568,0.629,0.673,0.593,0.039,0.118,0.568,0.174
Supreme Court Simulator Design,jurisdiction-stripping-constraints,extreme-rights-risk,scd__extreme-rights-risk,Supreme Court Simulator Design: Extreme Rights Risk,1.000,scd__jurisdiction-stripping-constraints,Supreme Court Simulator Design: Jurisdiction stripping constrained by rights carveouts,0.512,0.462,0.567,0.637,0.669,0.572,0.026,0.121,0.595,0.172
Supreme Court Simulator Design,legislative-override-window,extreme-rights-risk,scd__extreme-rights-risk,Supreme Court Simulator Design: Extreme Rights Risk,1.000,scd__legislative-override-window,Supreme Court Simulator Design: Time-limited legislative override window,0.507,0.458,0.573,0.646,0.666,0.575,0.026,0.123,0.611,0.178
Supreme Court Simulator Design,constitutional-remand,extreme-rights-risk,scd__extreme-rights-risk,Supreme Court Simulator Design: Extreme Rights Risk,1.000,scd__constitutional-remand,Supreme Court Simulator Design: Constitutional remand before invalidation,0.518,0.510,0.565,0.647,0.680,0.610,0.035,0.122,0.580,0.133
Supreme Court Simulator Design,public-interest-litigation-filter,extreme-rights-risk,scd__extreme-rights-risk,Supreme Court Simulator Design: Extreme Rights Risk,1.000,scd__public-interest-litigation-filter,Supreme Court Simulator Design: Public-interest litigation filter,0.513,0.468,0.574,0.631,0.668,0.580,0.042,0.123,0.572,0.175
Supreme Court Simulator Design,emergency-integrity-package,extreme-rights-risk,scd__extreme-rights-risk,Supreme Court Simulator Design: Extreme Rights Risk,1.000,scd__emergency-integrity-package,Supreme Court Simulator Design: Emergency integrity package,0.517,0.438,0.598,0.659,0.697,0.659,0.040,0.035,0.574,0.224
Supreme Court Simulator Design,remand-override-window-package,extreme-rights-risk,scd__extreme-rights-risk,Supreme Court Simulator Design: Extreme Rights Risk,1.000,scd__remand-override-window-package,Supreme Court Simulator Design: Constitutional remand with override window,0.513,0.516,0.560,0.647,0.676,0.612,0.041,0.096,0.586,0.136
Supreme Court Simulator Design,panel-jurisdiction-safeguards,extreme-rights-risk,scd__extreme-rights-risk,Supreme Court Simulator Design: Extreme Rights Risk,1.000,scd__panel-jurisdiction-safeguards,Supreme Court Simulator Design: Random panels with jurisdiction safeguards,0.505,0.479,0.553,0.629,0.664,0.611,0.057,0.120,0.596,0.159
Supreme Court Simulator Design,council-concrete-hybrid,extreme-rights-risk,scd__extreme-rights-risk,Supreme Court Simulator Design: Extreme Rights Risk,1.000,scd__council-concrete-hybrid,Supreme Court Simulator Design: Constitutional council with concrete-review backstop,0.499,0.465,0.576,0.663,0.681,0.648,0.034,0.120,0.609,0.173
Supreme Court Simulator Design,current-us-like,weak-mandate-legislation,scd__weak-mandate-legislation,Supreme Court Simulator Design: Weak-Mandate Legislation,1.000,scd__current-us-like,Supreme Court Simulator Design: Stylized current U.S.-like supreme court,0.524,0.540,0.619,0.587,0.631,0.427,0.054,0.309,0.549,0.077
Supreme Court Simulator Design,term-limited-balanced,weak-mandate-legislation,scd__weak-mandate-legislation,Supreme Court Simulator Design: Weak-Mandate Legislation,1.000,scd__term-limited-balanced,Supreme Court Simulator Design: 18-year staggered terms + regular appointments,0.534,0.537,0.604,0.618,0.685,0.562,0.049,0.103,0.505,0.116
Supreme Court Simulator Design,nonpartisan-commission,weak-mandate-legislation,scd__weak-mandate-legislation,Supreme Court Simulator Design: Weak-Mandate Legislation,1.000,scd__nonpartisan-commission,Supreme Court Simulator Design: Nonpartisan commission appointments,0.529,0.530,0.605,0.622,0.688,0.569,0.036,0.105,0.508,0.122
Supreme Court Simulator Design,expanded-court-fifteen,weak-mandate-legislation,scd__weak-mandate-legislation,Supreme Court Simulator Design: Weak-Mandate Legislation,1.000,scd__expanded-court-fifteen,Supreme Court Simulator Design: Expanded 15-seat court,0.530,0.539,0.603,0.616,0.689,0.569,0.029,0.102,0.500,0.115
Supreme Court Simulator Design,supermajority-review,weak-mandate-legislation,scd__weak-mandate-legislation,Supreme Court Simulator Design: Weak-Mandate Legislation,1.000,scd__supermajority-review,Supreme Court Simulator Design: 60 percent invalidation threshold,0.544,0.562,0.601,0.605,0.683,0.548,0.053,0.092,0.500,0.095
Supreme Court Simulator Design,recusal-and-emergency-reform,weak-mandate-legislation,scd__weak-mandate-legislation,Supreme Court Simulator Design: Weak-Mandate Legislation,1.000,scd__recusal-and-emergency-reform,Supreme Court Simulator Design: Peer recusal + reasoned emergency docket,0.529,0.533,0.603,0.620,0.686,0.568,0.051,0.102,0.505,0.122
Supreme Court Simulator Design,panel-en-banc,weak-mandate-legislation,scd__weak-mandate-legislation,Supreme Court Simulator Design: Weak-Mandate Legislation,1.000,scd__panel-en-banc,Supreme Court Simulator Design: Three-judge panels with en banc correction,0.529,0.537,0.606,0.620,0.690,0.609,0.051,0.102,0.505,0.117
Supreme Court Simulator Design,cross-checking-courts,weak-mandate-legislation,scd__weak-mandate-legislation,Supreme Court Simulator Design: Weak-Mandate Legislation,1.000,scd__cross-checking-courts,Supreme Court Simulator Design: Supreme court with cross-checking constitutional court,0.526,0.568,0.586,0.585,0.687,0.571,0.019,0.093,0.523,0.075
Supreme Court Simulator Design,dual-supreme-courts,weak-mandate-legislation,scd__weak-mandate-legislation,Supreme Court Simulator Design: Weak-Mandate Legislation,1.000,scd__dual-supreme-courts,Supreme Court Simulator Design: Dual supreme courts with disagreement filter,0.502,0.509,0.604,0.621,0.686,0.575,0.019,0.094,0.534,0.122
Supreme Court Simulator Design,comparative-constitutional-senates,weak-mandate-legislation,scd__weak-mandate-legislation,Supreme Court Simulator Design: Weak-Mandate Legislation,1.000,scd__comparative-constitutional-senates,Supreme Court Simulator Design: Comparative 16-seat constitutional senates,0.534,0.565,0.603,0.605,0.689,0.601,0.027,0.096,0.502,0.090
Supreme Court Simulator Design,constitutional-council,weak-mandate-legislation,scd__weak-mandate-legislation,Supreme Court Simulator Design: Weak-Mandate Legislation,1.000,scd__constitutional-council,Supreme Court Simulator Design: Pre-enactment constitutional council,0.523,0.542,0.611,0.649,0.701,0.639,0.041,0.103,0.535,0.112
Supreme Court Simulator Design,legislative-override,weak-mandate-legislation,scd__weak-mandate-legislation,Supreme Court Simulator Design: Weak-Mandate Legislation,1.000,scd__legislative-override,Supreme Court Simulator Design: Judicial review with legislative supermajority override,0.525,0.527,0.608,0.631,0.688,0.570,0.017,0.102,0.534,0.117
Supreme Court Simulator Design,accountability-retention-court,weak-mandate-legislation,scd__weak-mandate-legislation,Supreme Court Simulator Design: Weak-Mandate Legislation,1.000,scd__accountability-retention-court,Supreme Court Simulator Design: Retention-election accountability court,0.527,0.533,0.597,0.638,0.687,0.571,0.038,0.104,0.535,0.112
Supreme Court Simulator Design,emergency-restraint-court,weak-mandate-legislation,scd__weak-mandate-legislation,Supreme Court Simulator Design: Weak-Mandate Legislation,1.000,scd__emergency-restraint-court,Supreme Court Simulator Design: No emergency relief without merits review,0.533,0.512,0.613,0.639,0.709,0.629,0.036,0.019,0.502,0.141
Supreme Court Simulator Design,randomized-merits-panels,weak-mandate-legislation,scd__weak-mandate-legislation,Supreme Court Simulator Design: Weak-Mandate Legislation,1.000,scd__randomized-merits-panels,Supreme Court Simulator Design: Randomized merits panels with en banc correction,0.526,0.531,0.606,0.620,0.691,0.611,0.046,0.103,0.505,0.119
Supreme Court Simulator Design,mandatory-written-emergency-reasoning,weak-mandate-legislation,scd__weak-mandate-legislation,Supreme Court Simulator Design: Weak-Mandate Legislation,1.000,scd__mandatory-written-emergency-reasoning,Supreme Court Simulator Design: Mandatory written emergency reasoning,0.530,0.539,0.604,0.619,0.686,0.565,0.048,0.075,0.508,0.115
Supreme Court Simulator Design,automatic-merits-follow-up,weak-mandate-legislation,scd__weak-mandate-legislation,Supreme Court Simulator Design: Weak-Mandate Legislation,1.000,scd__automatic-merits-follow-up,Supreme Court Simulator Design: Automatic merits follow-up for emergency relief,0.526,0.504,0.610,0.645,0.707,0.618,0.052,0.027,0.503,0.147
Supreme Court Simulator Design,strong-recusal-enforcement,weak-mandate-legislation,scd__weak-mandate-legislation,Supreme Court Simulator Design: Weak-Mandate Legislation,1.000,scd__strong-recusal-enforcement,Supreme Court Simulator Design: Independent recusal enforcement with substitutes,0.528,0.534,0.606,0.622,0.690,0.583,0.033,0.103,0.505,0.115
Supreme Court Simulator Design,jurisdiction-stripping-constraints,weak-mandate-legislation,scd__weak-mandate-legislation,Supreme Court Simulator Design: Weak-Mandate Legislation,1.000,scd__jurisdiction-stripping-constraints,Supreme Court Simulator Design: Jurisdiction stripping constrained by rights carveouts,0.529,0.527,0.605,0.629,0.691,0.571,0.017,0.103,0.529,0.119
Supreme Court Simulator Design,legislative-override-window,weak-mandate-legislation,scd__weak-mandate-legislation,Supreme Court Simulator Design: Weak-Mandate Legislation,1.000,scd__legislative-override-window,Supreme Court Simulator Design: Time-limited legislative override window,0.526,0.527,0.607,0.634,0.690,0.570,0.017,0.103,0.534,0.118
Supreme Court Simulator Design,constitutional-remand,weak-mandate-legislation,scd__weak-mandate-legislation,Supreme Court Simulator Design: Weak-Mandate Legislation,1.000,scd__constitutional-remand,Supreme Court Simulator Design: Constitutional remand before invalidation,0.540,0.580,0.612,0.636,0.701,0.608,0.034,0.104,0.512,0.084
Supreme Court Simulator Design,public-interest-litigation-filter,weak-mandate-legislation,scd__weak-mandate-legislation,Supreme Court Simulator Design: Weak-Mandate Legislation,1.000,scd__public-interest-litigation-filter,Supreme Court Simulator Design: Public-interest litigation filter,0.534,0.543,0.614,0.618,0.690,0.575,0.036,0.100,0.501,0.104
Supreme Court Simulator Design,emergency-integrity-package,weak-mandate-legislation,scd__weak-mandate-legislation,Supreme Court Simulator Design: Weak-Mandate Legislation,1.000,scd__emergency-integrity-package,Supreme Court Simulator Design: Emergency integrity package,0.524,0.504,0.616,0.645,0.710,0.638,0.033,0.028,0.505,0.145
Supreme Court Simulator Design,remand-override-window-package,weak-mandate-legislation,scd__weak-mandate-legislation,Supreme Court Simulator Design: Weak-Mandate Legislation,1.000,scd__remand-override-window-package,Supreme Court Simulator Design: Constitutional remand with override window,0.537,0.585,0.610,0.634,0.701,0.613,0.033,0.073,0.513,0.083
Supreme Court Simulator Design,panel-jurisdiction-safeguards,weak-mandate-legislation,scd__weak-mandate-legislation,Supreme Court Simulator Design: Weak-Mandate Legislation,1.000,scd__panel-jurisdiction-safeguards,Supreme Court Simulator Design: Random panels with jurisdiction safeguards,0.525,0.541,0.601,0.620,0.688,0.612,0.050,0.095,0.527,0.109
Supreme Court Simulator Design,council-concrete-hybrid,weak-mandate-legislation,scd__weak-mandate-legislation,Supreme Court Simulator Design: Weak-Mandate Legislation,1.000,scd__council-concrete-hybrid,Supreme Court Simulator Design: Constitutional council with concrete-review backstop,0.523,0.548,0.611,0.645,0.702,0.645,0.027,0.103,0.531,0.106
Supreme Court Simulator Design,current-us-like,strong-mandate-legislation,scd__strong-mandate-legislation,Supreme Court Simulator Design: Strong-Mandate Legislation,0.750,scd__current-us-like,Supreme Court Simulator Design: Stylized current U.S.-like supreme court,0.619,0.698,0.637,0.573,0.739,0.480,0.027,0.186,0.348,0.010
Supreme Court Simulator Design,term-limited-balanced,strong-mandate-legislation,scd__strong-mandate-legislation,Supreme Court Simulator Design: Strong-Mandate Legislation,0.750,scd__term-limited-balanced,Supreme Court Simulator Design: 18-year staggered terms + regular appointments,0.634,0.707,0.637,0.579,0.775,0.572,0.026,0.054,0.324,0.016
Supreme Court Simulator Design,nonpartisan-commission,strong-mandate-legislation,scd__strong-mandate-legislation,Supreme Court Simulator Design: Strong-Mandate Legislation,0.750,scd__nonpartisan-commission,Supreme Court Simulator Design: Nonpartisan commission appointments,0.630,0.706,0.638,0.579,0.774,0.575,0.016,0.058,0.327,0.014
Supreme Court Simulator Design,expanded-court-fifteen,strong-mandate-legislation,scd__strong-mandate-legislation,Supreme Court Simulator Design: Strong-Mandate Legislation,0.750,scd__expanded-court-fifteen,Supreme Court Simulator Design: Expanded 15-seat court,0.628,0.706,0.635,0.573,0.775,0.573,0.016,0.053,0.320,0.018
Supreme Court Simulator Design,supermajority-review,strong-mandate-legislation,scd__strong-mandate-legislation,Supreme Court Simulator Design: Strong-Mandate Legislation,0.750,scd__supermajority-review,Supreme Court Simulator Design: 60 percent invalidation threshold,0.633,0.709,0.630,0.574,0.772,0.562,0.026,0.048,0.323,0.014
Supreme Court Simulator Design,recusal-and-emergency-reform,strong-mandate-legislation,scd__strong-mandate-legislation,Supreme Court Simulator Design: Strong-Mandate Legislation,0.750,scd__recusal-and-emergency-reform,Supreme Court Simulator Design: Peer recusal + reasoned emergency docket,0.629,0.705,0.636,0.577,0.773,0.574,0.025,0.054,0.324,0.016
Supreme Court Simulator Design,panel-en-banc,strong-mandate-legislation,scd__strong-mandate-legislation,Supreme Court Simulator Design: Strong-Mandate Legislation,0.750,scd__panel-en-banc,Supreme Court Simulator Design: Three-judge panels with en banc correction,0.629,0.703,0.639,0.578,0.778,0.617,0.027,0.056,0.326,0.018
Supreme Court Simulator Design,cross-checking-courts,strong-mandate-legislation,scd__strong-mandate-legislation,Supreme Court Simulator Design: Strong-Mandate Legislation,0.750,scd__cross-checking-courts,Supreme Court Simulator Design: Supreme court with cross-checking constitutional court,0.616,0.703,0.623,0.572,0.777,0.578,0.010,0.048,0.344,0.010
Supreme Court Simulator Design,dual-supreme-courts,strong-mandate-legislation,scd__strong-mandate-legislation,Supreme Court Simulator Design: Strong-Mandate Legislation,0.750,scd__dual-supreme-courts,Supreme Court Simulator Design: Dual supreme courts with disagreement filter,0.607,0.688,0.638,0.579,0.775,0.583,0.009,0.048,0.354,0.018
Supreme Court Simulator Design,comparative-constitutional-senates,strong-mandate-legislation,scd__strong-mandate-legislation,Supreme Court Simulator Design: Strong-Mandate Legislation,0.750,scd__comparative-constitutional-senates,Supreme Court Simulator Design: Comparative 16-seat constitutional senates,0.623,0.712,0.628,0.573,0.777,0.607,0.013,0.049,0.322,0.009
Supreme Court Simulator Design,constitutional-council,strong-mandate-legislation,scd__strong-mandate-legislation,Supreme Court Simulator Design: Strong-Mandate Legislation,0.750,scd__constitutional-council,Supreme Court Simulator Design: Pre-enactment constitutional council,0.625,0.709,0.636,0.588,0.785,0.621,0.019,0.055,0.333,0.015
Supreme Court Simulator Design,legislative-override,strong-mandate-legislation,scd__strong-mandate-legislation,Supreme Court Simulator Design: Strong-Mandate Legislation,0.750,scd__legislative-override,Supreme Court Simulator Design: Judicial review with legislative supermajority override,0.628,0.704,0.637,0.580,0.775,0.571,0.010,0.057,0.336,0.014
Supreme Court Simulator Design,accountability-retention-court,strong-mandate-legislation,scd__strong-mandate-legislation,Supreme Court Simulator Design: Strong-Mandate Legislation,0.750,scd__accountability-retention-court,Supreme Court Simulator Design: Retention-election accountability court,0.629,0.708,0.629,0.581,0.774,0.571,0.016,0.057,0.330,0.012
Supreme Court Simulator Design,emergency-restraint-court,strong-mandate-legislation,scd__strong-mandate-legislation,Supreme Court Simulator Design: Strong-Mandate Legislation,0.750,scd__emergency-restraint-court,Supreme Court Simulator Design: No emergency relief without merits review,0.635,0.711,0.639,0.581,0.787,0.609,0.015,0.007,0.321,0.019
Supreme Court Simulator Design,randomized-merits-panels,strong-mandate-legislation,scd__strong-mandate-legislation,Supreme Court Simulator Design: Strong-Mandate Legislation,0.750,scd__randomized-merits-panels,Supreme Court Simulator Design: Randomized merits panels with en banc correction,0.628,0.708,0.636,0.580,0.777,0.616,0.026,0.058,0.325,0.017
Supreme Court Simulator Design,mandatory-written-emergency-reasoning,strong-mandate-legislation,scd__strong-mandate-legislation,Supreme Court Simulator Design: Strong-Mandate Legislation,0.750,scd__mandatory-written-emergency-reasoning,Supreme Court Simulator Design: Mandatory written emergency reasoning,0.630,0.708,0.637,0.577,0.775,0.575,0.026,0.032,0.326,0.017
Supreme Court Simulator Design,automatic-merits-follow-up,strong-mandate-legislation,scd__strong-mandate-legislation,Supreme Court Simulator Design: Strong-Mandate Legislation,0.750,scd__automatic-merits-follow-up,Supreme Court Simulator Design: Automatic merits follow-up for emergency relief,0.631,0.706,0.641,0.581,0.782,0.599,0.025,0.011,0.326,0.020
Supreme Court Simulator Design,strong-recusal-enforcement,strong-mandate-legislation,scd__strong-mandate-legislation,Supreme Court Simulator Design: Strong-Mandate Legislation,0.750,scd__strong-recusal-enforcement,Supreme Court Simulator Design: Independent recusal enforcement with substitutes,0.627,0.707,0.635,0.578,0.775,0.585,0.013,0.058,0.326,0.019
Supreme Court Simulator Design,jurisdiction-stripping-constraints,strong-mandate-legislation,scd__strong-mandate-legislation,Supreme Court Simulator Design: Strong-Mandate Legislation,0.750,scd__jurisdiction-stripping-constraints,Supreme Court Simulator Design: Jurisdiction stripping constrained by rights carveouts,0.634,0.706,0.639,0.583,0.781,0.577,0.010,0.058,0.331,0.016
Supreme Court Simulator Design,legislative-override-window,strong-mandate-legislation,scd__strong-mandate-legislation,Supreme Court Simulator Design: Strong-Mandate Legislation,0.750,scd__legislative-override-window,Supreme Court Simulator Design: Time-limited legislative override window,0.628,0.702,0.638,0.580,0.776,0.573,0.010,0.056,0.336,0.018
Supreme Court Simulator Design,constitutional-remand,strong-mandate-legislation,scd__strong-mandate-legislation,Supreme Court Simulator Design: Strong-Mandate Legislation,0.750,scd__constitutional-remand,Supreme Court Simulator Design: Constitutional remand before invalidation,0.629,0.722,0.630,0.588,0.784,0.593,0.016,0.055,0.319,0.012
Supreme Court Simulator Design,public-interest-litigation-filter,strong-mandate-legislation,scd__strong-mandate-legislation,Supreme Court Simulator Design: Strong-Mandate Legislation,0.750,scd__public-interest-litigation-filter,Supreme Court Simulator Design: Public-interest litigation filter,0.630,0.706,0.640,0.579,0.776,0.578,0.017,0.058,0.325,0.016
Supreme Court Simulator Design,emergency-integrity-package,strong-mandate-legislation,scd__strong-mandate-legislation,Supreme Court Simulator Design: Strong-Mandate Legislation,0.750,scd__emergency-integrity-package,Supreme Court Simulator Design: Emergency integrity package,0.629,0.709,0.639,0.581,0.785,0.612,0.013,0.011,0.324,0.017
Supreme Court Simulator Design,remand-override-window-package,strong-mandate-legislation,scd__strong-mandate-legislation,Supreme Court Simulator Design: Strong-Mandate Legislation,0.750,scd__remand-override-window-package,Supreme Court Simulator Design: Constitutional remand with override window,0.627,0.722,0.633,0.591,0.787,0.604,0.014,0.032,0.321,0.013
Supreme Court Simulator Design,panel-jurisdiction-safeguards,strong-mandate-legislation,scd__strong-mandate-legislation,Supreme Court Simulator Design: Strong-Mandate Legislation,0.750,scd__panel-jurisdiction-safeguards,Supreme Court Simulator Design: Random panels with jurisdiction safeguards,0.627,0.705,0.633,0.578,0.782,0.614,0.024,0.047,0.329,0.015
Supreme Court Simulator Design,council-concrete-hybrid,strong-mandate-legislation,scd__strong-mandate-legislation,Supreme Court Simulator Design: Strong-Mandate Legislation,0.750,scd__council-concrete-hybrid,Supreme Court Simulator Design: Constitutional council with concrete-review backstop,0.623,0.713,0.632,0.586,0.786,0.621,0.013,0.054,0.328,0.012
Supreme Court Simulator Design,current-us-like,appointment-timing-manipulation,scd__appointment-timing-manipulation,Supreme Court Simulator Design: Appointment Timing Manipulation,1.000,scd__current-us-like,Supreme Court Simulator Design: Stylized current U.S.-like supreme court,0.593,0.666,0.640,0.572,0.701,0.463,0.041,0.234,0.405,0.017
Supreme Court Simulator Design,term-limited-balanced,appointment-timing-manipulation,scd__appointment-timing-manipulation,Supreme Court Simulator Design: Appointment Timing Manipulation,1.000,scd__term-limited-balanced,Supreme Court Simulator Design: 18-year staggered terms + regular appointments,0.610,0.674,0.638,0.581,0.744,0.573,0.043,0.072,0.372,0.026
Supreme Court Simulator Design,nonpartisan-commission,appointment-timing-manipulation,scd__appointment-timing-manipulation,Supreme Court Simulator Design: Appointment Timing Manipulation,1.000,scd__nonpartisan-commission,Supreme Court Simulator Design: Nonpartisan commission appointments,0.608,0.677,0.639,0.585,0.747,0.583,0.034,0.073,0.375,0.025
Supreme Court Simulator Design,expanded-court-fifteen,appointment-timing-manipulation,scd__appointment-timing-manipulation,Supreme Court Simulator Design: Appointment Timing Manipulation,1.000,scd__expanded-court-fifteen,Supreme Court Simulator Design: Expanded 15-seat court,0.604,0.675,0.641,0.584,0.747,0.588,0.030,0.073,0.375,0.027
Supreme Court Simulator Design,supermajority-review,appointment-timing-manipulation,scd__appointment-timing-manipulation,Supreme Court Simulator Design: Appointment Timing Manipulation,1.000,scd__supermajority-review,Supreme Court Simulator Design: 60 percent invalidation threshold,0.609,0.678,0.637,0.582,0.741,0.572,0.046,0.065,0.378,0.023
Supreme Court Simulator Design,recusal-and-emergency-reform,appointment-timing-manipulation,scd__appointment-timing-manipulation,Supreme Court Simulator Design: Appointment Timing Manipulation,1.000,scd__recusal-and-emergency-reform,Supreme Court Simulator Design: Peer recusal + reasoned emergency docket,0.605,0.676,0.636,0.582,0.744,0.581,0.045,0.073,0.373,0.026
Supreme Court Simulator Design,panel-en-banc,appointment-timing-manipulation,scd__appointment-timing-manipulation,Supreme Court Simulator Design: Appointment Timing Manipulation,1.000,scd__panel-en-banc,Supreme Court Simulator Design: Three-judge panels with en banc correction,0.605,0.675,0.642,0.586,0.748,0.626,0.050,0.074,0.377,0.026
Supreme Court Simulator Design,cross-checking-courts,appointment-timing-manipulation,scd__appointment-timing-manipulation,Supreme Court Simulator Design: Appointment Timing Manipulation,1.000,scd__cross-checking-courts,Supreme Court Simulator Design: Supreme court with cross-checking constitutional court,0.591,0.676,0.624,0.573,0.746,0.590,0.023,0.065,0.396,0.014
Supreme Court Simulator Design,dual-supreme-courts,appointment-timing-manipulation,scd__appointment-timing-manipulation,Supreme Court Simulator Design: Appointment Timing Manipulation,1.000,scd__dual-supreme-courts,Supreme Court Simulator Design: Dual supreme courts with disagreement filter,0.581,0.657,0.635,0.582,0.744,0.594,0.023,0.066,0.403,0.024
Supreme Court Simulator Design,comparative-constitutional-senates,appointment-timing-manipulation,scd__appointment-timing-manipulation,Supreme Court Simulator Design: Appointment Timing Manipulation,1.000,scd__comparative-constitutional-senates,Supreme Court Simulator Design: Comparative 16-seat constitutional senates,0.600,0.683,0.633,0.578,0.749,0.619,0.029,0.062,0.373,0.021
Supreme Court Simulator Design,constitutional-council,appointment-timing-manipulation,scd__appointment-timing-manipulation,Supreme Court Simulator Design: Appointment Timing Manipulation,1.000,scd__constitutional-council,Supreme Court Simulator Design: Pre-enactment constitutional council,0.603,0.684,0.639,0.598,0.757,0.633,0.040,0.074,0.381,0.021
Supreme Court Simulator Design,legislative-override,appointment-timing-manipulation,scd__appointment-timing-manipulation,Supreme Court Simulator Design: Appointment Timing Manipulation,1.000,scd__legislative-override,Supreme Court Simulator Design: Judicial review with legislative supermajority override,0.606,0.673,0.642,0.586,0.748,0.582,0.020,0.072,0.384,0.027
Supreme Court Simulator Design,accountability-retention-court,appointment-timing-manipulation,scd__appointment-timing-manipulation,Supreme Court Simulator Design: Appointment Timing Manipulation,1.000,scd__accountability-retention-court,Supreme Court Simulator Design: Retention-election accountability court,0.606,0.674,0.638,0.593,0.746,0.583,0.034,0.074,0.386,0.024
Supreme Court Simulator Design,emergency-restraint-court,appointment-timing-manipulation,scd__appointment-timing-manipulation,Supreme Court Simulator Design: Appointment Timing Manipulation,1.000,scd__emergency-restraint-court,Supreme Court Simulator Design: No emergency relief without merits review,0.613,0.675,0.646,0.587,0.760,0.629,0.034,0.010,0.369,0.028
Supreme Court Simulator Design,randomized-merits-panels,appointment-timing-manipulation,scd__appointment-timing-manipulation,Supreme Court Simulator Design: Appointment Timing Manipulation,1.000,scd__randomized-merits-panels,Supreme Court Simulator Design: Randomized merits panels with en banc correction,0.605,0.679,0.641,0.584,0.749,0.626,0.045,0.075,0.375,0.023
Supreme Court Simulator Design,mandatory-written-emergency-reasoning,appointment-timing-manipulation,scd__appointment-timing-manipulation,Supreme Court Simulator Design: Appointment Timing Manipulation,1.000,scd__mandatory-written-emergency-reasoning,Supreme Court Simulator Design: Mandatory written emergency reasoning,0.606,0.676,0.640,0.584,0.747,0.581,0.046,0.045,0.376,0.026
Supreme Court Simulator Design,automatic-merits-follow-up,appointment-timing-manipulation,scd__appointment-timing-manipulation,Supreme Court Simulator Design: Appointment Timing Manipulation,1.000,scd__automatic-merits-follow-up,Supreme Court Simulator Design: Automatic merits follow-up for emergency relief,0.609,0.670,0.647,0.587,0.756,0.610,0.043,0.016,0.372,0.029
Supreme Court Simulator Design,strong-recusal-enforcement,appointment-timing-manipulation,scd__appointment-timing-manipulation,Supreme Court Simulator Design: Appointment Timing Manipulation,1.000,scd__strong-recusal-enforcement,Supreme Court Simulator Design: Independent recusal enforcement with substitutes,0.606,0.676,0.642,0.585,0.749,0.599,0.030,0.074,0.375,0.023
Supreme Court Simulator Design,jurisdiction-stripping-constraints,appointment-timing-manipulation,scd__appointment-timing-manipulation,Supreme Court Simulator Design: Appointment Timing Manipulation,1.000,scd__jurisdiction-stripping-constraints,Supreme Court Simulator Design: Jurisdiction stripping constrained by rights carveouts,0.610,0.672,0.640,0.587,0.753,0.583,0.020,0.071,0.380,0.029
Supreme Court Simulator Design,legislative-override-window,appointment-timing-manipulation,scd__appointment-timing-manipulation,Supreme Court Simulator Design: Appointment Timing Manipulation,1.000,scd__legislative-override-window,Supreme Court Simulator Design: Time-limited legislative override window,0.605,0.675,0.638,0.587,0.746,0.581,0.020,0.074,0.385,0.026
Supreme Court Simulator Design,constitutional-remand,appointment-timing-manipulation,scd__appointment-timing-manipulation,Supreme Court Simulator Design: Appointment Timing Manipulation,1.000,scd__constitutional-remand,Supreme Court Simulator Design: Constitutional remand before invalidation,0.606,0.694,0.638,0.599,0.758,0.612,0.034,0.073,0.372,0.018
Supreme Court Simulator Design,public-interest-litigation-filter,appointment-timing-manipulation,scd__appointment-timing-manipulation,Supreme Court Simulator Design: Appointment Timing Manipulation,1.000,scd__public-interest-litigation-filter,Supreme Court Simulator Design: Public-interest litigation filter,0.608,0.676,0.643,0.583,0.747,0.585,0.034,0.073,0.370,0.023
Supreme Court Simulator Design,emergency-integrity-package,appointment-timing-manipulation,scd__appointment-timing-manipulation,Supreme Court Simulator Design: Appointment Timing Manipulation,1.000,scd__emergency-integrity-package,Supreme Court Simulator Design: Emergency integrity package,0.608,0.677,0.647,0.588,0.761,0.637,0.030,0.016,0.372,0.027
Supreme Court Simulator Design,remand-override-window-package,appointment-timing-manipulation,scd__appointment-timing-manipulation,Supreme Court Simulator Design: Appointment Timing Manipulation,1.000,scd__remand-override-window-package,Supreme Court Simulator Design: Constitutional remand with override window,0.604,0.696,0.635,0.597,0.760,0.614,0.034,0.045,0.371,0.018
Supreme Court Simulator Design,panel-jurisdiction-safeguards,appointment-timing-manipulation,scd__appointment-timing-manipulation,Supreme Court Simulator Design: Appointment Timing Manipulation,1.000,scd__panel-jurisdiction-safeguards,Supreme Court Simulator Design: Random panels with jurisdiction safeguards,0.603,0.677,0.636,0.585,0.752,0.627,0.048,0.064,0.382,0.025
Supreme Court Simulator Design,council-concrete-hybrid,appointment-timing-manipulation,scd__appointment-timing-manipulation,Supreme Court Simulator Design: Appointment Timing Manipulation,1.000,scd__council-concrete-hybrid,Supreme Court Simulator Design: Constitutional council with concrete-review backstop,0.601,0.687,0.639,0.599,0.760,0.645,0.029,0.071,0.382,0.022
Supreme Court Simulator Design,current-us-like,emergency-application-flood,scd__emergency-application-flood,Supreme Court Simulator Design: Emergency Application Flood,1.000,scd__current-us-like,Supreme Court Simulator Design: Stylized current U.S.-like supreme court,0.473,0.485,0.666,0.607,0.546,0.366,0.091,0.512,0.707,0.104
Supreme Court Simulator Design,term-limited-balanced,emergency-application-flood,scd__emergency-application-flood,Supreme Court Simulator Design: Emergency Application Flood,1.000,scd__term-limited-balanced,Supreme Court Simulator Design: 18-year staggered terms + regular appointments,0.489,0.517,0.612,0.627,0.621,0.565,0.087,0.208,0.641,0.175
Supreme Court Simulator Design,nonpartisan-commission,emergency-application-flood,scd__emergency-application-flood,Supreme Court Simulator Design: Emergency Application Flood,1.000,scd__nonpartisan-commission,Supreme Court Simulator Design: Nonpartisan commission appointments,0.482,0.507,0.617,0.632,0.625,0.578,0.055,0.208,0.646,0.182
Supreme Court Simulator Design,expanded-court-fifteen,emergency-application-flood,scd__emergency-application-flood,Supreme Court Simulator Design: Emergency Application Flood,1.000,scd__expanded-court-fifteen,Supreme Court Simulator Design: Expanded 15-seat court,0.480,0.512,0.613,0.629,0.623,0.583,0.061,0.208,0.645,0.180
Supreme Court Simulator Design,supermajority-review,emergency-application-flood,scd__emergency-application-flood,Supreme Court Simulator Design: Emergency Application Flood,1.000,scd__supermajority-review,Supreme Court Simulator Design: 60 percent invalidation threshold,0.499,0.553,0.608,0.612,0.612,0.539,0.085,0.199,0.644,0.123
Supreme Court Simulator Design,recusal-and-emergency-reform,emergency-application-flood,scd__emergency-application-flood,Supreme Court Simulator Design: Emergency Application Flood,1.000,scd__recusal-and-emergency-reform,Supreme Court Simulator Design: Peer recusal + reasoned emergency docket,0.483,0.508,0.617,0.632,0.623,0.580,0.086,0.206,0.645,0.184
Supreme Court Simulator Design,panel-en-banc,emergency-application-flood,scd__emergency-application-flood,Supreme Court Simulator Design: Emergency Application Flood,1.000,scd__panel-en-banc,Supreme Court Simulator Design: Three-judge panels with en banc correction,0.483,0.512,0.619,0.629,0.626,0.617,0.088,0.208,0.642,0.182
Supreme Court Simulator Design,cross-checking-courts,emergency-application-flood,scd__emergency-application-flood,Supreme Court Simulator Design: Emergency Application Flood,1.000,scd__cross-checking-courts,Supreme Court Simulator Design: Supreme court with cross-checking constitutional court,0.476,0.552,0.587,0.599,0.619,0.575,0.040,0.198,0.669,0.089
Supreme Court Simulator Design,dual-supreme-courts,emergency-application-flood,scd__emergency-application-flood,Supreme Court Simulator Design: Emergency Application Flood,1.000,scd__dual-supreme-courts,Supreme Court Simulator Design: Dual supreme courts with disagreement filter,0.440,0.461,0.612,0.634,0.618,0.579,0.039,0.202,0.680,0.200
Supreme Court Simulator Design,comparative-constitutional-senates,emergency-application-flood,scd__emergency-application-flood,Supreme Court Simulator Design: Emergency Application Flood,1.000,scd__comparative-constitutional-senates,Supreme Court Simulator Design: Comparative 16-seat constitutional senates,0.488,0.558,0.609,0.613,0.620,0.608,0.052,0.201,0.649,0.114
Supreme Court Simulator Design,constitutional-council,emergency-application-flood,scd__emergency-application-flood,Supreme Court Simulator Design: Emergency Application Flood,1.000,scd__constitutional-council,Supreme Court Simulator Design: Pre-enactment constitutional council,0.478,0.525,0.622,0.666,0.641,0.662,0.067,0.208,0.663,0.172
Supreme Court Simulator Design,legislative-override,emergency-application-flood,scd__emergency-application-flood,Supreme Court Simulator Design: Emergency Application Flood,1.000,scd__legislative-override,Supreme Court Simulator Design: Judicial review with legislative supermajority override,0.477,0.496,0.621,0.648,0.626,0.583,0.039,0.209,0.668,0.192
Supreme Court Simulator Design,accountability-retention-court,emergency-application-flood,scd__emergency-application-flood,Supreme Court Simulator Design: Emergency Application Flood,1.000,scd__accountability-retention-court,Supreme Court Simulator Design: Retention-election accountability court,0.485,0.516,0.607,0.647,0.626,0.578,0.057,0.206,0.656,0.173
Supreme Court Simulator Design,emergency-restraint-court,emergency-application-flood,scd__emergency-application-flood,Supreme Court Simulator Design: Emergency Application Flood,1.000,scd__emergency-restraint-court,Supreme Court Simulator Design: No emergency relief without merits review,0.476,0.435,0.638,0.669,0.665,0.707,0.061,0.059,0.646,0.300
Supreme Court Simulator Design,randomized-merits-panels,emergency-application-flood,scd__emergency-application-flood,Supreme Court Simulator Design: Emergency Application Flood,1.000,scd__randomized-merits-panels,Supreme Court Simulator Design: Randomized merits panels with en banc correction,0.480,0.508,0.620,0.633,0.627,0.625,0.091,0.209,0.647,0.180
Supreme Court Simulator Design,mandatory-written-emergency-reasoning,emergency-application-flood,scd__emergency-application-flood,Supreme Court Simulator Design: Emergency Application Flood,1.000,scd__mandatory-written-emergency-reasoning,Supreme Court Simulator Design: Mandatory written emergency reasoning,0.487,0.534,0.607,0.622,0.617,0.561,0.086,0.168,0.647,0.157
Supreme Court Simulator Design,automatic-merits-follow-up,emergency-application-flood,scd__emergency-application-flood,Supreme Court Simulator Design: Emergency Application Flood,1.000,scd__automatic-merits-follow-up,Supreme Court Simulator Design: Automatic merits follow-up for emergency relief,0.465,0.418,0.634,0.676,0.658,0.684,0.083,0.072,0.654,0.329
Supreme Court Simulator Design,strong-recusal-enforcement,emergency-application-flood,scd__emergency-application-flood,Supreme Court Simulator Design: Emergency Application Flood,1.000,scd__strong-recusal-enforcement,Supreme Court Simulator Design: Independent recusal enforcement with substitutes,0.479,0.505,0.618,0.632,0.627,0.599,0.055,0.208,0.647,0.188
Supreme Court Simulator Design,jurisdiction-stripping-constraints,emergency-application-flood,scd__emergency-application-flood,Supreme Court Simulator Design: Emergency Application Flood,1.000,scd__jurisdiction-stripping-constraints,Supreme Court Simulator Design: Jurisdiction stripping constrained by rights carveouts,0.485,0.506,0.621,0.638,0.629,0.581,0.038,0.207,0.661,0.181
Supreme Court Simulator Design,legislative-override-window,emergency-application-flood,scd__emergency-application-flood,Supreme Court Simulator Design: Emergency Application Flood,1.000,scd__legislative-override-window,Supreme Court Simulator Design: Time-limited legislative override window,0.479,0.501,0.622,0.650,0.628,0.583,0.039,0.207,0.667,0.190
Supreme Court Simulator Design,constitutional-remand,emergency-application-flood,scd__emergency-application-flood,Supreme Court Simulator Design: Emergency Application Flood,1.000,scd__constitutional-remand,Supreme Court Simulator Design: Constitutional remand before invalidation,0.492,0.558,0.617,0.653,0.640,0.623,0.055,0.206,0.642,0.132
Supreme Court Simulator Design,public-interest-litigation-filter,emergency-application-flood,scd__emergency-application-flood,Supreme Court Simulator Design: Emergency Application Flood,1.000,scd__public-interest-litigation-filter,Supreme Court Simulator Design: Public-interest litigation filter,0.488,0.524,0.622,0.627,0.627,0.587,0.059,0.205,0.641,0.162
Supreme Court Simulator Design,emergency-integrity-package,emergency-application-flood,scd__emergency-application-flood,Supreme Court Simulator Design: Emergency Application Flood,1.000,scd__emergency-integrity-package,Supreme Court Simulator Design: Emergency integrity package,0.468,0.431,0.635,0.670,0.666,0.712,0.050,0.072,0.646,0.303
Supreme Court Simulator Design,remand-override-window-package,emergency-application-flood,scd__emergency-application-flood,Supreme Court Simulator Design: Emergency Application Flood,1.000,scd__remand-override-window-package,Supreme Court Simulator Design: Constitutional remand with override window,0.489,0.571,0.611,0.650,0.636,0.616,0.054,0.170,0.648,0.124
Supreme Court Simulator Design,panel-jurisdiction-safeguards,emergency-application-flood,scd__emergency-application-flood,Supreme Court Simulator Design: Emergency Application Flood,1.000,scd__panel-jurisdiction-safeguards,Supreme Court Simulator Design: Random panels with jurisdiction safeguards,0.485,0.543,0.604,0.619,0.621,0.610,0.085,0.199,0.655,0.133
Supreme Court Simulator Design,council-concrete-hybrid,emergency-application-flood,scd__emergency-application-flood,Supreme Court Simulator Design: Emergency Application Flood,1.000,scd__council-concrete-hybrid,Supreme Court Simulator Design: Constitutional council with concrete-review backstop,0.484,0.541,0.623,0.656,0.645,0.667,0.048,0.204,0.652,0.147
Supreme Court Simulator Design,current-us-like,override-evasion-loop,scd__override-evasion-loop,Supreme Court Simulator Design: Override Evasion Loop,1.000,scd__current-us-like,Supreme Court Simulator Design: Stylized current U.S.-like supreme court,0.511,0.501,0.613,0.591,0.609,0.420,0.071,0.355,0.627,0.105
Supreme Court Simulator Design,term-limited-balanced,override-evasion-loop,scd__override-evasion-loop,Supreme Court Simulator Design: Override Evasion Loop,1.000,scd__term-limited-balanced,Supreme Court Simulator Design: 18-year staggered terms + regular appointments,0.517,0.493,0.591,0.610,0.669,0.574,0.067,0.124,0.589,0.158
Supreme Court Simulator Design,nonpartisan-commission,override-evasion-loop,scd__override-evasion-loop,Supreme Court Simulator Design: Override Evasion Loop,1.000,scd__nonpartisan-commission,Supreme Court Simulator Design: Nonpartisan commission appointments,0.513,0.489,0.594,0.613,0.672,0.585,0.044,0.124,0.593,0.165
Supreme Court Simulator Design,expanded-court-fifteen,override-evasion-loop,scd__override-evasion-loop,Supreme Court Simulator Design: Override Evasion Loop,1.000,scd__expanded-court-fifteen,Supreme Court Simulator Design: Expanded 15-seat court,0.510,0.494,0.589,0.612,0.671,0.586,0.043,0.127,0.592,0.163
Supreme Court Simulator Design,supermajority-review,override-evasion-loop,scd__override-evasion-loop,Supreme Court Simulator Design: Override Evasion Loop,1.000,scd__supermajority-review,Supreme Court Simulator Design: 60 percent invalidation threshold,0.524,0.525,0.575,0.601,0.663,0.551,0.065,0.118,0.581,0.132
Supreme Court Simulator Design,recusal-and-emergency-reform,override-evasion-loop,scd__override-evasion-loop,Supreme Court Simulator Design: Override Evasion Loop,1.000,scd__recusal-and-emergency-reform,Supreme Court Simulator Design: Peer recusal + reasoned emergency docket,0.515,0.498,0.592,0.609,0.671,0.579,0.066,0.123,0.584,0.159
Supreme Court Simulator Design,panel-en-banc,override-evasion-loop,scd__override-evasion-loop,Supreme Court Simulator Design: Override Evasion Loop,1.000,scd__panel-en-banc,Supreme Court Simulator Design: Three-judge panels with en banc correction,0.513,0.496,0.593,0.612,0.674,0.619,0.070,0.126,0.588,0.159
Supreme Court Simulator Design,cross-checking-courts,override-evasion-loop,scd__override-evasion-loop,Supreme Court Simulator Design: Override Evasion Loop,1.000,scd__cross-checking-courts,Supreme Court Simulator Design: Supreme court with cross-checking constitutional court,0.510,0.546,0.553,0.590,0.669,0.582,0.031,0.118,0.598,0.086
Supreme Court Simulator Design,dual-supreme-courts,override-evasion-loop,scd__override-evasion-loop,Supreme Court Simulator Design: Override Evasion Loop,1.000,scd__dual-supreme-courts,Supreme Court Simulator Design: Dual supreme courts with disagreement filter,0.482,0.463,0.591,0.614,0.667,0.592,0.030,0.119,0.621,0.174
Supreme Court Simulator Design,comparative-constitutional-senates,override-evasion-loop,scd__override-evasion-loop,Supreme Court Simulator Design: Override Evasion Loop,1.000,scd__comparative-constitutional-senates,Supreme Court Simulator Design: Comparative 16-seat constitutional senates,0.515,0.527,0.583,0.606,0.671,0.617,0.040,0.118,0.589,0.127
Supreme Court Simulator Design,constitutional-council,override-evasion-loop,scd__override-evasion-loop,Supreme Court Simulator Design: Override Evasion Loop,1.000,scd__constitutional-council,Supreme Court Simulator Design: Pre-enactment constitutional council,0.505,0.498,0.599,0.653,0.684,0.651,0.054,0.124,0.620,0.153
Supreme Court Simulator Design,legislative-override,override-evasion-loop,scd__override-evasion-loop,Supreme Court Simulator Design: Override Evasion Loop,1.000,scd__legislative-override,Supreme Court Simulator Design: Judicial review with legislative supermajority override,0.507,0.480,0.599,0.633,0.672,0.583,0.028,0.125,0.623,0.160
Supreme Court Simulator Design,accountability-retention-court,override-evasion-loop,scd__override-evasion-loop,Supreme Court Simulator Design: Override Evasion Loop,1.000,scd__accountability-retention-court,Supreme Court Simulator Design: Retention-election accountability court,0.510,0.492,0.570,0.646,0.671,0.582,0.046,0.123,0.615,0.157
Supreme Court Simulator Design,emergency-restraint-court,override-evasion-loop,scd__override-evasion-loop,Supreme Court Simulator Design: Override Evasion Loop,1.000,scd__emergency-restraint-court,Supreme Court Simulator Design: No emergency relief without merits review,0.519,0.467,0.612,0.625,0.696,0.658,0.046,0.029,0.592,0.191
Supreme Court Simulator Design,randomized-merits-panels,override-evasion-loop,scd__override-evasion-loop,Supreme Court Simulator Design: Override Evasion Loop,1.000,scd__randomized-merits-panels,Supreme Court Simulator Design: Randomized merits panels with en banc correction,0.513,0.499,0.591,0.609,0.674,0.619,0.065,0.126,0.585,0.150
Supreme Court Simulator Design,mandatory-written-emergency-reasoning,override-evasion-loop,scd__override-evasion-loop,Supreme Court Simulator Design: Override Evasion Loop,1.000,scd__mandatory-written-emergency-reasoning,Supreme Court Simulator Design: Mandatory written emergency reasoning,0.513,0.502,0.586,0.609,0.667,0.573,0.066,0.094,0.592,0.153
Supreme Court Simulator Design,automatic-merits-follow-up,override-evasion-loop,scd__override-evasion-loop,Supreme Court Simulator Design: Override Evasion Loop,1.000,scd__automatic-merits-follow-up,Supreme Court Simulator Design: Automatic merits follow-up for emergency relief,0.514,0.462,0.610,0.624,0.693,0.636,0.062,0.038,0.592,0.205
Supreme Court Simulator Design,strong-recusal-enforcement,override-evasion-loop,scd__override-evasion-loop,Supreme Court Simulator Design: Override Evasion Loop,1.000,scd__strong-recusal-enforcement,Supreme Court Simulator Design: Independent recusal enforcement with substitutes,0.510,0.493,0.590,0.609,0.672,0.597,0.044,0.127,0.590,0.158
Supreme Court Simulator Design,jurisdiction-stripping-constraints,override-evasion-loop,scd__override-evasion-loop,Supreme Court Simulator Design: Override Evasion Loop,1.000,scd__jurisdiction-stripping-constraints,Supreme Court Simulator Design: Jurisdiction stripping constrained by rights carveouts,0.511,0.486,0.593,0.624,0.674,0.582,0.028,0.126,0.615,0.158
Supreme Court Simulator Design,legislative-override-window,override-evasion-loop,scd__override-evasion-loop,Supreme Court Simulator Design: Override Evasion Loop,1.000,scd__legislative-override-window,Supreme Court Simulator Design: Time-limited legislative override window,0.509,0.488,0.595,0.634,0.674,0.582,0.028,0.125,0.620,0.158
Supreme Court Simulator Design,constitutional-remand,override-evasion-loop,scd__override-evasion-loop,Supreme Court Simulator Design: Override Evasion Loop,1.000,scd__constitutional-remand,Supreme Court Simulator Design: Constitutional remand before invalidation,0.524,0.546,0.590,0.645,0.685,0.622,0.045,0.125,0.590,0.115
Supreme Court Simulator Design,public-interest-litigation-filter,override-evasion-loop,scd__override-evasion-loop,Supreme Court Simulator Design: Override Evasion Loop,1.000,scd__public-interest-litigation-filter,Supreme Court Simulator Design: Public-interest litigation filter,0.515,0.497,0.604,0.617,0.674,0.592,0.046,0.128,0.593,0.156
Supreme Court Simulator Design,emergency-integrity-package,override-evasion-loop,scd__override-evasion-loop,Supreme Court Simulator Design: Override Evasion Loop,1.000,scd__emergency-integrity-package,Supreme Court Simulator Design: Emergency integrity package,0.514,0.466,0.615,0.625,0.698,0.661,0.046,0.038,0.590,0.199
Supreme Court Simulator Design,remand-override-window-package,override-evasion-loop,scd__override-evasion-loop,Supreme Court Simulator Design: Override Evasion Loop,1.000,scd__remand-override-window-package,Supreme Court Simulator Design: Constitutional remand with override window,0.524,0.560,0.586,0.640,0.684,0.617,0.046,0.094,0.589,0.112
Supreme Court Simulator Design,panel-jurisdiction-safeguards,override-evasion-loop,scd__override-evasion-loop,Supreme Court Simulator Design: Override Evasion Loop,1.000,scd__panel-jurisdiction-safeguards,Supreme Court Simulator Design: Random panels with jurisdiction safeguards,0.508,0.508,0.578,0.615,0.670,0.618,0.066,0.119,0.607,0.142
Supreme Court Simulator Design,council-concrete-hybrid,override-evasion-loop,scd__override-evasion-loop,Supreme Court Simulator Design: Override Evasion Loop,1.000,scd__council-concrete-hybrid,Supreme Court Simulator Design: Constitutional council with concrete-review backstop,0.508,0.510,0.601,0.651,0.689,0.657,0.039,0.123,0.614,0.140
Supreme Court Simulator Design,current-us-like,recusal-pressure-campaign,scd__recusal-pressure-campaign,Supreme Court Simulator Design: Recusal Pressure Campaign,0.850,scd__current-us-like,Supreme Court Simulator Design: Stylized current U.S.-like supreme court,0.509,0.522,0.633,0.589,0.598,0.410,0.075,0.385,0.622,0.083
Supreme Court Simulator Design,term-limited-balanced,recusal-pressure-campaign,scd__recusal-pressure-campaign,Supreme Court Simulator Design: Recusal Pressure Campaign,0.850,scd__term-limited-balanced,Supreme Court Simulator Design: 18-year staggered terms + regular appointments,0.516,0.516,0.612,0.622,0.662,0.577,0.084,0.139,0.580,0.140
Supreme Court Simulator Design,nonpartisan-commission,recusal-pressure-campaign,scd__recusal-pressure-campaign,Supreme Court Simulator Design: Recusal Pressure Campaign,0.850,scd__nonpartisan-commission,Supreme Court Simulator Design: Nonpartisan commission appointments,0.514,0.519,0.608,0.618,0.664,0.585,0.053,0.141,0.578,0.137
Supreme Court Simulator Design,expanded-court-fifteen,recusal-pressure-campaign,scd__recusal-pressure-campaign,Supreme Court Simulator Design: Recusal Pressure Campaign,0.850,scd__expanded-court-fifteen,Supreme Court Simulator Design: Expanded 15-seat court,0.511,0.519,0.610,0.620,0.664,0.594,0.053,0.139,0.577,0.136
Supreme Court Simulator Design,supermajority-review,recusal-pressure-campaign,scd__recusal-pressure-campaign,Supreme Court Simulator Design: Recusal Pressure Campaign,0.850,scd__supermajority-review,Supreme Court Simulator Design: 60 percent invalidation threshold,0.526,0.553,0.597,0.604,0.656,0.556,0.078,0.130,0.573,0.108
Supreme Court Simulator Design,recusal-and-emergency-reform,recusal-pressure-campaign,scd__recusal-pressure-campaign,Supreme Court Simulator Design: Recusal Pressure Campaign,0.850,scd__recusal-and-emergency-reform,Supreme Court Simulator Design: Peer recusal + reasoned emergency docket,0.511,0.516,0.609,0.620,0.661,0.585,0.087,0.138,0.579,0.139
Supreme Court Simulator Design,panel-en-banc,recusal-pressure-campaign,scd__recusal-pressure-campaign,Supreme Court Simulator Design: Recusal Pressure Campaign,0.850,scd__panel-en-banc,Supreme Court Simulator Design: Three-judge panels with en banc correction,0.513,0.523,0.610,0.621,0.664,0.622,0.090,0.141,0.578,0.133
Supreme Court Simulator Design,cross-checking-courts,recusal-pressure-campaign,scd__recusal-pressure-campaign,Supreme Court Simulator Design: Recusal Pressure Campaign,0.850,scd__cross-checking-courts,Supreme Court Simulator Design: Supreme court with cross-checking constitutional court,0.507,0.559,0.578,0.589,0.661,0.590,0.045,0.130,0.595,0.082
Supreme Court Simulator Design,dual-supreme-courts,recusal-pressure-campaign,scd__recusal-pressure-campaign,Supreme Court Simulator Design: Recusal Pressure Campaign,0.850,scd__dual-supreme-courts,Supreme Court Simulator Design: Dual supreme courts with disagreement filter,0.480,0.482,0.609,0.623,0.661,0.600,0.044,0.131,0.610,0.145
Supreme Court Simulator Design,comparative-constitutional-senates,recusal-pressure-campaign,scd__recusal-pressure-campaign,Supreme Court Simulator Design: Recusal Pressure Campaign,0.850,scd__comparative-constitutional-senates,Supreme Court Simulator Design: Comparative 16-seat constitutional senates,0.517,0.556,0.603,0.606,0.663,0.616,0.051,0.131,0.575,0.101
Supreme Court Simulator Design,constitutional-council,recusal-pressure-campaign,scd__recusal-pressure-campaign,Supreme Court Simulator Design: Recusal Pressure Campaign,0.850,scd__constitutional-council,Supreme Court Simulator Design: Pre-enactment constitutional council,0.503,0.521,0.618,0.656,0.677,0.654,0.069,0.141,0.605,0.133
Supreme Court Simulator Design,legislative-override,recusal-pressure-campaign,scd__recusal-pressure-campaign,Supreme Court Simulator Design: Recusal Pressure Campaign,0.850,scd__legislative-override,Supreme Court Simulator Design: Judicial review with legislative supermajority override,0.508,0.510,0.615,0.634,0.665,0.586,0.042,0.139,0.605,0.132
Supreme Court Simulator Design,accountability-retention-court,recusal-pressure-campaign,scd__recusal-pressure-campaign,Supreme Court Simulator Design: Recusal Pressure Campaign,0.850,scd__accountability-retention-court,Supreme Court Simulator Design: Retention-election accountability court,0.513,0.524,0.597,0.637,0.664,0.580,0.056,0.139,0.594,0.131
Supreme Court Simulator Design,emergency-restraint-court,recusal-pressure-campaign,scd__recusal-pressure-campaign,Supreme Court Simulator Design: Recusal Pressure Campaign,0.850,scd__emergency-restraint-court,Supreme Court Simulator Design: No emergency relief without merits review,0.513,0.478,0.629,0.645,0.691,0.673,0.060,0.035,0.582,0.180
Supreme Court Simulator Design,randomized-merits-panels,recusal-pressure-campaign,scd__recusal-pressure-campaign,Supreme Court Simulator Design: Recusal Pressure Campaign,0.850,scd__randomized-merits-panels,Supreme Court Simulator Design: Randomized merits panels with en banc correction,0.510,0.520,0.610,0.621,0.665,0.624,0.085,0.142,0.580,0.140
Supreme Court Simulator Design,mandatory-written-emergency-reasoning,recusal-pressure-campaign,scd__recusal-pressure-campaign,Supreme Court Simulator Design: Recusal Pressure Campaign,0.850,scd__mandatory-written-emergency-reasoning,Supreme Court Simulator Design: Mandatory written emergency reasoning,0.514,0.534,0.598,0.611,0.658,0.573,0.083,0.105,0.579,0.128
Supreme Court Simulator Design,automatic-merits-follow-up,recusal-pressure-campaign,scd__recusal-pressure-campaign,Supreme Court Simulator Design: Recusal Pressure Campaign,0.850,scd__automatic-merits-follow-up,Supreme Court Simulator Design: Automatic merits follow-up for emergency relief,0.510,0.477,0.623,0.644,0.687,0.644,0.076,0.045,0.577,0.188
Supreme Court Simulator Design,strong-recusal-enforcement,recusal-pressure-campaign,scd__recusal-pressure-campaign,Supreme Court Simulator Design: Recusal Pressure Campaign,0.850,scd__strong-recusal-enforcement,Supreme Court Simulator Design: Independent recusal enforcement with substitutes,0.510,0.519,0.609,0.621,0.666,0.609,0.051,0.140,0.580,0.143
Supreme Court Simulator Design,jurisdiction-stripping-constraints,recusal-pressure-campaign,scd__recusal-pressure-campaign,Supreme Court Simulator Design: Recusal Pressure Campaign,0.850,scd__jurisdiction-stripping-constraints,Supreme Court Simulator Design: Jurisdiction stripping constrained by rights carveouts,0.512,0.514,0.607,0.628,0.666,0.584,0.042,0.140,0.597,0.135
Supreme Court Simulator Design,legislative-override-window,recusal-pressure-campaign,scd__recusal-pressure-campaign,Supreme Court Simulator Design: Recusal Pressure Campaign,0.850,scd__legislative-override-window,Supreme Court Simulator Design: Time-limited legislative override window,0.510,0.516,0.613,0.633,0.665,0.583,0.041,0.140,0.601,0.136
Supreme Court Simulator Design,constitutional-remand,recusal-pressure-campaign,scd__recusal-pressure-campaign,Supreme Court Simulator Design: Recusal Pressure Campaign,0.850,scd__constitutional-remand,Supreme Court Simulator Design: Constitutional remand before invalidation,0.525,0.570,0.610,0.642,0.680,0.629,0.055,0.137,0.578,0.096
Supreme Court Simulator Design,public-interest-litigation-filter,recusal-pressure-campaign,scd__recusal-pressure-campaign,Supreme Court Simulator Design: Recusal Pressure Campaign,0.850,scd__public-interest-litigation-filter,Supreme Court Simulator Design: Public-interest litigation filter,0.515,0.524,0.616,0.622,0.666,0.596,0.054,0.139,0.578,0.129
Supreme Court Simulator Design,emergency-integrity-package,recusal-pressure-campaign,scd__recusal-pressure-campaign,Supreme Court Simulator Design: Recusal Pressure Campaign,0.850,scd__emergency-integrity-package,Supreme Court Simulator Design: Emergency integrity package,0.508,0.481,0.626,0.642,0.693,0.674,0.049,0.044,0.577,0.182
Supreme Court Simulator Design,remand-override-window-package,recusal-pressure-campaign,scd__recusal-pressure-campaign,Supreme Court Simulator Design: Recusal Pressure Campaign,0.850,scd__remand-override-window-package,Supreme Court Simulator Design: Constitutional remand with override window,0.524,0.585,0.605,0.633,0.677,0.622,0.056,0.105,0.576,0.092
Supreme Court Simulator Design,panel-jurisdiction-safeguards,recusal-pressure-campaign,scd__recusal-pressure-campaign,Supreme Court Simulator Design: Recusal Pressure Campaign,0.850,scd__panel-jurisdiction-safeguards,Supreme Court Simulator Design: Random panels with jurisdiction safeguards,0.510,0.533,0.602,0.619,0.663,0.624,0.087,0.131,0.595,0.120
Supreme Court Simulator Design,council-concrete-hybrid,recusal-pressure-campaign,scd__recusal-pressure-campaign,Supreme Court Simulator Design: Recusal Pressure Campaign,0.850,scd__council-concrete-hybrid,Supreme Court Simulator Design: Constitutional council with concrete-review backstop,0.512,0.546,0.616,0.645,0.680,0.656,0.052,0.138,0.593,0.111
Supreme Court Simulator Design,current-us-like,court-expansion-retaliation,scd__court-expansion-retaliation,Supreme Court Simulator Design: Court Expansion Retaliation,0.850,scd__current-us-like,Supreme Court Simulator Design: Stylized current U.S.-like supreme court,0.489,0.487,0.626,0.592,0.584,0.398,0.095,0.391,0.638,0.104
Supreme Court Simulator Design,term-limited-balanced,court-expansion-retaliation,scd__court-expansion-retaliation,Supreme Court Simulator Design: Court Expansion Retaliation,0.850,scd__term-limited-balanced,Supreme Court Simulator Design: 18-year staggered terms + regular appointments,0.500,0.492,0.598,0.620,0.647,0.561,0.099,0.143,0.591,0.172
Supreme Court Simulator Design,nonpartisan-commission,court-expansion-retaliation,scd__court-expansion-retaliation,Supreme Court Simulator Design: Court Expansion Retaliation,0.850,scd__nonpartisan-commission,Supreme Court Simulator Design: Nonpartisan commission appointments,0.494,0.482,0.601,0.626,0.650,0.574,0.073,0.144,0.598,0.180
Supreme Court Simulator Design,expanded-court-fifteen,court-expansion-retaliation,scd__court-expansion-retaliation,Supreme Court Simulator Design: Court Expansion Retaliation,0.850,scd__expanded-court-fifteen,Supreme Court Simulator Design: Expanded 15-seat court,0.489,0.481,0.603,0.625,0.651,0.579,0.072,0.144,0.597,0.173
Supreme Court Simulator Design,supermajority-review,court-expansion-retaliation,scd__court-expansion-retaliation,Supreme Court Simulator Design: Court Expansion Retaliation,0.850,scd__supermajority-review,Supreme Court Simulator Design: 60 percent invalidation threshold,0.506,0.518,0.592,0.609,0.640,0.542,0.095,0.137,0.594,0.140
Supreme Court Simulator Design,recusal-and-emergency-reform,court-expansion-retaliation,scd__court-expansion-retaliation,Supreme Court Simulator Design: Court Expansion Retaliation,0.850,scd__recusal-and-emergency-reform,Supreme Court Simulator Design: Peer recusal + reasoned emergency docket,0.492,0.485,0.599,0.622,0.647,0.570,0.098,0.147,0.595,0.173
Supreme Court Simulator Design,panel-en-banc,court-expansion-retaliation,scd__court-expansion-retaliation,Supreme Court Simulator Design: Court Expansion Retaliation,0.850,scd__panel-en-banc,Supreme Court Simulator Design: Three-judge panels with en banc correction,0.494,0.490,0.601,0.624,0.652,0.608,0.100,0.145,0.595,0.170
Supreme Court Simulator Design,cross-checking-courts,court-expansion-retaliation,scd__court-expansion-retaliation,Supreme Court Simulator Design: Court Expansion Retaliation,0.850,scd__cross-checking-courts,Supreme Court Simulator Design: Supreme court with cross-checking constitutional court,0.492,0.538,0.571,0.591,0.650,0.587,0.050,0.135,0.615,0.095
Supreme Court Simulator Design,dual-supreme-courts,court-expansion-retaliation,scd__court-expansion-retaliation,Supreme Court Simulator Design: Court Expansion Retaliation,0.850,scd__dual-supreme-courts,Supreme Court Simulator Design: Dual supreme courts with disagreement filter,0.459,0.447,0.602,0.631,0.647,0.594,0.048,0.138,0.632,0.191
Supreme Court Simulator Design,comparative-constitutional-senates,court-expansion-retaliation,scd__court-expansion-retaliation,Supreme Court Simulator Design: Court Expansion Retaliation,0.850,scd__comparative-constitutional-senates,Supreme Court Simulator Design: Comparative 16-seat constitutional senates,0.496,0.519,0.597,0.612,0.651,0.607,0.059,0.137,0.598,0.140
Supreme Court Simulator Design,constitutional-council,court-expansion-retaliation,scd__court-expansion-retaliation,Supreme Court Simulator Design: Court Expansion Retaliation,0.850,scd__constitutional-council,Supreme Court Simulator Design: Pre-enactment constitutional council,0.488,0.497,0.606,0.658,0.665,0.639,0.077,0.144,0.619,0.162
Supreme Court Simulator Design,legislative-override,court-expansion-retaliation,scd__court-expansion-retaliation,Supreme Court Simulator Design: Court Expansion Retaliation,0.850,scd__legislative-override,Supreme Court Simulator Design: Judicial review with legislative supermajority override,0.491,0.484,0.604,0.637,0.652,0.573,0.044,0.146,0.621,0.165
Supreme Court Simulator Design,accountability-retention-court,court-expansion-retaliation,scd__court-expansion-retaliation,Supreme Court Simulator Design: Court Expansion Retaliation,0.850,scd__accountability-retention-court,Supreme Court Simulator Design: Retention-election accountability court,0.491,0.483,0.589,0.650,0.650,0.573,0.074,0.144,0.619,0.168
Supreme Court Simulator Design,emergency-restraint-court,court-expansion-retaliation,scd__court-expansion-retaliation,Supreme Court Simulator Design: Court Expansion Retaliation,0.850,scd__emergency-restraint-court,Supreme Court Simulator Design: No emergency relief without merits review,0.497,0.451,0.614,0.648,0.679,0.659,0.074,0.038,0.594,0.225
Supreme Court Simulator Design,randomized-merits-panels,court-expansion-retaliation,scd__court-expansion-retaliation,Supreme Court Simulator Design: Court Expansion Retaliation,0.850,scd__randomized-merits-panels,Supreme Court Simulator Design: Randomized merits panels with en banc correction,0.492,0.486,0.601,0.627,0.652,0.615,0.101,0.145,0.597,0.176
Supreme Court Simulator Design,mandatory-written-emergency-reasoning,court-expansion-retaliation,scd__court-expansion-retaliation,Supreme Court Simulator Design: Court Expansion Retaliation,0.850,scd__mandatory-written-emergency-reasoning,Supreme Court Simulator Design: Mandatory written emergency reasoning,0.493,0.494,0.595,0.619,0.645,0.561,0.098,0.111,0.597,0.168
Supreme Court Simulator Design,automatic-merits-follow-up,court-expansion-retaliation,scd__court-expansion-retaliation,Supreme Court Simulator Design: Court Expansion Retaliation,0.850,scd__automatic-merits-follow-up,Supreme Court Simulator Design: Automatic merits follow-up for emergency relief,0.489,0.443,0.612,0.653,0.673,0.635,0.105,0.048,0.599,0.239
Supreme Court Simulator Design,strong-recusal-enforcement,court-expansion-retaliation,scd__court-expansion-retaliation,Supreme Court Simulator Design: Court Expansion Retaliation,0.850,scd__strong-recusal-enforcement,Supreme Court Simulator Design: Independent recusal enforcement with substitutes,0.489,0.479,0.602,0.628,0.653,0.601,0.069,0.144,0.600,0.183
Supreme Court Simulator Design,jurisdiction-stripping-constraints,court-expansion-retaliation,scd__court-expansion-retaliation,Supreme Court Simulator Design: Court Expansion Retaliation,0.850,scd__jurisdiction-stripping-constraints,Supreme Court Simulator Design: Jurisdiction stripping constrained by rights carveouts,0.493,0.478,0.602,0.636,0.655,0.577,0.045,0.146,0.619,0.174
Supreme Court Simulator Design,legislative-override-window,court-expansion-retaliation,scd__court-expansion-retaliation,Supreme Court Simulator Design: Court Expansion Retaliation,0.850,scd__legislative-override-window,Supreme Court Simulator Design: Time-limited legislative override window,0.489,0.480,0.602,0.643,0.652,0.574,0.044,0.146,0.623,0.169
Supreme Court Simulator Design,constitutional-remand,court-expansion-retaliation,scd__court-expansion-retaliation,Supreme Court Simulator Design: Court Expansion Retaliation,0.850,scd__constitutional-remand,Supreme Court Simulator Design: Constitutional remand before invalidation,0.508,0.543,0.604,0.643,0.665,0.612,0.072,0.143,0.594,0.123
Supreme Court Simulator Design,public-interest-litigation-filter,court-expansion-retaliation,scd__court-expansion-retaliation,Supreme Court Simulator Design: Court Expansion Retaliation,0.850,scd__public-interest-litigation-filter,Supreme Court Simulator Design: Public-interest litigation filter,0.496,0.492,0.609,0.626,0.652,0.584,0.070,0.144,0.597,0.163
Supreme Court Simulator Design,emergency-integrity-package,court-expansion-retaliation,scd__court-expansion-retaliation,Supreme Court Simulator Design: Court Expansion Retaliation,0.850,scd__emergency-integrity-package,Supreme Court Simulator Design: Emergency integrity package,0.490,0.446,0.616,0.653,0.680,0.669,0.069,0.048,0.598,0.228
Supreme Court Simulator Design,remand-override-window-package,court-expansion-retaliation,scd__court-expansion-retaliation,Supreme Court Simulator Design: Court Expansion Retaliation,0.850,scd__remand-override-window-package,Supreme Court Simulator Design: Constitutional remand with override window,0.502,0.548,0.598,0.642,0.661,0.611,0.074,0.111,0.600,0.121
Supreme Court Simulator Design,panel-jurisdiction-safeguards,court-expansion-retaliation,scd__court-expansion-retaliation,Supreme Court Simulator Design: Court Expansion Retaliation,0.850,scd__panel-jurisdiction-safeguards,Supreme Court Simulator Design: Random panels with jurisdiction safeguards,0.489,0.501,0.592,0.626,0.648,0.615,0.098,0.137,0.618,0.153
Supreme Court Simulator Design,council-concrete-hybrid,court-expansion-retaliation,scd__court-expansion-retaliation,Supreme Court Simulator Design: Court Expansion Retaliation,0.850,scd__council-concrete-hybrid,Supreme Court Simulator Design: Constitutional council with concrete-review backstop,0.487,0.503,0.609,0.657,0.666,0.651,0.056,0.146,0.621,0.153
Constitutional Review Simulator,current-federal-court,baseline,crs__baseline,Constitutional Review Simulator: Baseline,1.0,crs__current-federal-court,Constitutional Review Simulator: Current-style federal supreme court,0.524,0.788,0.684,0.404,0.742,0.580,0.205,0.375,0.344,0.260
Constitutional Review Simulator,eighteen-year-terms,baseline,crs__baseline,Constitutional Review Simulator: Baseline,1.0,crs__eighteen-year-terms,Constitutional Review Simulator: Staggered 18-year nonrenewable terms,0.534,0.798,0.691,0.414,0.837,0.590,0.187,0.366,0.338,0.240
Constitutional Review Simulator,fifteen-justice-commission,baseline,crs__baseline,Constitutional Review Simulator: Baseline,1.0,crs__fifteen-justice-commission,Constitutional Review Simulator: Fifteen-justice supermajority commission court,0.609,0.882,0.737,0.459,0.901,0.705,0.155,0.066,0.251,0.371
Constitutional Review Simulator,supermajority-invalidation,baseline,crs__baseline,Constitutional Review Simulator: Baseline,1.0,crs__supermajority-invalidation,Constitutional Review Simulator: Supermajority required to invalidate laws,0.602,0.893,0.735,0.458,0.774,0.683,0.171,0.065,0.249,0.350
Constitutional Review Simulator,strict-recusal-court,baseline,crs__baseline,Constitutional Review Simulator: Baseline,1.0,crs__strict-recusal-court,Constitutional Review Simulator: Strict recusal with substitute justices,0.617,0.885,0.737,0.461,0.915,0.724,0.154,0.064,0.248,0.353
Constitutional Review Simulator,reasoned-emergency-review,baseline,crs__baseline,Constitutional Review Simulator: Baseline,1.0,crs__reasoned-emergency-review,Constitutional Review Simulator: Reasoned emergency orders with merits follow-up,0.622,0.888,0.738,0.458,0.824,0.739,0.171,0.003,0.240,0.456
Constitutional Review Simulator,panel-en-banc-review,baseline,crs__baseline,Constitutional Review Simulator: Baseline,1.0,crs__panel-en-banc-review,Constitutional Review Simulator: Panel review with en banc safety valve,0.605,0.879,0.736,0.459,0.925,0.718,0.154,0.064,0.251,0.381
Constitutional Review Simulator,dual-cross-checking-courts,baseline,crs__baseline,Constitutional Review Simulator: Baseline,1.0,crs__dual-cross-checking-courts,Constitutional Review Simulator: Dual supreme courts with cross-checking invalidations,0.623,0.912,0.745,0.471,0.891,0.749,0.140,0.004,0.246,0.342
Constitutional Review Simulator,constitutional-council,baseline,crs__baseline,Constitutional Review Simulator: Baseline,1.0,crs__constitutional-council,Constitutional Review Simulator: Pre-enactment constitutional council,0.627,0.947,0.738,0.469,0.930,0.750,0.133,0.061,0.238,0.273
Constitutional Review Simulator,legislative-override-court,baseline,crs__baseline,Constitutional Review Simulator: Baseline,1.0,crs__legislative-override-court,Constitutional Review Simulator: Judicial review with delayed legislative override,0.588,0.871,0.732,0.461,0.898,0.698,0.165,0.065,0.256,0.384
Constitutional Review Simulator,accountability-retention-court,baseline,crs__baseline,Constitutional Review Simulator: Baseline,1.0,crs__accountability-retention-court,Constitutional Review Simulator: Retention-election accountability court,0.617,0.892,0.727,0.481,0.812,0.721,0.142,0.058,0.243,0.251
Constitutional Review Simulator,independence-accountability-hybrid,baseline,crs__baseline,Constitutional Review Simulator: Baseline,1.0,crs__independence-accountability-hybrid,Constitutional Review Simulator: Hybrid court balancing independence and accountability,0.636,0.915,0.744,0.469,0.927,0.753,0.144,0.003,0.230,0.369
Constitutional Review Simulator,weak-form-review,baseline,crs__baseline,Constitutional Review Simulator: Baseline,1.0,crs__weak-form-review,Constitutional Review Simulator: Weak-form review with legislative reply,0.699,0.961,0.715,0.505,0.947,0.751,0.119,0.061,0.208,0.000
Constitutional Review Simulator,suspended-declaration-review,baseline,crs__baseline,Constitutional Review Simulator: Baseline,1.0,crs__suspended-declaration-review,Constitutional Review Simulator: Suspended declarations of invalidity,0.671,0.927,0.720,0.516,0.927,0.759,0.152,0.003,0.247,0.458
Constitutional Review Simulator,override-clause-review,baseline,crs__baseline,Constitutional Review Simulator: Baseline,1.0,crs__override-clause-review,Constitutional Review Simulator: Strong-form review with explicit override clause,0.614,0.884,0.736,0.461,0.915,0.714,0.154,0.061,0.248,0.360
Constitutional Review Simulator,pre-enactment-review,baseline,crs__baseline,Constitutional Review Simulator: Baseline,1.0,crs__pre-enactment-review,Constitutional Review Simulator: Pre-enactment review before laws take effect,0.647,0.951,0.764,0.470,0.922,0.752,0.127,0.060,0.236,0.254
Constitutional Review Simulator,abstract-review-tribunal,baseline,crs__baseline,Constitutional Review Simulator: Baseline,1.0,crs__abstract-review-tribunal,Constitutional Review Simulator: Abstract review tribunal,0.641,0.906,0.769,0.465,0.874,0.747,0.157,0.004,0.235,0.411
Constitutional Review Simulator,ombudsman-triggered-review,baseline,crs__baseline,Constitutional Review Simulator: Baseline,1.0,crs__ombudsman-triggered-review,Constitutional Review Simulator: Ombudsman-triggered constitutional review,0.605,0.880,0.735,0.456,0.933,0.728,0.157,0.062,0.253,0.405
Constitutional Review Simulator,constitutional-public-defender,baseline,crs__baseline,Constitutional Review Simulator: Baseline,1.0,crs__constitutional-public-defender,Constitutional Review Simulator: Constitutional public defender access model,0.616,0.884,0.773,0.459,0.927,0.740,0.167,0.003,0.241,0.475
Constitutional Review Simulator,rights-impact-statement-review,baseline,crs__baseline,Constitutional Review Simulator: Baseline,1.0,crs__rights-impact-statement-review,Constitutional Review Simulator: Rights-impact statements before review,0.684,0.953,0.803,0.473,0.847,0.772,0.120,0.057,0.232,0.223
Constitutional Review Simulator,mandatory-legislative-response,baseline,crs__baseline,Constitutional Review Simulator: Baseline,1.0,crs__mandatory-legislative-response,Constitutional Review Simulator: Mandatory legislative response cycles,0.658,0.918,0.715,0.474,0.928,0.782,0.130,0.002,0.196,0.385
Constitutional Review Simulator,current-federal-court,low-emergency-pressure,crs__low-emergency-pressure,Constitutional Review Simulator: Low emergency pressure,1.0,crs__current-federal-court,Constitutional Review Simulator: Current-style federal supreme court,0.549,0.856,0.724,0.441,0.739,0.644,0.189,0.098,0.267,0.413
Constitutional Review Simulator,eighteen-year-terms,low-emergency-pressure,crs__low-emergency-pressure,Constitutional Review Simulator: Low emergency pressure,1.0,crs__eighteen-year-terms,Constitutional Review Simulator: Staggered 18-year nonrenewable terms,0.559,0.865,0.729,0.448,0.835,0.652,0.172,0.100,0.262,0.374
Constitutional Review Simulator,fifteen-justice-commission,low-emergency-pressure,crs__low-emergency-pressure,Constitutional Review Simulator: Low emergency pressure,1.0,crs__fifteen-justice-commission,Constitutional Review Simulator: Fifteen-justice supermajority commission court,0.631,0.902,0.745,0.466,0.899,0.722,0.147,0.004,0.231,0.388
Constitutional Review Simulator,supermajority-invalidation,low-emergency-pressure,crs__low-emergency-pressure,Constitutional Review Simulator: Low emergency pressure,1.0,crs__supermajority-invalidation,Constitutional Review Simulator: Supermajority required to invalidate laws,0.621,0.911,0.743,0.464,0.772,0.700,0.163,0.004,0.230,0.368
Constitutional Review Simulator,strict-recusal-court,low-emergency-pressure,crs__low-emergency-pressure,Constitutional Review Simulator: Low emergency pressure,1.0,crs__strict-recusal-court,Constitutional Review Simulator: Strict recusal with substitute justices,0.634,0.904,0.746,0.469,0.913,0.742,0.145,0.004,0.228,0.365
Constitutional Review Simulator,reasoned-emergency-review,low-emergency-pressure,crs__low-emergency-pressure,Constitutional Review Simulator: Low emergency pressure,1.0,crs__reasoned-emergency-review,Constitutional Review Simulator: Reasoned emergency orders with merits follow-up,0.628,0.893,0.741,0.459,0.822,0.744,0.163,0.000,0.236,0.441
Constitutional Review Simulator,panel-en-banc-review,low-emergency-pressure,crs__low-emergency-pressure,Constitutional Review Simulator: Low emergency pressure,1.0,crs__panel-en-banc-review,Constitutional Review Simulator: Panel review with en banc safety valve,0.622,0.897,0.745,0.466,0.924,0.734,0.145,0.004,0.232,0.395
Constitutional Review Simulator,dual-cross-checking-courts,low-emergency-pressure,crs__low-emergency-pressure,Constitutional Review Simulator: Low emergency pressure,1.0,crs__dual-cross-checking-courts,Constitutional Review Simulator: Dual supreme courts with cross-checking invalidations,0.631,0.918,0.748,0.473,0.889,0.753,0.133,0.000,0.241,0.322
Constitutional Review Simulator,constitutional-council,low-emergency-pressure,crs__low-emergency-pressure,Constitutional Review Simulator: Low emergency pressure,1.0,crs__constitutional-council,Constitutional Review Simulator: Pre-enactment constitutional council,0.646,0.965,0.747,0.476,0.932,0.768,0.126,0.003,0.219,0.284
Constitutional Review Simulator,legislative-override-court,low-emergency-pressure,crs__low-emergency-pressure,Constitutional Review Simulator: Low emergency pressure,1.0,crs__legislative-override-court,Constitutional Review Simulator: Judicial review with delayed legislative override,0.607,0.891,0.741,0.469,0.897,0.715,0.156,0.004,0.236,0.397
Constitutional Review Simulator,accountability-retention-court,low-emergency-pressure,crs__low-emergency-pressure,Constitutional Review Simulator: Low emergency pressure,1.0,crs__accountability-retention-court,Constitutional Review Simulator: Retention-election accountability court,0.639,0.911,0.734,0.484,0.814,0.737,0.134,0.003,0.224,0.256
Constitutional Review Simulator,independence-accountability-hybrid,low-emergency-pressure,crs__low-emergency-pressure,Constitutional Review Simulator: Low emergency pressure,1.0,crs__independence-accountability-hybrid,Constitutional Review Simulator: Hybrid court balancing independence and accountability,0.652,0.920,0.747,0.471,0.926,0.757,0.136,0.000,0.226,0.352
Constitutional Review Simulator,weak-form-review,low-emergency-pressure,crs__low-emergency-pressure,Constitutional Review Simulator: Low emergency pressure,1.0,crs__weak-form-review,Constitutional Review Simulator: Weak-form review with legislative reply,0.705,0.980,0.727,0.512,0.946,0.794,0.110,0.004,0.189,0.000
Constitutional Review Simulator,suspended-declaration-review,low-emergency-pressure,crs__low-emergency-pressure,Constitutional Review Simulator: Low emergency pressure,1.0,crs__suspended-declaration-review,Constitutional Review Simulator: Suspended declarations of invalidity,0.688,0.931,0.727,0.515,0.926,0.763,0.144,0.000,0.243,0.440
Constitutional Review Simulator,override-clause-review,low-emergency-pressure,crs__low-emergency-pressure,Constitutional Review Simulator: Low emergency pressure,1.0,crs__override-clause-review,Constitutional Review Simulator: Strong-form review with explicit override clause,0.634,0.901,0.744,0.467,0.913,0.730,0.147,0.004,0.230,0.382
Constitutional Review Simulator,pre-enactment-review,low-emergency-pressure,crs__low-emergency-pressure,Constitutional Review Simulator: Low emergency pressure,1.0,crs__pre-enactment-review,Constitutional Review Simulator: Pre-enactment review before laws take effect,0.680,0.969,0.770,0.478,0.923,0.771,0.119,0.003,0.217,0.257
Constitutional Review Simulator,abstract-review-tribunal,low-emergency-pressure,crs__low-emergency-pressure,Constitutional Review Simulator: Low emergency pressure,1.0,crs__abstract-review-tribunal,Constitutional Review Simulator: Abstract review tribunal,0.653,0.910,0.771,0.465,0.873,0.750,0.150,0.000,0.231,0.404
Constitutional Review Simulator,ombudsman-triggered-review,low-emergency-pressure,crs__low-emergency-pressure,Constitutional Review Simulator: Low emergency pressure,1.0,crs__ombudsman-triggered-review,Constitutional Review Simulator: Ombudsman-triggered constitutional review,0.622,0.897,0.744,0.464,0.933,0.745,0.148,0.004,0.235,0.426
Constitutional Review Simulator,constitutional-public-defender,low-emergency-pressure,crs__low-emergency-pressure,Constitutional Review Simulator: Low emergency pressure,1.0,crs__constitutional-public-defender,Constitutional Review Simulator: Constitutional public defender access model,0.628,0.889,0.775,0.460,0.926,0.744,0.159,0.000,0.238,0.460
Constitutional Review Simulator,rights-impact-statement-review,low-emergency-pressure,crs__low-emergency-pressure,Constitutional Review Simulator: Low emergency pressure,1.0,crs__rights-impact-statement-review,Constitutional Review Simulator: Rights-impact statements before review,0.706,0.969,0.810,0.479,0.849,0.792,0.114,0.004,0.214,0.232
Constitutional Review Simulator,mandatory-legislative-response,low-emergency-pressure,crs__low-emergency-pressure,Constitutional Review Simulator: Low emergency pressure,1.0,crs__mandatory-legislative-response,Constitutional Review Simulator: Mandatory legislative response cycles,0.668,0.923,0.719,0.474,0.928,0.786,0.124,0.000,0.194,0.368
Constitutional Review Simulator,current-federal-court,high-emergency-pressure,crs__high-emergency-pressure,Constitutional Review Simulator: High emergency pressure,1.0,crs__current-federal-court,Constitutional Review Simulator: Current-style federal supreme court,0.490,0.644,0.615,0.333,0.739,0.452,0.227,0.937,0.510,0.000
Constitutional Review Simulator,eighteen-year-terms,high-emergency-pressure,crs__high-emergency-pressure,Constitutional Review Simulator: High emergency pressure,1.0,crs__eighteen-year-terms,Constitutional Review Simulator: Staggered 18-year nonrenewable terms,0.499,0.653,0.631,0.351,0.834,0.464,0.208,0.928,0.503,0.000
Constitutional Review Simulator,fifteen-justice-commission,high-emergency-pressure,crs__high-emergency-pressure,Constitutional Review Simulator: High emergency pressure,1.0,crs__fifteen-justice-commission,Constitutional Review Simulator: Fifteen-justice supermajority commission court,0.563,0.793,0.706,0.426,0.899,0.623,0.163,0.438,0.357,0.176
Constitutional Review Simulator,supermajority-invalidation,high-emergency-pressure,crs__high-emergency-pressure,Constitutional Review Simulator: High emergency pressure,1.0,crs__supermajority-invalidation,Constitutional Review Simulator: Supermajority required to invalidate laws,0.554,0.798,0.696,0.415,0.772,0.597,0.180,0.451,0.362,0.167
Constitutional Review Simulator,strict-recusal-court,high-emergency-pressure,crs__high-emergency-pressure,Constitutional Review Simulator: High emergency pressure,1.0,crs__strict-recusal-court,Constitutional Review Simulator: Strict recusal with substitute justices,0.569,0.794,0.704,0.426,0.913,0.642,0.163,0.432,0.354,0.169
Constitutional Review Simulator,reasoned-emergency-review,high-emergency-pressure,crs__high-emergency-pressure,Constitutional Review Simulator: High emergency pressure,1.0,crs__reasoned-emergency-review,Constitutional Review Simulator: Reasoned emergency orders with merits follow-up,0.607,0.877,0.733,0.452,0.822,0.726,0.179,0.042,0.257,0.438
Constitutional Review Simulator,panel-en-banc-review,high-emergency-pressure,crs__high-emergency-pressure,Constitutional Review Simulator: High emergency pressure,1.0,crs__panel-en-banc-review,Constitutional Review Simulator: Panel review with en banc safety valve,0.559,0.789,0.705,0.427,0.924,0.637,0.161,0.435,0.356,0.177
Constitutional Review Simulator,dual-cross-checking-courts,high-emergency-pressure,crs__high-emergency-pressure,Constitutional Review Simulator: High emergency pressure,1.0,crs__dual-cross-checking-courts,Constitutional Review Simulator: Dual supreme courts with cross-checking invalidations,0.598,0.894,0.736,0.458,0.889,0.731,0.149,0.064,0.270,0.320
Constitutional Review Simulator,constitutional-council,high-emergency-pressure,crs__high-emergency-pressure,Constitutional Review Simulator: High emergency pressure,1.0,crs__constitutional-council,Constitutional Review Simulator: Pre-enactment constitutional council,0.568,0.845,0.708,0.433,0.932,0.670,0.144,0.418,0.347,0.141
Constitutional Review Simulator,legislative-override-court,high-emergency-pressure,crs__high-emergency-pressure,Constitutional Review Simulator: High emergency pressure,1.0,crs__legislative-override-court,Constitutional Review Simulator: Judicial review with delayed legislative override,0.543,0.779,0.698,0.423,0.896,0.615,0.173,0.445,0.362,0.178
Constitutional Review Simulator,accountability-retention-court,high-emergency-pressure,crs__high-emergency-pressure,Constitutional Review Simulator: High emergency pressure,1.0,crs__accountability-retention-court,Constitutional Review Simulator: Retention-election accountability court,0.563,0.797,0.712,0.455,0.814,0.643,0.150,0.412,0.346,0.130
Constitutional Review Simulator,independence-accountability-hybrid,high-emergency-pressure,crs__high-emergency-pressure,Constitutional Review Simulator: High emergency pressure,1.0,crs__independence-accountability-hybrid,Constitutional Review Simulator: Hybrid court balancing independence and accountability,0.613,0.903,0.736,0.457,0.925,0.739,0.153,0.038,0.247,0.356
Constitutional Review Simulator,weak-form-review,high-emergency-pressure,crs__high-emergency-pressure,Constitutional Review Simulator: High emergency pressure,1.0,crs__weak-form-review,Constitutional Review Simulator: Weak-form review with legislative reply,0.613,0.846,0.677,0.457,0.946,0.666,0.142,0.422,0.329,0.000
Constitutional Review Simulator,suspended-declaration-review,high-emergency-pressure,crs__high-emergency-pressure,Constitutional Review Simulator: High emergency pressure,1.0,crs__suspended-declaration-review,Constitutional Review Simulator: Suspended declarations of invalidity,0.647,0.918,0.713,0.515,0.926,0.746,0.157,0.041,0.262,0.437
Constitutional Review Simulator,override-clause-review,high-emergency-pressure,crs__high-emergency-pressure,Constitutional Review Simulator: High emergency pressure,1.0,crs__override-clause-review,Constitutional Review Simulator: Strong-form review with explicit override clause,0.565,0.792,0.705,0.427,0.913,0.631,0.164,0.435,0.356,0.175
Constitutional Review Simulator,pre-enactment-review,high-emergency-pressure,crs__high-emergency-pressure,Constitutional Review Simulator: High emergency pressure,1.0,crs__pre-enactment-review,Constitutional Review Simulator: Pre-enactment review before laws take effect,0.583,0.850,0.737,0.437,0.923,0.673,0.137,0.416,0.344,0.134
Constitutional Review Simulator,abstract-review-tribunal,high-emergency-pressure,crs__high-emergency-pressure,Constitutional Review Simulator: High emergency pressure,1.0,crs__abstract-review-tribunal,Constitutional Review Simulator: Abstract review tribunal,0.612,0.886,0.759,0.453,0.872,0.726,0.165,0.070,0.261,0.402
Constitutional Review Simulator,ombudsman-triggered-review,high-emergency-pressure,crs__high-emergency-pressure,Constitutional Review Simulator: High emergency pressure,1.0,crs__ombudsman-triggered-review,Constitutional Review Simulator: Ombudsman-triggered constitutional review,0.559,0.792,0.700,0.420,0.933,0.645,0.164,0.437,0.359,0.182
Constitutional Review Simulator,constitutional-public-defender,high-emergency-pressure,crs__high-emergency-pressure,Constitutional Review Simulator: High emergency pressure,1.0,crs__constitutional-public-defender,Constitutional Review Simulator: Constitutional public defender access model,0.601,0.873,0.767,0.455,0.926,0.727,0.174,0.043,0.258,0.456
Constitutional Review Simulator,rights-impact-statement-review,high-emergency-pressure,crs__high-emergency-pressure,Constitutional Review Simulator: High emergency pressure,1.0,crs__rights-impact-statement-review,Constitutional Review Simulator: Rights-impact statements before review,0.615,0.853,0.780,0.442,0.849,0.691,0.133,0.408,0.340,0.124
Constitutional Review Simulator,mandatory-legislative-response,high-emergency-pressure,crs__high-emergency-pressure,Constitutional Review Simulator: High emergency pressure,1.0,crs__mandatory-legislative-response,Constitutional Review Simulator: Mandatory legislative response cycles,0.629,0.910,0.719,0.476,0.929,0.769,0.137,0.036,0.212,0.371
Constitutional Review Simulator,current-federal-court,low-appointment-polarization,crs__low-appointment-polarization,Constitutional Review Simulator: Low appointment polarization,1.0,crs__current-federal-court,Constitutional Review Simulator: Current-style federal supreme court,0.541,0.809,0.697,0.417,0.734,0.600,0.133,0.355,0.324,0.238
Constitutional Review Simulator,eighteen-year-terms,low-appointment-polarization,crs__low-appointment-polarization,Constitutional Review Simulator: Low appointment polarization,1.0,crs__eighteen-year-terms,Constitutional Review Simulator: Staggered 18-year nonrenewable terms,0.553,0.820,0.707,0.430,0.829,0.611,0.122,0.346,0.316,0.215
Constitutional Review Simulator,fifteen-justice-commission,low-appointment-polarization,crs__low-appointment-polarization,Constitutional Review Simulator: Low appointment polarization,1.0,crs__fifteen-justice-commission,Constitutional Review Simulator: Fifteen-justice supermajority commission court,0.631,0.900,0.742,0.466,0.895,0.719,0.105,0.062,0.233,0.325
Constitutional Review Simulator,supermajority-invalidation,low-appointment-polarization,crs__low-appointment-polarization,Constitutional Review Simulator: Low appointment polarization,1.0,crs__supermajority-invalidation,Constitutional Review Simulator: Supermajority required to invalidate laws,0.625,0.911,0.740,0.464,0.766,0.699,0.112,0.063,0.232,0.296
Constitutional Review Simulator,strict-recusal-court,low-appointment-polarization,crs__low-appointment-polarization,Constitutional Review Simulator: Low appointment polarization,1.0,crs__strict-recusal-court,Constitutional Review Simulator: Strict recusal with substitute justices,0.640,0.901,0.742,0.466,0.910,0.739,0.104,0.060,0.231,0.310
Constitutional Review Simulator,reasoned-emergency-review,low-appointment-polarization,crs__low-appointment-polarization,Constitutional Review Simulator: Low appointment polarization,1.0,crs__reasoned-emergency-review,Constitutional Review Simulator: Reasoned emergency orders with merits follow-up,0.646,0.906,0.744,0.465,0.817,0.755,0.115,0.002,0.222,0.398
Constitutional Review Simulator,panel-en-banc-review,low-appointment-polarization,crs__low-appointment-polarization,Constitutional Review Simulator: Low appointment polarization,1.0,crs__panel-en-banc-review,Constitutional Review Simulator: Panel review with en banc safety valve,0.628,0.894,0.742,0.465,0.921,0.732,0.106,0.061,0.235,0.340
Constitutional Review Simulator,dual-cross-checking-courts,low-appointment-polarization,crs__low-appointment-polarization,Constitutional Review Simulator: Low appointment polarization,1.0,crs__dual-cross-checking-courts,Constitutional Review Simulator: Dual supreme courts with cross-checking invalidations,0.644,0.924,0.748,0.475,0.885,0.762,0.098,0.003,0.230,0.307
Constitutional Review Simulator,constitutional-council,low-appointment-polarization,crs__low-appointment-polarization,Constitutional Review Simulator: Low appointment polarization,1.0,crs__constitutional-council,Constitutional Review Simulator: Pre-enactment constitutional council,0.649,0.954,0.742,0.472,0.934,0.762,0.093,0.061,0.224,0.235
Constitutional Review Simulator,legislative-override-court,low-appointment-polarization,crs__low-appointment-polarization,Constitutional Review Simulator: Low appointment polarization,1.0,crs__legislative-override-court,Constitutional Review Simulator: Judicial review with delayed legislative override,0.611,0.892,0.738,0.467,0.893,0.714,0.109,0.062,0.237,0.327
Constitutional Review Simulator,accountability-retention-court,low-appointment-polarization,crs__low-appointment-polarization,Constitutional Review Simulator: Low appointment polarization,1.0,crs__accountability-retention-court,Constitutional Review Simulator: Retention-election accountability court,0.639,0.911,0.732,0.483,0.819,0.736,0.092,0.056,0.226,0.205
Constitutional Review Simulator,independence-accountability-hybrid,low-appointment-polarization,crs__low-appointment-polarization,Constitutional Review Simulator: Low appointment polarization,1.0,crs__independence-accountability-hybrid,Constitutional Review Simulator: Hybrid court balancing independence and accountability,0.657,0.927,0.748,0.473,0.923,0.765,0.101,0.002,0.215,0.331
Constitutional Review Simulator,weak-form-review,low-appointment-polarization,crs__low-appointment-polarization,Constitutional Review Simulator: Low appointment polarization,1.0,crs__weak-form-review,Constitutional Review Simulator: Weak-form review with legislative reply,0.706,0.966,0.724,0.504,0.946,0.772,0.082,0.060,0.196,0.000
Constitutional Review Simulator,suspended-declaration-review,low-appointment-polarization,crs__low-appointment-polarization,Constitutional Review Simulator: Low appointment polarization,1.0,crs__suspended-declaration-review,Constitutional Review Simulator: Suspended declarations of invalidity,0.690,0.937,0.730,0.516,0.924,0.771,0.105,0.002,0.231,0.412
Constitutional Review Simulator,override-clause-review,low-appointment-polarization,crs__low-appointment-polarization,Constitutional Review Simulator: Low appointment polarization,1.0,crs__override-clause-review,Constitutional Review Simulator: Strong-form review with explicit override clause,0.635,0.901,0.742,0.467,0.910,0.729,0.104,0.060,0.231,0.314
Constitutional Review Simulator,pre-enactment-review,low-appointment-polarization,crs__low-appointment-polarization,Constitutional Review Simulator: Low appointment polarization,1.0,crs__pre-enactment-review,Constitutional Review Simulator: Pre-enactment review before laws take effect,0.667,0.958,0.766,0.475,0.926,0.766,0.089,0.057,0.221,0.223
Constitutional Review Simulator,abstract-review-tribunal,low-appointment-polarization,crs__low-appointment-polarization,Constitutional Review Simulator: Low appointment polarization,1.0,crs__abstract-review-tribunal,Constitutional Review Simulator: Abstract review tribunal,0.660,0.919,0.771,0.470,0.868,0.758,0.110,0.003,0.219,0.374
Constitutional Review Simulator,ombudsman-triggered-review,low-appointment-polarization,crs__low-appointment-polarization,Constitutional Review Simulator: Low appointment polarization,1.0,crs__ombudsman-triggered-review,Constitutional Review Simulator: Ombudsman-triggered constitutional review,0.623,0.893,0.740,0.462,0.932,0.741,0.110,0.059,0.237,0.370
Constitutional Review Simulator,constitutional-public-defender,low-appointment-polarization,crs__low-appointment-polarization,Constitutional Review Simulator: Low appointment polarization,1.0,crs__constitutional-public-defender,Constitutional Review Simulator: Constitutional public defender access model,0.633,0.897,0.773,0.463,0.924,0.752,0.118,0.003,0.227,0.442
Constitutional Review Simulator,rights-impact-statement-review,low-appointment-polarization,crs__low-appointment-polarization,Constitutional Review Simulator: Low appointment polarization,1.0,crs__rights-impact-statement-review,Constitutional Review Simulator: Rights-impact statements before review,0.702,0.960,0.806,0.477,0.854,0.786,0.083,0.057,0.217,0.187
Constitutional Review Simulator,mandatory-legislative-response,low-appointment-polarization,crs__low-appointment-polarization,Constitutional Review Simulator: Low appointment polarization,1.0,crs__mandatory-legislative-response,Constitutional Review Simulator: Mandatory legislative response cycles,0.676,0.929,0.721,0.477,0.930,0.795,0.091,0.002,0.185,0.347
Constitutional Review Simulator,current-federal-court,high-appointment-polarization,crs__high-appointment-polarization,Constitutional Review Simulator: High appointment polarization,1.0,crs__current-federal-court,Constitutional Review Simulator: Current-style federal supreme court,0.503,0.761,0.665,0.386,0.744,0.555,0.283,0.389,0.368,0.303
Constitutional Review Simulator,eighteen-year-terms,high-appointment-polarization,crs__high-appointment-polarization,Constitutional Review Simulator: High appointment polarization,1.0,crs__eighteen-year-terms,Constitutional Review Simulator: Staggered 18-year nonrenewable terms,0.512,0.770,0.673,0.395,0.839,0.565,0.261,0.383,0.363,0.285
Constitutional Review Simulator,fifteen-justice-commission,high-appointment-polarization,crs__high-appointment-polarization,Constitutional Review Simulator: High appointment polarization,1.0,crs__fifteen-justice-commission,Constitutional Review Simulator: Fifteen-justice supermajority commission court,0.596,0.868,0.735,0.459,0.902,0.692,0.207,0.066,0.266,0.405
Constitutional Review Simulator,supermajority-invalidation,high-appointment-polarization,crs__high-appointment-polarization,Constitutional Review Simulator: High appointment polarization,1.0,crs__supermajority-invalidation,Constitutional Review Simulator: Supermajority required to invalidate laws,0.584,0.873,0.730,0.452,0.777,0.664,0.235,0.069,0.267,0.393
Constitutional Review Simulator,strict-recusal-court,high-appointment-polarization,crs__high-appointment-polarization,Constitutional Review Simulator: High appointment polarization,1.0,crs__strict-recusal-court,Constitutional Review Simulator: Strict recusal with substitute justices,0.598,0.867,0.734,0.458,0.916,0.710,0.207,0.066,0.265,0.392
Constitutional Review Simulator,reasoned-emergency-review,high-appointment-polarization,crs__high-appointment-polarization,Constitutional Review Simulator: High appointment polarization,1.0,crs__reasoned-emergency-review,Constitutional Review Simulator: Reasoned emergency orders with merits follow-up,0.599,0.864,0.733,0.452,0.827,0.720,0.234,0.005,0.259,0.522
Constitutional Review Simulator,panel-en-banc-review,high-appointment-polarization,crs__high-appointment-polarization,Constitutional Review Simulator: High appointment polarization,1.0,crs__panel-en-banc-review,Constitutional Review Simulator: Panel review with en banc safety valve,0.593,0.865,0.736,0.458,0.926,0.706,0.202,0.066,0.266,0.406
Constitutional Review Simulator,dual-cross-checking-courts,high-appointment-polarization,crs__high-appointment-polarization,Constitutional Review Simulator: High appointment polarization,1.0,crs__dual-cross-checking-courts,Constitutional Review Simulator: Dual supreme courts with cross-checking invalidations,0.608,0.901,0.745,0.472,0.892,0.738,0.184,0.004,0.261,0.359
Constitutional Review Simulator,constitutional-council,high-appointment-polarization,crs__high-appointment-polarization,Constitutional Review Simulator: High appointment polarization,1.0,crs__constitutional-council,Constitutional Review Simulator: Pre-enactment constitutional council,0.612,0.941,0.740,0.470,0.929,0.740,0.173,0.060,0.252,0.298
Constitutional Review Simulator,legislative-override-court,high-appointment-polarization,crs__high-appointment-polarization,Constitutional Review Simulator: High appointment polarization,1.0,crs__legislative-override-court,Constitutional Review Simulator: Judicial review with delayed legislative override,0.567,0.845,0.725,0.454,0.900,0.679,0.228,0.070,0.277,0.443
Constitutional Review Simulator,accountability-retention-court,high-appointment-polarization,crs__high-appointment-polarization,Constitutional Review Simulator: High appointment polarization,1.0,crs__accountability-retention-court,Constitutional Review Simulator: Retention-election accountability court,0.594,0.869,0.726,0.481,0.809,0.704,0.197,0.061,0.262,0.294
Constitutional Review Simulator,independence-accountability-hybrid,high-appointment-polarization,crs__high-appointment-polarization,Constitutional Review Simulator: High appointment polarization,1.0,crs__independence-accountability-hybrid,Constitutional Review Simulator: Hybrid court balancing independence and accountability,0.622,0.903,0.744,0.469,0.927,0.741,0.189,0.004,0.244,0.396
Constitutional Review Simulator,weak-form-review,high-appointment-polarization,crs__high-appointment-polarization,Constitutional Review Simulator: High appointment polarization,1.0,crs__weak-form-review,Constitutional Review Simulator: Weak-form review with legislative reply,0.688,0.955,0.711,0.510,0.946,0.734,0.158,0.061,0.220,0.000
Constitutional Review Simulator,suspended-declaration-review,high-appointment-polarization,crs__high-appointment-polarization,Constitutional Review Simulator: High appointment polarization,1.0,crs__suspended-declaration-review,Constitutional Review Simulator: Suspended declarations of invalidity,0.658,0.916,0.714,0.521,0.927,0.748,0.200,0.004,0.264,0.497
Constitutional Review Simulator,override-clause-review,high-appointment-polarization,crs__high-appointment-polarization,Constitutional Review Simulator: High appointment polarization,1.0,crs__override-clause-review,Constitutional Review Simulator: Strong-form review with explicit override clause,0.593,0.860,0.731,0.455,0.916,0.695,0.211,0.068,0.268,0.412
Constitutional Review Simulator,pre-enactment-review,high-appointment-polarization,crs__high-appointment-polarization,Constitutional Review Simulator: High appointment polarization,1.0,crs__pre-enactment-review,Constitutional Review Simulator: Pre-enactment review before laws take effect,0.637,0.946,0.768,0.473,0.920,0.744,0.165,0.059,0.249,0.275
Constitutional Review Simulator,abstract-review-tribunal,high-appointment-polarization,crs__high-appointment-polarization,Constitutional Review Simulator: High appointment polarization,1.0,crs__abstract-review-tribunal,Constitutional Review Simulator: Abstract review tribunal,0.623,0.893,0.770,0.464,0.876,0.734,0.205,0.005,0.250,0.444
Constitutional Review Simulator,ombudsman-triggered-review,high-appointment-polarization,crs__high-appointment-polarization,Constitutional Review Simulator: High appointment polarization,1.0,crs__ombudsman-triggered-review,Constitutional Review Simulator: Ombudsman-triggered constitutional review,0.593,0.866,0.734,0.457,0.933,0.717,0.203,0.063,0.268,0.434
Constitutional Review Simulator,constitutional-public-defender,high-appointment-polarization,crs__high-appointment-polarization,Constitutional Review Simulator: High appointment polarization,1.0,crs__constitutional-public-defender,Constitutional Review Simulator: Constitutional public defender access model,0.603,0.870,0.771,0.458,0.927,0.728,0.218,0.004,0.257,0.507
Constitutional Review Simulator,rights-impact-statement-review,high-appointment-polarization,crs__high-appointment-polarization,Constitutional Review Simulator: High appointment polarization,1.0,crs__rights-impact-statement-review,Constitutional Review Simulator: Rights-impact statements before review,0.662,0.942,0.804,0.472,0.844,0.755,0.162,0.061,0.249,0.262
Constitutional Review Simulator,mandatory-legislative-response,high-appointment-polarization,crs__high-appointment-polarization,Constitutional Review Simulator: High appointment polarization,1.0,crs__mandatory-legislative-response,Constitutional Review Simulator: Mandatory legislative response cycles,0.638,0.905,0.712,0.474,0.926,0.772,0.172,0.003,0.210,0.422
Constitutional Review Simulator,current-federal-court,low-rights-threat,crs__low-rights-threat,Constitutional Review Simulator: Low rights threat,1.0,crs__current-federal-court,Constitutional Review Simulator: Current-style federal supreme court,0.554,0.832,0.746,0.440,0.695,0.608,0.179,0.339,0.310,0.157
Constitutional Review Simulator,eighteen-year-terms,low-rights-threat,crs__low-rights-threat,Constitutional Review Simulator: Low rights threat,1.0,crs__eighteen-year-terms,Constitutional Review Simulator: Staggered 18-year nonrenewable terms,0.562,0.842,0.755,0.450,0.791,0.619,0.161,0.334,0.304,0.136
Constitutional Review Simulator,fifteen-justice-commission,low-rights-threat,crs__low-rights-threat,Constitutional Review Simulator: Low rights threat,1.0,crs__fifteen-justice-commission,Constitutional Review Simulator: Fifteen-justice supermajority commission court,0.659,0.930,0.792,0.485,0.861,0.733,0.128,0.060,0.219,0.185
Constitutional Review Simulator,supermajority-invalidation,low-rights-threat,crs__low-rights-threat,Constitutional Review Simulator: Low rights threat,1.0,crs__supermajority-invalidation,Constitutional Review Simulator: Supermajority required to invalidate laws,0.653,0.938,0.790,0.484,0.728,0.710,0.145,0.061,0.218,0.164
Constitutional Review Simulator,strict-recusal-court,low-rights-threat,crs__low-rights-threat,Constitutional Review Simulator: Low rights threat,1.0,crs__strict-recusal-court,Constitutional Review Simulator: Strict recusal with substitute justices,0.666,0.931,0.793,0.487,0.879,0.754,0.128,0.059,0.218,0.176
Constitutional Review Simulator,reasoned-emergency-review,low-rights-threat,crs__low-rights-threat,Constitutional Review Simulator: Low rights threat,1.0,crs__reasoned-emergency-review,Constitutional Review Simulator: Reasoned emergency orders with merits follow-up,0.673,0.935,0.790,0.481,0.778,0.770,0.145,0.001,0.208,0.250
Constitutional Review Simulator,panel-en-banc-review,low-rights-threat,crs__low-rights-threat,Constitutional Review Simulator: Low rights threat,1.0,crs__panel-en-banc-review,Constitutional Review Simulator: Panel review with en banc safety valve,0.658,0.926,0.792,0.484,0.891,0.747,0.128,0.059,0.220,0.197
Constitutional Review Simulator,dual-cross-checking-courts,low-rights-threat,crs__low-rights-threat,Constitutional Review Simulator: Low rights threat,1.0,crs__dual-cross-checking-courts,Constitutional Review Simulator: Dual supreme courts with cross-checking invalidations,0.672,0.956,0.799,0.494,0.851,0.786,0.115,0.001,0.212,0.152
Constitutional Review Simulator,constitutional-council,low-rights-threat,crs__low-rights-threat,Constitutional Review Simulator: Low rights threat,1.0,crs__constitutional-council,Constitutional Review Simulator: Pre-enactment constitutional council,0.670,0.968,0.797,0.494,0.942,0.788,0.108,0.056,0.210,0.113
Constitutional Review Simulator,legislative-override-court,low-rights-threat,crs__low-rights-threat,Constitutional Review Simulator: Low rights threat,1.0,crs__legislative-override-court,Constitutional Review Simulator: Judicial review with delayed legislative override,0.636,0.920,0.788,0.486,0.857,0.725,0.139,0.060,0.224,0.197
Constitutional Review Simulator,accountability-retention-court,low-rights-threat,crs__low-rights-threat,Constitutional Review Simulator: Low rights threat,1.0,crs__accountability-retention-court,Constitutional Review Simulator: Retention-election accountability court,0.658,0.937,0.794,0.502,0.857,0.754,0.122,0.055,0.212,0.101
Constitutional Review Simulator,independence-accountability-hybrid,low-rights-threat,crs__low-rights-threat,Constitutional Review Simulator: Low rights threat,1.0,crs__independence-accountability-hybrid,Constitutional Review Simulator: Hybrid court balancing independence and accountability,0.682,0.956,0.797,0.492,0.896,0.790,0.119,0.001,0.200,0.180
Constitutional Review Simulator,weak-form-review,low-rights-threat,crs__low-rights-threat,Constitutional Review Simulator: Low rights threat,1.0,crs__weak-form-review,Constitutional Review Simulator: Weak-form review with legislative reply,0.704,0.971,0.785,0.512,0.930,0.798,0.102,0.057,0.196,0.000
Constitutional Review Simulator,suspended-declaration-review,low-rights-threat,crs__low-rights-threat,Constitutional Review Simulator: Low rights threat,1.0,crs__suspended-declaration-review,Constitutional Review Simulator: Suspended declarations of invalidity,0.716,0.957,0.784,0.518,0.898,0.779,0.124,0.001,0.212,0.248
Constitutional Review Simulator,override-clause-review,low-rights-threat,crs__low-rights-threat,Constitutional Review Simulator: Low rights threat,1.0,crs__override-clause-review,Constitutional Review Simulator: Strong-form review with explicit override clause,0.661,0.929,0.791,0.486,0.879,0.743,0.130,0.058,0.218,0.186
Constitutional Review Simulator,pre-enactment-review,low-rights-threat,crs__low-rights-threat,Constitutional Review Simulator: Low rights threat,1.0,crs__pre-enactment-review,Constitutional Review Simulator: Pre-enactment review before laws take effect,0.685,0.971,0.817,0.497,0.942,0.791,0.102,0.056,0.208,0.099
Constitutional Review Simulator,abstract-review-tribunal,low-rights-threat,crs__low-rights-threat,Constitutional Review Simulator: Low rights threat,1.0,crs__abstract-review-tribunal,Constitutional Review Simulator: Abstract review tribunal,0.685,0.948,0.815,0.487,0.832,0.775,0.129,0.002,0.204,0.217
Constitutional Review Simulator,ombudsman-triggered-review,low-rights-threat,crs__low-rights-threat,Constitutional Review Simulator: Low rights threat,1.0,crs__ombudsman-triggered-review,Constitutional Review Simulator: Ombudsman-triggered constitutional review,0.654,0.925,0.790,0.483,0.914,0.755,0.128,0.059,0.223,0.217
Constitutional Review Simulator,constitutional-public-defender,low-rights-threat,crs__low-rights-threat,Constitutional Review Simulator: Low rights threat,1.0,crs__constitutional-public-defender,Constitutional Review Simulator: Constitutional public defender access model,0.666,0.932,0.801,0.482,0.900,0.764,0.137,0.002,0.209,0.264
Constitutional Review Simulator,rights-impact-statement-review,low-rights-threat,crs__low-rights-threat,Constitutional Review Simulator: Low rights threat,1.0,crs__rights-impact-statement-review,Constitutional Review Simulator: Rights-impact statements before review,0.719,0.972,0.858,0.498,0.892,0.820,0.099,0.054,0.206,0.085
Constitutional Review Simulator,mandatory-legislative-response,low-rights-threat,crs__low-rights-threat,Constitutional Review Simulator: Low rights threat,1.0,crs__mandatory-legislative-response,Constitutional Review Simulator: Mandatory legislative response cycles,0.692,0.957,0.784,0.496,0.934,0.810,0.106,0.001,0.185,0.189
Constitutional Review Simulator,current-federal-court,high-rights-threat,crs__high-rights-threat,Constitutional Review Simulator: High rights threat,1.0,crs__current-federal-court,Constitutional Review Simulator: Current-style federal supreme court,0.499,0.725,0.693,0.413,0.830,0.569,0.203,0.437,0.394,0.403
Constitutional Review Simulator,eighteen-year-terms,high-rights-threat,crs__high-rights-threat,Constitutional Review Simulator: High rights threat,1.0,crs__eighteen-year-terms,Constitutional Review Simulator: Staggered 18-year nonrenewable terms,0.505,0.731,0.692,0.416,0.914,0.574,0.189,0.439,0.392,0.379
Constitutional Review Simulator,fifteen-justice-commission,high-rights-threat,crs__high-rights-threat,Constitutional Review Simulator: High rights threat,1.0,crs__fifteen-justice-commission,Constitutional Review Simulator: Fifteen-justice supermajority commission court,0.570,0.804,0.748,0.480,0.938,0.696,0.165,0.079,0.298,0.667
Constitutional Review Simulator,supermajority-invalidation,high-rights-threat,crs__high-rights-threat,Constitutional Review Simulator: High rights threat,1.0,crs__supermajority-invalidation,Constitutional Review Simulator: Supermajority required to invalidate laws,0.564,0.817,0.745,0.477,0.862,0.675,0.179,0.078,0.297,0.650
Constitutional Review Simulator,strict-recusal-court,high-rights-threat,crs__high-rights-threat,Constitutional Review Simulator: High rights threat,1.0,crs__strict-recusal-court,Constitutional Review Simulator: Strict recusal with substitute justices,0.576,0.805,0.747,0.480,0.936,0.715,0.164,0.073,0.296,0.662
Constitutional Review Simulator,reasoned-emergency-review,high-rights-threat,crs__high-rights-threat,Constitutional Review Simulator: High rights threat,1.0,crs__reasoned-emergency-review,Constitutional Review Simulator: Reasoned emergency orders with merits follow-up,0.585,0.811,0.763,0.488,0.905,0.735,0.177,0.009,0.286,0.780
Constitutional Review Simulator,panel-en-banc-review,high-rights-threat,crs__high-rights-threat,Constitutional Review Simulator: High rights threat,1.0,crs__panel-en-banc-review,Constitutional Review Simulator: Panel review with en banc safety valve,0.565,0.798,0.750,0.480,0.937,0.708,0.163,0.076,0.299,0.683
Constitutional Review Simulator,dual-cross-checking-courts,high-rights-threat,crs__high-rights-threat,Constitutional Review Simulator: High rights threat,1.0,crs__dual-cross-checking-courts,Constitutional Review Simulator: Dual supreme courts with cross-checking invalidations,0.572,0.833,0.753,0.490,0.931,0.738,0.153,0.009,0.291,0.682
Constitutional Review Simulator,constitutional-council,high-rights-threat,crs__high-rights-threat,Constitutional Review Simulator: High rights threat,1.0,crs__constitutional-council,Constitutional Review Simulator: Pre-enactment constitutional council,0.573,0.909,0.738,0.482,0.863,0.736,0.146,0.073,0.288,0.586
Constitutional Review Simulator,legislative-override-court,high-rights-threat,crs__high-rights-threat,Constitutional Review Simulator: High rights threat,1.0,crs__legislative-override-court,Constitutional Review Simulator: Judicial review with delayed legislative override,0.553,0.793,0.747,0.481,0.939,0.691,0.173,0.076,0.301,0.681
Constitutional Review Simulator,accountability-retention-court,high-rights-threat,crs__high-rights-threat,Constitutional Review Simulator: High rights threat,1.0,crs__accountability-retention-court,Constitutional Review Simulator: Retention-election accountability court,0.563,0.805,0.717,0.493,0.723,0.703,0.157,0.069,0.295,0.562
Constitutional Review Simulator,independence-accountability-hybrid,high-rights-threat,crs__high-rights-threat,Constitutional Review Simulator: High rights threat,1.0,crs__independence-accountability-hybrid,Constitutional Review Simulator: Hybrid court balancing independence and accountability,0.586,0.838,0.755,0.491,0.932,0.743,0.153,0.008,0.278,0.701
Constitutional Review Simulator,weak-form-review,high-rights-threat,crs__high-rights-threat,Constitutional Review Simulator: High rights threat,1.0,crs__weak-form-review,Constitutional Review Simulator: Weak-form review with legislative reply,0.688,0.942,0.684,0.532,0.915,0.719,0.123,0.076,0.237,0.000
Constitutional Review Simulator,suspended-declaration-review,high-rights-threat,crs__high-rights-threat,Constitutional Review Simulator: High rights threat,1.0,crs__suspended-declaration-review,Constitutional Review Simulator: Suspended declarations of invalidity,0.640,0.881,0.718,0.553,0.929,0.768,0.160,0.009,0.299,0.776
Constitutional Review Simulator,override-clause-review,high-rights-threat,crs__high-rights-threat,Constitutional Review Simulator: High rights threat,1.0,crs__override-clause-review,Constitutional Review Simulator: Strong-form review with explicit override clause,0.572,0.804,0.748,0.480,0.936,0.704,0.164,0.075,0.297,0.665
Constitutional Review Simulator,pre-enactment-review,high-rights-threat,crs__high-rights-threat,Constitutional Review Simulator: High rights threat,1.0,crs__pre-enactment-review,Constitutional Review Simulator: Pre-enactment review before laws take effect,0.593,0.914,0.773,0.483,0.846,0.739,0.141,0.072,0.286,0.570
Constitutional Review Simulator,abstract-review-tribunal,high-rights-threat,crs__high-rights-threat,Constitutional Review Simulator: High rights threat,1.0,crs__abstract-review-tribunal,Constitutional Review Simulator: Abstract review tribunal,0.599,0.829,0.798,0.491,0.927,0.741,0.163,0.010,0.282,0.745
Constitutional Review Simulator,ombudsman-triggered-review,high-rights-threat,crs__high-rights-threat,Constitutional Review Simulator: High rights threat,1.0,crs__ombudsman-triggered-review,Constitutional Review Simulator: Ombudsman-triggered constitutional review,0.564,0.800,0.752,0.479,0.916,0.720,0.166,0.079,0.302,0.706
Constitutional Review Simulator,constitutional-public-defender,high-rights-threat,crs__high-rights-threat,Constitutional Review Simulator: High rights threat,1.0,crs__constitutional-public-defender,Constitutional Review Simulator: Constitutional public defender access model,0.581,0.806,0.852,0.490,0.926,0.746,0.174,0.009,0.288,0.802
Constitutional Review Simulator,rights-impact-statement-review,high-rights-threat,crs__high-rights-threat,Constitutional Review Simulator: High rights threat,1.0,crs__rights-impact-statement-review,Constitutional Review Simulator: Rights-impact statements before review,0.622,0.915,0.804,0.485,0.758,0.754,0.135,0.072,0.282,0.532
Constitutional Review Simulator,mandatory-legislative-response,high-rights-threat,crs__high-rights-threat,Constitutional Review Simulator: High rights threat,1.0,crs__mandatory-legislative-response,Constitutional Review Simulator: Mandatory legislative response cycles,0.613,0.850,0.704,0.496,0.870,0.794,0.145,0.008,0.207,0.715
Constitutional Review Simulator,current-federal-court,high-public-trust,crs__high-public-trust,Constitutional Review Simulator: High public trust,1.0,crs__current-federal-court,Constitutional Review Simulator: Current-style federal supreme court,0.544,0.796,0.691,0.411,0.732,0.648,0.197,0.367,0.332,0.248
Constitutional Review Simulator,eighteen-year-terms,high-public-trust,crs__high-public-trust,Constitutional Review Simulator: High public trust,1.0,crs__eighteen-year-terms,Constitutional Review Simulator: Staggered 18-year nonrenewable terms,0.556,0.808,0.700,0.423,0.827,0.660,0.180,0.355,0.324,0.228
Constitutional Review Simulator,fifteen-justice-commission,high-public-trust,crs__high-public-trust,Constitutional Review Simulator: High public trust,1.0,crs__fifteen-justice-commission,Constitutional Review Simulator: Fifteen-justice supermajority commission court,0.651,0.894,0.742,0.470,0.893,0.783,0.147,0.065,0.235,0.330
Constitutional Review Simulator,supermajority-invalidation,high-public-trust,crs__high-public-trust,Constitutional Review Simulator: High public trust,1.0,crs__supermajority-invalidation,Constitutional Review Simulator: Supermajority required to invalidate laws,0.644,0.902,0.739,0.467,0.764,0.759,0.164,0.066,0.235,0.319
Constitutional Review Simulator,strict-recusal-court,high-public-trust,crs__high-public-trust,Constitutional Review Simulator: High public trust,1.0,crs__strict-recusal-court,Constitutional Review Simulator: Strict recusal with substitute justices,0.661,0.895,0.741,0.470,0.908,0.804,0.147,0.064,0.234,0.319
Constitutional Review Simulator,reasoned-emergency-review,high-public-trust,crs__high-public-trust,Constitutional Review Simulator: High public trust,1.0,crs__reasoned-emergency-review,Constitutional Review Simulator: Reasoned emergency orders with merits follow-up,0.663,0.898,0.743,0.466,0.815,0.819,0.164,0.003,0.224,0.417
Constitutional Review Simulator,panel-en-banc-review,high-public-trust,crs__high-public-trust,Constitutional Review Simulator: High public trust,1.0,crs__panel-en-banc-review,Constitutional Review Simulator: Panel review with en banc safety valve,0.647,0.889,0.741,0.467,0.919,0.794,0.146,0.066,0.237,0.341
Constitutional Review Simulator,dual-cross-checking-courts,high-public-trust,crs__high-public-trust,Constitutional Review Simulator: High public trust,1.0,crs__dual-cross-checking-courts,Constitutional Review Simulator: Dual supreme courts with cross-checking invalidations,0.661,0.921,0.749,0.481,0.883,0.836,0.134,0.003,0.231,0.308
Constitutional Review Simulator,constitutional-council,high-public-trust,crs__high-public-trust,Constitutional Review Simulator: High public trust,1.0,crs__constitutional-council,Constitutional Review Simulator: Pre-enactment constitutional council,0.662,0.953,0.743,0.480,0.935,0.839,0.126,0.060,0.225,0.242
Constitutional Review Simulator,legislative-override-court,high-public-trust,crs__high-public-trust,Constitutional Review Simulator: High public trust,1.0,crs__legislative-override-court,Constitutional Review Simulator: Judicial review with delayed legislative override,0.631,0.883,0.737,0.469,0.890,0.774,0.157,0.066,0.240,0.343
Constitutional Review Simulator,accountability-retention-court,high-public-trust,crs__high-public-trust,Constitutional Review Simulator: High public trust,1.0,crs__accountability-retention-court,Constitutional Review Simulator: Retention-election accountability court,0.655,0.904,0.732,0.492,0.821,0.806,0.135,0.057,0.229,0.216
Constitutional Review Simulator,independence-accountability-hybrid,high-public-trust,crs__high-public-trust,Constitutional Review Simulator: High public trust,1.0,crs__independence-accountability-hybrid,Constitutional Review Simulator: Hybrid court balancing independence and accountability,0.674,0.923,0.748,0.478,0.922,0.843,0.138,0.003,0.216,0.340
Constitutional Review Simulator,weak-form-review,high-public-trust,crs__high-public-trust,Constitutional Review Simulator: High public trust,1.0,crs__weak-form-review,Constitutional Review Simulator: Weak-form review with legislative reply,0.718,0.964,0.725,0.519,0.945,0.886,0.114,0.060,0.200,0.000
Constitutional Review Simulator,suspended-declaration-review,high-public-trust,crs__high-public-trust,Constitutional Review Simulator: High public trust,1.0,crs__suspended-declaration-review,Constitutional Review Simulator: Suspended declarations of invalidity,0.716,0.934,0.735,0.530,0.922,0.841,0.144,0.003,0.231,0.421
Constitutional Review Simulator,override-clause-review,high-public-trust,crs__high-public-trust,Constitutional Review Simulator: High public trust,1.0,crs__override-clause-review,Constitutional Review Simulator: Strong-form review with explicit override clause,0.654,0.892,0.741,0.469,0.908,0.790,0.148,0.063,0.235,0.331
Constitutional Review Simulator,pre-enactment-review,high-public-trust,crs__high-public-trust,Constitutional Review Simulator: High public trust,1.0,crs__pre-enactment-review,Constitutional Review Simulator: Pre-enactment review before laws take effect,0.683,0.956,0.772,0.483,0.928,0.846,0.121,0.058,0.223,0.228
Constitutional Review Simulator,abstract-review-tribunal,high-public-trust,crs__high-public-trust,Constitutional Review Simulator: High public trust,1.0,crs__abstract-review-tribunal,Constitutional Review Simulator: Abstract review tribunal,0.681,0.914,0.776,0.472,0.866,0.831,0.150,0.004,0.220,0.381
Constitutional Review Simulator,ombudsman-triggered-review,high-public-trust,crs__high-public-trust,Constitutional Review Simulator: High public trust,1.0,crs__ombudsman-triggered-review,Constitutional Review Simulator: Ombudsman-triggered constitutional review,0.646,0.889,0.741,0.466,0.931,0.805,0.149,0.062,0.238,0.368
Constitutional Review Simulator,constitutional-public-defender,high-public-trust,crs__high-public-trust,Constitutional Review Simulator: High public trust,1.0,crs__constitutional-public-defender,Constitutional Review Simulator: Constitutional public defender access model,0.657,0.894,0.776,0.466,0.922,0.819,0.159,0.003,0.226,0.439
Constitutional Review Simulator,rights-impact-statement-review,high-public-trust,crs__high-public-trust,Constitutional Review Simulator: High public trust,1.0,crs__rights-impact-statement-review,Constitutional Review Simulator: Rights-impact statements before review,0.712,0.958,0.806,0.485,0.856,0.875,0.115,0.059,0.220,0.199
Constitutional Review Simulator,mandatory-legislative-response,high-public-trust,crs__high-public-trust,Constitutional Review Simulator: High public trust,1.0,crs__mandatory-legislative-response,Constitutional Review Simulator: Mandatory legislative response cycles,0.694,0.927,0.725,0.483,0.931,0.890,0.124,0.003,0.184,0.346
Constitutional Review Simulator,current-federal-court,low-public-trust,crs__low-public-trust,Constitutional Review Simulator: Low public trust,1.0,crs__current-federal-court,Constitutional Review Simulator: Current-style federal supreme court,0.503,0.782,0.677,0.396,0.750,0.492,0.209,0.366,0.358,0.286
Constitutional Review Simulator,eighteen-year-terms,low-public-trust,crs__low-public-trust,Constitutional Review Simulator: Low public trust,1.0,crs__eighteen-year-terms,Constitutional Review Simulator: Staggered 18-year nonrenewable terms,0.513,0.791,0.686,0.405,0.845,0.501,0.192,0.362,0.353,0.266
Constitutional Review Simulator,fifteen-justice-commission,low-public-trust,crs__low-public-trust,Constitutional Review Simulator: Low public trust,1.0,crs__fifteen-justice-commission,Constitutional Review Simulator: Fifteen-justice supermajority commission court,0.580,0.875,0.731,0.449,0.907,0.612,0.159,0.064,0.269,0.395
Constitutional Review Simulator,supermajority-invalidation,low-public-trust,crs__low-public-trust,Constitutional Review Simulator: Low public trust,1.0,crs__supermajority-invalidation,Constitutional Review Simulator: Supermajority required to invalidate laws,0.573,0.888,0.731,0.446,0.782,0.591,0.174,0.062,0.266,0.368
Constitutional Review Simulator,strict-recusal-court,low-public-trust,crs__low-public-trust,Constitutional Review Simulator: Low public trust,1.0,crs__strict-recusal-court,Constitutional Review Simulator: Strict recusal with substitute justices,0.588,0.877,0.733,0.451,0.921,0.632,0.159,0.061,0.266,0.383
Constitutional Review Simulator,reasoned-emergency-review,low-public-trust,crs__low-public-trust,Constitutional Review Simulator: Low public trust,1.0,crs__reasoned-emergency-review,Constitutional Review Simulator: Reasoned emergency orders with merits follow-up,0.593,0.879,0.733,0.450,0.833,0.646,0.176,0.003,0.260,0.485
Constitutional Review Simulator,panel-en-banc-review,low-public-trust,crs__low-public-trust,Constitutional Review Simulator: Low public trust,1.0,crs__panel-en-banc-review,Constitutional Review Simulator: Panel review with en banc safety valve,0.576,0.870,0.731,0.450,0.930,0.625,0.158,0.063,0.269,0.405
Constitutional Review Simulator,dual-cross-checking-courts,low-public-trust,crs__low-public-trust,Constitutional Review Simulator: Low public trust,1.0,crs__dual-cross-checking-courts,Constitutional Review Simulator: Dual supreme courts with cross-checking invalidations,0.586,0.905,0.742,0.459,0.897,0.654,0.144,0.004,0.264,0.362
Constitutional Review Simulator,constitutional-council,low-public-trust,crs__low-public-trust,Constitutional Review Simulator: Low public trust,1.0,crs__constitutional-council,Constitutional Review Simulator: Pre-enactment constitutional council,0.588,0.944,0.737,0.456,0.927,0.657,0.137,0.055,0.253,0.296
Constitutional Review Simulator,legislative-override-court,low-public-trust,crs__low-public-trust,Constitutional Review Simulator: Low public trust,1.0,crs__legislative-override-court,Constitutional Review Simulator: Judicial review with delayed legislative override,0.560,0.862,0.725,0.452,0.905,0.606,0.170,0.065,0.278,0.409
Constitutional Review Simulator,accountability-retention-court,low-public-trust,crs__low-public-trust,Constitutional Review Simulator: Low public trust,1.0,crs__accountability-retention-court,Constitutional Review Simulator: Retention-election accountability court,0.574,0.879,0.722,0.467,0.804,0.626,0.147,0.058,0.265,0.287
Constitutional Review Simulator,independence-accountability-hybrid,low-public-trust,crs__low-public-trust,Constitutional Review Simulator: Low public trust,1.0,crs__independence-accountability-hybrid,Constitutional Review Simulator: Hybrid court balancing independence and accountability,0.598,0.908,0.740,0.458,0.931,0.658,0.147,0.003,0.248,0.388
Constitutional Review Simulator,weak-form-review,low-public-trust,crs__low-public-trust,Constitutional Review Simulator: Low public trust,1.0,crs__weak-form-review,Constitutional Review Simulator: Weak-form review with legislative reply,0.645,0.957,0.708,0.485,0.948,0.643,0.123,0.061,0.220,0.000
Constitutional Review Simulator,suspended-declaration-review,low-public-trust,crs__low-public-trust,Constitutional Review Simulator: Low public trust,1.0,crs__suspended-declaration-review,Constitutional Review Simulator: Suspended declarations of invalidity,0.632,0.921,0.692,0.496,0.931,0.663,0.156,0.003,0.268,0.484
Constitutional Review Simulator,override-clause-review,low-public-trust,crs__low-public-trust,Constitutional Review Simulator: Low public trust,1.0,crs__override-clause-review,Constitutional Review Simulator: Strong-form review with explicit override clause,0.583,0.876,0.731,0.450,0.921,0.620,0.159,0.063,0.267,0.383
Constitutional Review Simulator,pre-enactment-review,low-public-trust,crs__low-public-trust,Constitutional Review Simulator: Low public trust,1.0,crs__pre-enactment-review,Constitutional Review Simulator: Pre-enactment review before laws take effect,0.603,0.946,0.756,0.457,0.917,0.656,0.131,0.061,0.253,0.276
Constitutional Review Simulator,abstract-review-tribunal,low-public-trust,crs__low-public-trust,Constitutional Review Simulator: Low public trust,1.0,crs__abstract-review-tribunal,Constitutional Review Simulator: Abstract review tribunal,0.602,0.898,0.759,0.455,0.882,0.651,0.161,0.004,0.255,0.443
Constitutional Review Simulator,ombudsman-triggered-review,low-public-trust,crs__low-public-trust,Constitutional Review Simulator: Low public trust,1.0,crs__ombudsman-triggered-review,Constitutional Review Simulator: Ombudsman-triggered constitutional review,0.577,0.872,0.729,0.449,0.936,0.635,0.161,0.062,0.272,0.429
Constitutional Review Simulator,constitutional-public-defender,low-public-trust,crs__low-public-trust,Constitutional Review Simulator: Low public trust,1.0,crs__constitutional-public-defender,Constitutional Review Simulator: Constitutional public defender access model,0.588,0.874,0.767,0.452,0.930,0.647,0.172,0.003,0.262,0.507
Constitutional Review Simulator,rights-impact-statement-review,low-public-trust,crs__low-public-trust,Constitutional Review Simulator: Low public trust,1.0,crs__rights-impact-statement-review,Constitutional Review Simulator: Rights-impact statements before review,0.636,0.949,0.802,0.459,0.839,0.675,0.125,0.057,0.248,0.248
Constitutional Review Simulator,mandatory-legislative-response,low-public-trust,crs__low-public-trust,Constitutional Review Simulator: Low public trust,1.0,crs__mandatory-legislative-response,Constitutional Review Simulator: Mandatory legislative response cycles,0.613,0.909,0.706,0.464,0.925,0.686,0.136,0.003,0.217,0.420
Constitutional Review Simulator,current-federal-court,low-legislative-conflict,crs__low-legislative-conflict,Constitutional Review Simulator: Low legislative conflict,1.0,crs__current-federal-court,Constitutional Review Simulator: Current-style federal supreme court,0.538,0.796,0.692,0.414,0.732,0.586,0.198,0.365,0.329,0.255
Constitutional Review Simulator,eighteen-year-terms,low-legislative-conflict,crs__low-legislative-conflict,Constitutional Review Simulator: Low legislative conflict,1.0,crs__eighteen-year-terms,Constitutional Review Simulator: Staggered 18-year nonrenewable terms,0.551,0.807,0.700,0.427,0.827,0.598,0.180,0.357,0.322,0.228
Constitutional Review Simulator,fifteen-justice-commission,low-legislative-conflict,crs__low-legislative-conflict,Constitutional Review Simulator: Low legislative conflict,1.0,crs__fifteen-justice-commission,Constitutional Review Simulator: Fifteen-justice supermajority commission court,0.642,0.894,0.741,0.473,0.893,0.713,0.147,0.062,0.232,0.339
Constitutional Review Simulator,supermajority-invalidation,low-legislative-conflict,crs__low-legislative-conflict,Constitutional Review Simulator: Low legislative conflict,1.0,crs__supermajority-invalidation,Constitutional Review Simulator: Supermajority required to invalidate laws,0.631,0.902,0.738,0.469,0.764,0.689,0.164,0.063,0.232,0.324
Constitutional Review Simulator,strict-recusal-court,low-legislative-conflict,crs__low-legislative-conflict,Constitutional Review Simulator: Low legislative conflict,1.0,crs__strict-recusal-court,Constitutional Review Simulator: Strict recusal with substitute justices,0.652,0.896,0.741,0.476,0.908,0.732,0.146,0.061,0.230,0.320
Constitutional Review Simulator,reasoned-emergency-review,low-legislative-conflict,crs__low-legislative-conflict,Constitutional Review Simulator: Low legislative conflict,1.0,crs__reasoned-emergency-review,Constitutional Review Simulator: Reasoned emergency orders with merits follow-up,0.653,0.897,0.743,0.469,0.814,0.747,0.164,0.003,0.221,0.427
Constitutional Review Simulator,panel-en-banc-review,low-legislative-conflict,crs__low-legislative-conflict,Constitutional Review Simulator: Low legislative conflict,1.0,crs__panel-en-banc-review,Constitutional Review Simulator: Panel review with en banc safety valve,0.638,0.890,0.742,0.473,0.919,0.726,0.147,0.059,0.232,0.350
Constitutional Review Simulator,dual-cross-checking-courts,low-legislative-conflict,crs__low-legislative-conflict,Constitutional Review Simulator: Low legislative conflict,1.0,crs__dual-cross-checking-courts,Constitutional Review Simulator: Dual supreme courts with cross-checking invalidations,0.655,0.921,0.748,0.485,0.883,0.758,0.134,0.003,0.228,0.311
Constitutional Review Simulator,constitutional-council,low-legislative-conflict,crs__low-legislative-conflict,Constitutional Review Simulator: Low legislative conflict,1.0,crs__constitutional-council,Constitutional Review Simulator: Pre-enactment constitutional council,0.654,0.953,0.741,0.485,0.934,0.759,0.126,0.058,0.222,0.247
Constitutional Review Simulator,legislative-override-court,low-legislative-conflict,crs__low-legislative-conflict,Constitutional Review Simulator: Low legislative conflict,1.0,crs__legislative-override-court,Constitutional Review Simulator: Judicial review with delayed legislative override,0.623,0.883,0.737,0.474,0.890,0.707,0.158,0.061,0.236,0.353
Constitutional Review Simulator,accountability-retention-court,low-legislative-conflict,crs__low-legislative-conflict,Constitutional Review Simulator: Low legislative conflict,1.0,crs__accountability-retention-court,Constitutional Review Simulator: Retention-election accountability court,0.649,0.905,0.732,0.497,0.822,0.731,0.133,0.055,0.225,0.220
Constitutional Review Simulator,independence-accountability-hybrid,low-legislative-conflict,crs__low-legislative-conflict,Constitutional Review Simulator: Low legislative conflict,1.0,crs__independence-accountability-hybrid,Constitutional Review Simulator: Hybrid court balancing independence and accountability,0.665,0.923,0.747,0.481,0.921,0.761,0.139,0.003,0.213,0.348
Constitutional Review Simulator,weak-form-review,low-legislative-conflict,crs__low-legislative-conflict,Constitutional Review Simulator: Low legislative conflict,1.0,crs__weak-form-review,Constitutional Review Simulator: Weak-form review with legislative reply,0.713,0.965,0.726,0.525,0.945,0.774,0.113,0.057,0.197,0.000
Constitutional Review Simulator,suspended-declaration-review,low-legislative-conflict,crs__low-legislative-conflict,Constitutional Review Simulator: Low legislative conflict,1.0,crs__suspended-declaration-review,Constitutional Review Simulator: Suspended declarations of invalidity,0.711,0.936,0.736,0.536,0.922,0.769,0.143,0.003,0.226,0.417
Constitutional Review Simulator,override-clause-review,low-legislative-conflict,crs__low-legislative-conflict,Constitutional Review Simulator: Low legislative conflict,1.0,crs__override-clause-review,Constitutional Review Simulator: Strong-form review with explicit override clause,0.646,0.894,0.741,0.475,0.908,0.722,0.147,0.058,0.230,0.335
Constitutional Review Simulator,pre-enactment-review,low-legislative-conflict,crs__low-legislative-conflict,Constitutional Review Simulator: Low legislative conflict,1.0,crs__pre-enactment-review,Constitutional Review Simulator: Pre-enactment review before laws take effect,0.678,0.957,0.770,0.488,0.927,0.763,0.119,0.057,0.220,0.225
Constitutional Review Simulator,abstract-review-tribunal,low-legislative-conflict,crs__low-legislative-conflict,Constitutional Review Simulator: Low legislative conflict,1.0,crs__abstract-review-tribunal,Constitutional Review Simulator: Abstract review tribunal,0.672,0.914,0.776,0.476,0.866,0.754,0.152,0.004,0.217,0.389
Constitutional Review Simulator,ombudsman-triggered-review,low-legislative-conflict,crs__low-legislative-conflict,Constitutional Review Simulator: Low legislative conflict,1.0,crs__ombudsman-triggered-review,Constitutional Review Simulator: Ombudsman-triggered constitutional review,0.635,0.888,0.740,0.469,0.930,0.735,0.149,0.062,0.236,0.377
Constitutional Review Simulator,constitutional-public-defender,low-legislative-conflict,crs__low-legislative-conflict,Constitutional Review Simulator: Low legislative conflict,1.0,crs__constitutional-public-defender,Constitutional Review Simulator: Constitutional public defender access model,0.647,0.893,0.776,0.469,0.922,0.747,0.161,0.003,0.222,0.447
Constitutional Review Simulator,rights-impact-statement-review,low-legislative-conflict,crs__low-legislative-conflict,Constitutional Review Simulator: Low legislative conflict,1.0,crs__rights-impact-statement-review,Constitutional Review Simulator: Rights-impact statements before review,0.706,0.959,0.804,0.490,0.857,0.781,0.114,0.056,0.217,0.200
Constitutional Review Simulator,mandatory-legislative-response,low-legislative-conflict,crs__low-legislative-conflict,Constitutional Review Simulator: Low legislative conflict,1.0,crs__mandatory-legislative-response,Constitutional Review Simulator: Mandatory legislative response cycles,0.690,0.927,0.725,0.486,0.930,0.795,0.124,0.002,0.180,0.352
Constitutional Review Simulator,current-federal-court,high-legislative-conflict,crs__high-legislative-conflict,Constitutional Review Simulator: High legislative conflict,1.0,crs__current-federal-court,Constitutional Review Simulator: Current-style federal supreme court,0.501,0.779,0.675,0.392,0.755,0.524,0.211,0.371,0.365,0.288
Constitutional Review Simulator,eighteen-year-terms,high-legislative-conflict,crs__high-legislative-conflict,Constitutional Review Simulator: High legislative conflict,1.0,crs__eighteen-year-terms,Constitutional Review Simulator: Staggered 18-year nonrenewable terms,0.510,0.788,0.682,0.399,0.850,0.533,0.195,0.363,0.359,0.270
Constitutional Review Simulator,fifteen-justice-commission,high-legislative-conflict,crs__high-legislative-conflict,Constitutional Review Simulator: High legislative conflict,1.0,crs__fifteen-justice-commission,Constitutional Review Simulator: Fifteen-justice supermajority commission court,0.578,0.872,0.729,0.442,0.911,0.645,0.162,0.065,0.277,0.402
Constitutional Review Simulator,supermajority-invalidation,high-legislative-conflict,crs__high-legislative-conflict,Constitutional Review Simulator: High legislative conflict,1.0,crs__supermajority-invalidation,Constitutional Review Simulator: Supermajority required to invalidate laws,0.573,0.884,0.728,0.438,0.788,0.623,0.177,0.067,0.275,0.372
Constitutional Review Simulator,strict-recusal-court,high-legislative-conflict,crs__high-legislative-conflict,Constitutional Review Simulator: High legislative conflict,1.0,crs__strict-recusal-court,Constitutional Review Simulator: Strict recusal with substitute justices,0.584,0.872,0.729,0.443,0.924,0.663,0.163,0.065,0.276,0.394
Constitutional Review Simulator,reasoned-emergency-review,high-legislative-conflict,crs__high-legislative-conflict,Constitutional Review Simulator: High legislative conflict,1.0,crs__reasoned-emergency-review,Constitutional Review Simulator: Reasoned emergency orders with merits follow-up,0.592,0.876,0.730,0.444,0.838,0.678,0.179,0.003,0.269,0.492
Constitutional Review Simulator,panel-en-banc-review,high-legislative-conflict,crs__high-legislative-conflict,Constitutional Review Simulator: High legislative conflict,1.0,crs__panel-en-banc-review,Constitutional Review Simulator: Panel review with en banc safety valve,0.572,0.866,0.728,0.441,0.933,0.656,0.162,0.066,0.278,0.408
Constitutional Review Simulator,dual-cross-checking-courts,high-legislative-conflict,crs__high-legislative-conflict,Constitutional Review Simulator: High legislative conflict,1.0,crs__dual-cross-checking-courts,Constitutional Review Simulator: Dual supreme courts with cross-checking invalidations,0.585,0.902,0.740,0.450,0.901,0.687,0.147,0.004,0.273,0.370
Constitutional Review Simulator,constitutional-council,high-legislative-conflict,crs__high-legislative-conflict,Constitutional Review Simulator: High legislative conflict,1.0,crs__constitutional-council,Constitutional Review Simulator: Pre-enactment constitutional council,0.585,0.940,0.734,0.446,0.924,0.688,0.141,0.061,0.263,0.300
Constitutional Review Simulator,legislative-override-court,high-legislative-conflict,crs__high-legislative-conflict,Constitutional Review Simulator: High legislative conflict,1.0,crs__legislative-override-court,Constitutional Review Simulator: Judicial review with delayed legislative override,0.555,0.857,0.720,0.445,0.910,0.636,0.175,0.069,0.288,0.415
Constitutional Review Simulator,accountability-retention-court,high-legislative-conflict,crs__high-legislative-conflict,Constitutional Review Simulator: High legislative conflict,1.0,crs__accountability-retention-court,Constitutional Review Simulator: Retention-election accountability court,0.570,0.872,0.716,0.456,0.798,0.657,0.152,0.063,0.277,0.298
Constitutional Review Simulator,independence-accountability-hybrid,high-legislative-conflict,crs__high-legislative-conflict,Constitutional Review Simulator: High legislative conflict,1.0,crs__independence-accountability-hybrid,Constitutional Review Simulator: Hybrid court balancing independence and accountability,0.594,0.905,0.738,0.449,0.934,0.690,0.151,0.003,0.257,0.398
Constitutional Review Simulator,weak-form-review,high-legislative-conflict,crs__high-legislative-conflict,Constitutional Review Simulator: High legislative conflict,1.0,crs__weak-form-review,Constitutional Review Simulator: Weak-form review with legislative reply,0.637,0.956,0.705,0.470,0.948,0.676,0.127,0.063,0.227,0.000
Constitutional Review Simulator,suspended-declaration-review,high-legislative-conflict,crs__high-legislative-conflict,Constitutional Review Simulator: High legislative conflict,1.0,crs__suspended-declaration-review,Constitutional Review Simulator: Suspended declarations of invalidity,0.622,0.917,0.673,0.482,0.933,0.692,0.160,0.003,0.278,0.496
Constitutional Review Simulator,override-clause-review,high-legislative-conflict,crs__high-legislative-conflict,Constitutional Review Simulator: High legislative conflict,1.0,crs__override-clause-review,Constitutional Review Simulator: Strong-form review with explicit override clause,0.578,0.869,0.728,0.441,0.924,0.651,0.164,0.065,0.277,0.405
Constitutional Review Simulator,pre-enactment-review,high-legislative-conflict,crs__high-legislative-conflict,Constitutional Review Simulator: High legislative conflict,1.0,crs__pre-enactment-review,Constitutional Review Simulator: Pre-enactment review before laws take effect,0.598,0.944,0.752,0.447,0.913,0.688,0.135,0.060,0.261,0.290
Constitutional Review Simulator,abstract-review-tribunal,high-legislative-conflict,crs__high-legislative-conflict,Constitutional Review Simulator: High legislative conflict,1.0,crs__abstract-review-tribunal,Constitutional Review Simulator: Abstract review tribunal,0.597,0.895,0.753,0.448,0.886,0.682,0.164,0.004,0.263,0.447
Constitutional Review Simulator,ombudsman-triggered-review,high-legislative-conflict,crs__high-legislative-conflict,Constitutional Review Simulator: High legislative conflict,1.0,crs__ombudsman-triggered-review,Constitutional Review Simulator: Ombudsman-triggered constitutional review,0.573,0.867,0.725,0.440,0.936,0.666,0.165,0.066,0.281,0.433
Constitutional Review Simulator,constitutional-public-defender,high-legislative-conflict,crs__high-legislative-conflict,Constitutional Review Simulator: High legislative conflict,1.0,crs__constitutional-public-defender,Constitutional Review Simulator: Constitutional public defender access model,0.585,0.870,0.765,0.445,0.932,0.678,0.177,0.004,0.272,0.522
Constitutional Review Simulator,rights-impact-statement-review,high-legislative-conflict,crs__high-legislative-conflict,Constitutional Review Simulator: High legislative conflict,1.0,crs__rights-impact-statement-review,Constitutional Review Simulator: Rights-impact statements before review,0.633,0.946,0.801,0.448,0.833,0.708,0.129,0.057,0.257,0.263
Constitutional Review Simulator,mandatory-legislative-response,high-legislative-conflict,crs__high-legislative-conflict,Constitutional Review Simulator: High legislative conflict,1.0,crs__mandatory-legislative-response,Constitutional Review Simulator: Mandatory legislative response cycles,0.610,0.906,0.701,0.456,0.923,0.718,0.139,0.003,0.225,0.431
