stressProfile,stressLabel,caseKey,period,delivery,usefulPolicy,badPolicyInflow,reviewDocketPressure,correctedPressure,uncorrectedPressure,policyQuality,publicAlignmentState,capturePressure,correctionBacklog,courtCurbingPressure,legitimacyState,compliance,netPolicyBenefit
baseline,Baseline,balanced-winner,1,0.575,0.325,0.218,0.266,0.235,0.030,0.564,0.512,0.307,0.133,0.000,0.618,0.668,0.219
baseline,Baseline,balanced-winner,2,0.578,0.327,0.216,0.246,0.236,0.011,0.508,0.498,0.262,0.098,0.000,0.624,0.670,0.226
baseline,Baseline,balanced-winner,3,0.582,0.330,0.213,0.225,0.225,0.000,0.464,0.488,0.218,0.068,0.000,0.629,0.672,0.234
baseline,Baseline,balanced-winner,4,0.585,0.335,0.209,0.205,0.205,0.000,0.429,0.482,0.175,0.050,0.000,0.634,0.675,0.241
baseline,Baseline,balanced-winner,5,0.589,0.341,0.204,0.189,0.189,0.000,0.403,0.480,0.133,0.039,0.000,0.639,0.677,0.249
baseline,Baseline,balanced-winner,6,0.592,0.347,0.199,0.175,0.175,0.000,0.383,0.480,0.092,0.033,0.000,0.644,0.679,0.258
baseline,Baseline,balanced-winner,7,0.595,0.355,0.192,0.162,0.162,0.000,0.370,0.483,0.050,0.030,0.000,0.650,0.682,0.268
baseline,Baseline,balanced-winner,8,0.599,0.363,0.185,0.150,0.150,0.000,0.361,0.488,0.010,0.029,0.000,0.656,0.684,0.279
baseline,Baseline,balanced-winner,9,0.602,0.371,0.178,0.138,0.138,0.000,0.357,0.492,0.000,0.029,0.000,0.662,0.687,0.291
baseline,Baseline,balanced-winner,10,0.604,0.375,0.176,0.135,0.135,0.000,0.353,0.496,0.000,0.029,0.000,0.667,0.690,0.296
baseline,Baseline,balanced-winner,11,0.605,0.377,0.175,0.134,0.134,0.000,0.351,0.499,0.000,0.029,0.000,0.671,0.692,0.299
baseline,Baseline,balanced-winner,12,0.606,0.379,0.174,0.134,0.134,0.000,0.349,0.502,0.000,0.029,0.000,0.675,0.694,0.301
baseline,Baseline,balanced-winner,13,0.607,0.381,0.174,0.134,0.134,0.000,0.348,0.504,0.000,0.029,0.000,0.678,0.696,0.302
baseline,Baseline,balanced-winner,14,0.608,0.382,0.174,0.133,0.133,0.000,0.347,0.506,0.000,0.029,0.000,0.681,0.697,0.304
baseline,Baseline,balanced-winner,15,0.609,0.383,0.173,0.133,0.133,0.000,0.347,0.508,0.000,0.029,0.000,0.684,0.698,0.305
baseline,Baseline,balanced-winner,16,0.609,0.384,0.173,0.133,0.133,0.000,0.347,0.510,0.000,0.029,0.000,0.686,0.699,0.306
baseline,Baseline,balanced-winner,17,0.610,0.385,0.173,0.133,0.133,0.000,0.347,0.511,0.000,0.029,0.000,0.688,0.700,0.307
baseline,Baseline,balanced-winner,18,0.610,0.386,0.173,0.133,0.133,0.000,0.348,0.512,0.000,0.029,0.000,0.689,0.701,0.308
baseline,Baseline,balanced-winner,19,0.611,0.386,0.172,0.132,0.132,0.000,0.348,0.513,0.000,0.029,0.000,0.691,0.702,0.309
baseline,Baseline,balanced-winner,20,0.611,0.387,0.172,0.132,0.132,0.000,0.348,0.514,0.000,0.029,0.000,0.692,0.703,0.310
baseline,Baseline,balanced-winner,21,0.611,0.388,0.172,0.132,0.132,0.000,0.349,0.514,0.000,0.029,0.000,0.694,0.703,0.310
baseline,Baseline,balanced-winner,22,0.612,0.388,0.172,0.132,0.132,0.000,0.349,0.515,0.000,0.029,0.000,0.695,0.704,0.311
baseline,Baseline,balanced-winner,23,0.612,0.388,0.172,0.132,0.132,0.000,0.350,0.515,0.000,0.028,0.000,0.696,0.704,0.311
baseline,Baseline,balanced-winner,24,0.612,0.389,0.172,0.132,0.132,0.000,0.350,0.516,0.000,0.028,0.000,0.697,0.705,0.311
baseline,Baseline,robustness-winner,1,0.489,0.273,0.183,0.235,0.235,0.000,0.565,0.503,0.288,0.104,0.000,0.626,0.704,0.190
baseline,Baseline,robustness-winner,2,0.494,0.277,0.180,0.205,0.205,0.000,0.503,0.490,0.234,0.070,0.000,0.634,0.708,0.196
baseline,Baseline,robustness-winner,3,0.498,0.283,0.176,0.182,0.182,0.000,0.453,0.482,0.180,0.049,0.000,0.641,0.712,0.203
baseline,Baseline,robustness-winner,4,0.502,0.289,0.171,0.164,0.164,0.000,0.414,0.479,0.127,0.037,0.000,0.648,0.715,0.212
baseline,Baseline,robustness-winner,5,0.506,0.296,0.165,0.147,0.147,0.000,0.385,0.479,0.075,0.030,0.000,0.655,0.718,0.222
baseline,Baseline,robustness-winner,6,0.510,0.304,0.158,0.132,0.132,0.000,0.365,0.482,0.023,0.027,0.000,0.662,0.721,0.233
baseline,Baseline,robustness-winner,7,0.514,0.313,0.151,0.118,0.118,0.000,0.350,0.486,0.000,0.026,0.000,0.669,0.725,0.245
baseline,Baseline,robustness-winner,8,0.517,0.318,0.147,0.112,0.112,0.000,0.338,0.489,0.000,0.026,0.000,0.675,0.728,0.252
baseline,Baseline,robustness-winner,9,0.518,0.320,0.147,0.112,0.112,0.000,0.329,0.492,0.000,0.026,0.000,0.679,0.730,0.254
baseline,Baseline,robustness-winner,10,0.519,0.322,0.147,0.111,0.111,0.000,0.322,0.494,0.000,0.025,0.000,0.683,0.732,0.256
baseline,Baseline,robustness-winner,11,0.520,0.323,0.146,0.111,0.111,0.000,0.316,0.496,0.000,0.025,0.000,0.686,0.734,0.257
baseline,Baseline,robustness-winner,12,0.520,0.324,0.146,0.111,0.111,0.000,0.312,0.498,0.000,0.025,0.000,0.689,0.735,0.258
baseline,Baseline,robustness-winner,13,0.521,0.325,0.146,0.111,0.111,0.000,0.309,0.499,0.000,0.025,0.000,0.691,0.737,0.259
baseline,Baseline,robustness-winner,14,0.521,0.325,0.146,0.111,0.111,0.000,0.306,0.501,0.000,0.025,0.000,0.693,0.738,0.260
baseline,Baseline,robustness-winner,15,0.522,0.326,0.145,0.110,0.110,0.000,0.304,0.502,0.000,0.025,0.000,0.694,0.738,0.261
baseline,Baseline,robustness-winner,16,0.522,0.327,0.145,0.110,0.110,0.000,0.302,0.503,0.000,0.025,0.000,0.695,0.739,0.261
baseline,Baseline,robustness-winner,17,0.522,0.327,0.145,0.110,0.110,0.000,0.301,0.504,0.000,0.025,0.000,0.696,0.740,0.262
baseline,Baseline,robustness-winner,18,0.523,0.327,0.145,0.110,0.110,0.000,0.300,0.504,0.000,0.025,0.000,0.697,0.740,0.262
baseline,Baseline,robustness-winner,19,0.523,0.328,0.145,0.110,0.110,0.000,0.299,0.505,0.000,0.025,0.000,0.698,0.740,0.262
baseline,Baseline,robustness-winner,20,0.523,0.328,0.145,0.110,0.110,0.000,0.299,0.505,0.000,0.025,0.000,0.699,0.741,0.263
baseline,Baseline,robustness-winner,21,0.523,0.328,0.145,0.110,0.110,0.000,0.298,0.506,0.000,0.025,0.000,0.699,0.741,0.263
baseline,Baseline,robustness-winner,22,0.523,0.328,0.145,0.110,0.110,0.000,0.298,0.506,0.000,0.025,0.000,0.700,0.741,0.263
baseline,Baseline,robustness-winner,23,0.523,0.329,0.145,0.110,0.110,0.000,0.298,0.506,0.000,0.025,0.000,0.700,0.741,0.263
baseline,Baseline,robustness-winner,24,0.523,0.329,0.145,0.110,0.110,0.000,0.298,0.507,0.000,0.025,0.000,0.700,0.742,0.264
baseline,Baseline,minimax-regret-winner,1,0.568,0.309,0.236,0.301,0.219,0.082,0.525,0.486,0.304,0.196,0.000,0.590,0.661,0.182
baseline,Baseline,minimax-regret-winner,2,0.571,0.310,0.235,0.290,0.219,0.071,0.470,0.470,0.257,0.183,0.000,0.592,0.663,0.187
baseline,Baseline,minimax-regret-winner,3,0.574,0.313,0.232,0.276,0.220,0.057,0.428,0.460,0.212,0.166,0.000,0.595,0.664,0.195
baseline,Baseline,minimax-regret-winner,4,0.577,0.318,0.228,0.260,0.220,0.041,0.396,0.456,0.166,0.143,0.000,0.599,0.665,0.205
baseline,Baseline,minimax-regret-winner,5,0.580,0.324,0.222,0.241,0.220,0.021,0.374,0.456,0.121,0.115,0.000,0.605,0.667,0.219
baseline,Baseline,minimax-regret-winner,6,0.584,0.332,0.216,0.220,0.220,0.000,0.359,0.460,0.076,0.082,0.000,0.612,0.669,0.235
baseline,Baseline,minimax-regret-winner,7,0.588,0.341,0.208,0.196,0.196,0.000,0.350,0.466,0.031,0.062,0.000,0.620,0.673,0.247
baseline,Baseline,minimax-regret-winner,8,0.592,0.351,0.200,0.176,0.176,0.000,0.344,0.472,0.000,0.049,0.000,0.627,0.676,0.261
baseline,Baseline,minimax-regret-winner,9,0.595,0.358,0.194,0.163,0.163,0.000,0.340,0.478,0.000,0.042,0.000,0.634,0.680,0.271
baseline,Baseline,minimax-regret-winner,10,0.597,0.361,0.193,0.159,0.159,0.000,0.337,0.482,0.000,0.037,0.000,0.640,0.683,0.274
baseline,Baseline,minimax-regret-winner,11,0.598,0.364,0.193,0.157,0.157,0.000,0.335,0.486,0.000,0.034,0.000,0.645,0.685,0.277
baseline,Baseline,minimax-regret-winner,12,0.599,0.366,0.192,0.156,0.156,0.000,0.334,0.489,0.000,0.031,0.000,0.649,0.688,0.279
baseline,Baseline,minimax-regret-winner,13,0.600,0.367,0.191,0.154,0.154,0.000,0.333,0.492,0.000,0.030,0.000,0.653,0.690,0.281
baseline,Baseline,minimax-regret-winner,14,0.601,0.369,0.191,0.154,0.154,0.000,0.333,0.494,0.000,0.029,0.000,0.657,0.691,0.283
baseline,Baseline,minimax-regret-winner,15,0.602,0.370,0.191,0.153,0.153,0.000,0.333,0.496,0.000,0.028,0.000,0.660,0.693,0.285
baseline,Baseline,minimax-regret-winner,16,0.603,0.372,0.190,0.153,0.153,0.000,0.333,0.498,0.000,0.028,0.000,0.662,0.694,0.286
baseline,Baseline,minimax-regret-winner,17,0.603,0.373,0.190,0.152,0.152,0.000,0.333,0.499,0.000,0.028,0.000,0.665,0.695,0.287
baseline,Baseline,minimax-regret-winner,18,0.604,0.373,0.190,0.152,0.152,0.000,0.334,0.501,0.000,0.028,0.000,0.667,0.696,0.288
baseline,Baseline,minimax-regret-winner,19,0.605,0.374,0.190,0.152,0.152,0.000,0.334,0.502,0.000,0.027,0.000,0.669,0.697,0.289
baseline,Baseline,minimax-regret-winner,20,0.605,0.375,0.190,0.152,0.152,0.000,0.335,0.503,0.000,0.027,0.000,0.670,0.698,0.289
baseline,Baseline,minimax-regret-winner,21,0.605,0.375,0.190,0.152,0.152,0.000,0.335,0.503,0.000,0.027,0.000,0.672,0.699,0.290
baseline,Baseline,minimax-regret-winner,22,0.606,0.376,0.190,0.152,0.152,0.000,0.336,0.504,0.000,0.027,0.000,0.673,0.700,0.291
baseline,Baseline,minimax-regret-winner,23,0.606,0.376,0.190,0.152,0.152,0.000,0.336,0.505,0.000,0.027,0.000,0.674,0.700,0.291
baseline,Baseline,minimax-regret-winner,24,0.606,0.377,0.189,0.151,0.151,0.000,0.337,0.505,0.000,0.027,0.000,0.675,0.701,0.292
baseline,Baseline,rights-capture-winner,1,0.502,0.280,0.187,0.237,0.237,0.000,0.567,0.504,0.295,0.102,0.000,0.635,0.706,0.196
baseline,Baseline,rights-capture-winner,2,0.506,0.284,0.184,0.208,0.208,0.000,0.505,0.491,0.242,0.069,0.000,0.642,0.710,0.202
baseline,Baseline,rights-capture-winner,3,0.510,0.290,0.181,0.186,0.186,0.000,0.455,0.482,0.191,0.048,0.000,0.648,0.713,0.208
baseline,Baseline,rights-capture-winner,4,0.514,0.295,0.176,0.168,0.168,0.000,0.417,0.478,0.140,0.036,0.000,0.654,0.716,0.216
baseline,Baseline,rights-capture-winner,5,0.518,0.302,0.170,0.152,0.152,0.000,0.388,0.477,0.090,0.030,0.000,0.661,0.719,0.226
baseline,Baseline,rights-capture-winner,6,0.522,0.310,0.164,0.138,0.138,0.000,0.367,0.479,0.040,0.027,0.000,0.668,0.722,0.236
baseline,Baseline,rights-capture-winner,7,0.526,0.318,0.157,0.124,0.124,0.000,0.352,0.484,0.000,0.026,0.000,0.674,0.725,0.248
baseline,Baseline,rights-capture-winner,8,0.529,0.326,0.150,0.114,0.114,0.000,0.342,0.487,0.000,0.026,0.000,0.680,0.728,0.258
baseline,Baseline,rights-capture-winner,9,0.531,0.328,0.150,0.113,0.113,0.000,0.333,0.490,0.000,0.026,0.000,0.685,0.730,0.260
baseline,Baseline,rights-capture-winner,10,0.532,0.329,0.149,0.113,0.113,0.000,0.327,0.493,0.000,0.026,0.000,0.689,0.732,0.262
baseline,Baseline,rights-capture-winner,11,0.532,0.331,0.149,0.113,0.113,0.000,0.322,0.495,0.000,0.026,0.000,0.692,0.734,0.264
baseline,Baseline,rights-capture-winner,12,0.533,0.332,0.149,0.113,0.113,0.000,0.318,0.497,0.000,0.026,0.000,0.695,0.736,0.265
baseline,Baseline,rights-capture-winner,13,0.534,0.333,0.149,0.112,0.112,0.000,0.314,0.499,0.000,0.026,0.000,0.697,0.737,0.266
baseline,Baseline,rights-capture-winner,14,0.534,0.334,0.148,0.112,0.112,0.000,0.312,0.500,0.000,0.026,0.000,0.699,0.738,0.267
baseline,Baseline,rights-capture-winner,15,0.534,0.334,0.148,0.112,0.112,0.000,0.310,0.501,0.000,0.026,0.000,0.700,0.739,0.268
baseline,Baseline,rights-capture-winner,16,0.535,0.335,0.148,0.112,0.112,0.000,0.309,0.502,0.000,0.026,0.000,0.702,0.739,0.268
baseline,Baseline,rights-capture-winner,17,0.535,0.335,0.148,0.112,0.112,0.000,0.308,0.503,0.000,0.026,0.000,0.703,0.740,0.269
baseline,Baseline,rights-capture-winner,18,0.535,0.336,0.148,0.112,0.112,0.000,0.307,0.504,0.000,0.026,0.000,0.704,0.740,0.269
baseline,Baseline,rights-capture-winner,19,0.535,0.336,0.148,0.112,0.112,0.000,0.306,0.505,0.000,0.026,0.000,0.705,0.741,0.270
baseline,Baseline,rights-capture-winner,20,0.536,0.337,0.147,0.112,0.112,0.000,0.306,0.505,0.000,0.026,0.000,0.705,0.741,0.270
baseline,Baseline,rights-capture-winner,21,0.536,0.337,0.147,0.112,0.112,0.000,0.306,0.506,0.000,0.026,0.000,0.706,0.742,0.270
baseline,Baseline,rights-capture-winner,22,0.536,0.337,0.147,0.111,0.111,0.000,0.306,0.506,0.000,0.026,0.000,0.707,0.742,0.271
baseline,Baseline,rights-capture-winner,23,0.536,0.337,0.147,0.111,0.111,0.000,0.305,0.506,0.000,0.026,0.000,0.707,0.742,0.271
baseline,Baseline,rights-capture-winner,24,0.536,0.337,0.147,0.111,0.111,0.000,0.305,0.507,0.000,0.026,0.000,0.708,0.742,0.271
baseline,Baseline,legitimacy-winner,1,0.502,0.280,0.187,0.237,0.237,0.000,0.567,0.504,0.295,0.102,0.000,0.635,0.706,0.196
baseline,Baseline,legitimacy-winner,2,0.506,0.284,0.184,0.208,0.208,0.000,0.505,0.491,0.242,0.069,0.000,0.642,0.710,0.202
baseline,Baseline,legitimacy-winner,3,0.510,0.290,0.181,0.186,0.186,0.000,0.455,0.482,0.191,0.048,0.000,0.648,0.713,0.208
baseline,Baseline,legitimacy-winner,4,0.514,0.295,0.176,0.168,0.168,0.000,0.417,0.478,0.140,0.036,0.000,0.654,0.716,0.216
baseline,Baseline,legitimacy-winner,5,0.518,0.302,0.170,0.152,0.152,0.000,0.388,0.477,0.090,0.030,0.000,0.661,0.719,0.226
baseline,Baseline,legitimacy-winner,6,0.522,0.310,0.164,0.138,0.138,0.000,0.367,0.479,0.040,0.027,0.000,0.668,0.722,0.236
baseline,Baseline,legitimacy-winner,7,0.526,0.318,0.157,0.124,0.124,0.000,0.352,0.484,0.000,0.026,0.000,0.674,0.725,0.248
baseline,Baseline,legitimacy-winner,8,0.529,0.326,0.150,0.114,0.114,0.000,0.342,0.487,0.000,0.026,0.000,0.680,0.728,0.258
baseline,Baseline,legitimacy-winner,9,0.531,0.328,0.150,0.113,0.113,0.000,0.333,0.490,0.000,0.026,0.000,0.685,0.730,0.260
baseline,Baseline,legitimacy-winner,10,0.532,0.329,0.149,0.113,0.113,0.000,0.327,0.493,0.000,0.026,0.000,0.689,0.732,0.262
baseline,Baseline,legitimacy-winner,11,0.532,0.331,0.149,0.113,0.113,0.000,0.322,0.495,0.000,0.026,0.000,0.692,0.734,0.264
baseline,Baseline,legitimacy-winner,12,0.533,0.332,0.149,0.113,0.113,0.000,0.318,0.497,0.000,0.026,0.000,0.695,0.736,0.265
baseline,Baseline,legitimacy-winner,13,0.534,0.333,0.149,0.112,0.112,0.000,0.314,0.499,0.000,0.026,0.000,0.697,0.737,0.266
baseline,Baseline,legitimacy-winner,14,0.534,0.334,0.148,0.112,0.112,0.000,0.312,0.500,0.000,0.026,0.000,0.699,0.738,0.267
baseline,Baseline,legitimacy-winner,15,0.534,0.334,0.148,0.112,0.112,0.000,0.310,0.501,0.000,0.026,0.000,0.700,0.739,0.268
baseline,Baseline,legitimacy-winner,16,0.535,0.335,0.148,0.112,0.112,0.000,0.309,0.502,0.000,0.026,0.000,0.702,0.739,0.268
baseline,Baseline,legitimacy-winner,17,0.535,0.335,0.148,0.112,0.112,0.000,0.308,0.503,0.000,0.026,0.000,0.703,0.740,0.269
baseline,Baseline,legitimacy-winner,18,0.535,0.336,0.148,0.112,0.112,0.000,0.307,0.504,0.000,0.026,0.000,0.704,0.740,0.269
baseline,Baseline,legitimacy-winner,19,0.535,0.336,0.148,0.112,0.112,0.000,0.306,0.505,0.000,0.026,0.000,0.705,0.741,0.270
baseline,Baseline,legitimacy-winner,20,0.536,0.337,0.147,0.112,0.112,0.000,0.306,0.505,0.000,0.026,0.000,0.705,0.741,0.270
baseline,Baseline,legitimacy-winner,21,0.536,0.337,0.147,0.112,0.112,0.000,0.306,0.506,0.000,0.026,0.000,0.706,0.742,0.270
baseline,Baseline,legitimacy-winner,22,0.536,0.337,0.147,0.111,0.111,0.000,0.306,0.506,0.000,0.026,0.000,0.707,0.742,0.271
baseline,Baseline,legitimacy-winner,23,0.536,0.337,0.147,0.111,0.111,0.000,0.305,0.506,0.000,0.026,0.000,0.707,0.742,0.271
baseline,Baseline,legitimacy-winner,24,0.536,0.337,0.147,0.111,0.111,0.000,0.305,0.507,0.000,0.026,0.000,0.708,0.742,0.271
baseline,Baseline,efficiency-caution,1,0.603,0.320,0.263,0.332,0.223,0.108,0.505,0.474,0.352,0.220,0.000,0.567,0.670,0.174
baseline,Baseline,efficiency-caution,2,0.605,0.318,0.264,0.330,0.223,0.107,0.450,0.453,0.316,0.226,0.000,0.567,0.670,0.172
baseline,Baseline,efficiency-caution,3,0.607,0.317,0.264,0.326,0.223,0.103,0.406,0.437,0.282,0.227,0.000,0.566,0.670,0.173
baseline,Baseline,efficiency-caution,4,0.608,0.318,0.262,0.320,0.223,0.097,0.372,0.426,0.248,0.225,0.000,0.566,0.669,0.175
baseline,Baseline,efficiency-caution,5,0.610,0.320,0.259,0.312,0.223,0.089,0.346,0.419,0.214,0.218,0.000,0.566,0.669,0.180
baseline,Baseline,efficiency-caution,6,0.611,0.323,0.256,0.302,0.223,0.079,0.327,0.416,0.181,0.207,0.000,0.568,0.669,0.188
baseline,Baseline,efficiency-caution,7,0.613,0.327,0.251,0.290,0.223,0.067,0.314,0.416,0.149,0.192,0.000,0.570,0.670,0.197
baseline,Baseline,efficiency-caution,8,0.616,0.332,0.246,0.276,0.223,0.053,0.306,0.418,0.116,0.171,0.000,0.574,0.671,0.208
baseline,Baseline,efficiency-caution,9,0.618,0.339,0.241,0.260,0.224,0.036,0.302,0.424,0.083,0.147,0.000,0.580,0.673,0.222
baseline,Baseline,efficiency-caution,10,0.622,0.347,0.234,0.241,0.224,0.017,0.303,0.432,0.049,0.117,0.000,0.587,0.675,0.237
baseline,Baseline,efficiency-caution,11,0.625,0.355,0.227,0.220,0.220,0.000,0.306,0.441,0.016,0.086,0.000,0.596,0.679,0.253
baseline,Baseline,efficiency-caution,12,0.629,0.365,0.220,0.199,0.199,0.000,0.311,0.450,0.000,0.066,0.000,0.604,0.683,0.266
baseline,Baseline,efficiency-caution,13,0.632,0.372,0.215,0.186,0.186,0.000,0.315,0.457,0.000,0.053,0.000,0.612,0.686,0.275
baseline,Baseline,efficiency-caution,14,0.634,0.376,0.214,0.181,0.181,0.000,0.319,0.463,0.000,0.045,0.000,0.619,0.690,0.279
baseline,Baseline,efficiency-caution,15,0.636,0.379,0.213,0.177,0.177,0.000,0.323,0.468,0.000,0.040,0.000,0.625,0.693,0.283
baseline,Baseline,efficiency-caution,16,0.637,0.382,0.212,0.175,0.175,0.000,0.326,0.473,0.000,0.036,0.000,0.631,0.696,0.286
baseline,Baseline,efficiency-caution,17,0.639,0.384,0.212,0.173,0.173,0.000,0.329,0.476,0.000,0.034,0.000,0.636,0.698,0.289
baseline,Baseline,efficiency-caution,18,0.640,0.386,0.211,0.172,0.172,0.000,0.332,0.479,0.000,0.032,0.000,0.641,0.701,0.291
baseline,Baseline,efficiency-caution,19,0.641,0.388,0.211,0.171,0.171,0.000,0.335,0.482,0.000,0.031,0.000,0.645,0.703,0.293
baseline,Baseline,efficiency-caution,20,0.642,0.390,0.210,0.170,0.170,0.000,0.337,0.484,0.000,0.030,0.000,0.649,0.705,0.295
baseline,Baseline,efficiency-caution,21,0.643,0.391,0.210,0.170,0.170,0.000,0.340,0.486,0.000,0.030,0.000,0.652,0.706,0.297
baseline,Baseline,efficiency-caution,22,0.644,0.393,0.210,0.169,0.169,0.000,0.342,0.488,0.000,0.030,0.000,0.655,0.708,0.298
baseline,Baseline,efficiency-caution,23,0.645,0.394,0.210,0.169,0.169,0.000,0.344,0.489,0.000,0.029,0.000,0.658,0.709,0.299
baseline,Baseline,efficiency-caution,24,0.646,0.395,0.210,0.169,0.169,0.000,0.345,0.490,0.000,0.029,0.000,0.661,0.711,0.301
baseline,Baseline,current-system-baseline,1,0.302,0.140,0.145,0.254,0.254,0.000,0.446,0.426,0.564,0.108,0.000,0.506,0.682,0.075
baseline,Baseline,current-system-baseline,2,0.303,0.135,0.149,0.229,0.229,0.000,0.371,0.389,0.550,0.062,0.000,0.503,0.682,0.068
baseline,Baseline,current-system-baseline,3,0.303,0.131,0.152,0.213,0.213,0.000,0.308,0.357,0.538,0.032,0.000,0.498,0.680,0.063
baseline,Baseline,current-system-baseline,4,0.303,0.127,0.155,0.203,0.203,0.000,0.255,0.331,0.528,0.014,0.000,0.492,0.678,0.057
baseline,Baseline,current-system-baseline,5,0.303,0.124,0.158,0.197,0.197,0.000,0.211,0.308,0.520,0.002,0.000,0.485,0.675,0.053
baseline,Baseline,current-system-baseline,6,0.302,0.121,0.159,0.193,0.193,0.000,0.174,0.289,0.513,0.000,0.000,0.477,0.672,0.049
baseline,Baseline,current-system-baseline,7,0.301,0.118,0.161,0.192,0.192,0.000,0.143,0.273,0.507,0.000,0.000,0.470,0.669,0.046
baseline,Baseline,current-system-baseline,8,0.301,0.116,0.162,0.192,0.192,0.000,0.117,0.260,0.501,0.000,0.000,0.463,0.666,0.043
baseline,Baseline,current-system-baseline,9,0.300,0.114,0.163,0.192,0.192,0.000,0.096,0.249,0.497,0.000,0.000,0.456,0.662,0.041
baseline,Baseline,current-system-baseline,10,0.299,0.112,0.163,0.191,0.191,0.000,0.078,0.239,0.493,0.000,0.000,0.449,0.659,0.039
baseline,Baseline,current-system-baseline,11,0.298,0.111,0.164,0.191,0.191,0.000,0.063,0.232,0.490,0.000,0.000,0.442,0.656,0.037
baseline,Baseline,current-system-baseline,12,0.298,0.109,0.164,0.191,0.191,0.000,0.051,0.225,0.487,0.000,0.000,0.436,0.653,0.036
baseline,Baseline,current-system-baseline,13,0.297,0.108,0.164,0.191,0.191,0.000,0.041,0.220,0.485,0.000,0.000,0.430,0.650,0.034
baseline,Baseline,current-system-baseline,14,0.296,0.107,0.164,0.190,0.190,0.000,0.032,0.215,0.483,0.000,0.000,0.425,0.648,0.033
baseline,Baseline,current-system-baseline,15,0.296,0.106,0.164,0.190,0.190,0.000,0.025,0.211,0.482,0.000,0.000,0.420,0.645,0.032
baseline,Baseline,current-system-baseline,16,0.295,0.106,0.164,0.190,0.190,0.000,0.019,0.208,0.481,0.000,0.000,0.415,0.643,0.032
baseline,Baseline,current-system-baseline,17,0.294,0.105,0.164,0.190,0.190,0.000,0.014,0.205,0.480,0.000,0.000,0.411,0.641,0.031
baseline,Baseline,current-system-baseline,18,0.294,0.104,0.164,0.189,0.189,0.000,0.010,0.203,0.479,0.000,0.000,0.407,0.639,0.030
baseline,Baseline,current-system-baseline,19,0.293,0.104,0.164,0.189,0.189,0.000,0.006,0.201,0.479,0.000,0.000,0.404,0.637,0.030
baseline,Baseline,current-system-baseline,20,0.293,0.103,0.164,0.189,0.189,0.000,0.003,0.199,0.479,0.000,0.000,0.401,0.636,0.029
baseline,Baseline,current-system-baseline,21,0.292,0.103,0.164,0.189,0.189,0.000,0.001,0.198,0.478,0.000,0.000,0.398,0.634,0.029
baseline,Baseline,current-system-baseline,22,0.292,0.102,0.164,0.189,0.189,0.000,0.000,0.197,0.479,0.000,0.000,0.395,0.633,0.029
baseline,Baseline,current-system-baseline,23,0.292,0.102,0.164,0.189,0.189,0.000,0.000,0.195,0.479,0.000,0.000,0.393,0.632,0.028
baseline,Baseline,current-system-baseline,24,0.291,0.102,0.164,0.189,0.189,0.000,0.000,0.195,0.479,0.000,0.000,0.391,0.631,0.028
high-capture-pressure,High Capture Pressure,balanced-winner,1,0.567,0.302,0.242,0.307,0.235,0.072,0.544,0.487,0.515,0.161,0.000,0.603,0.668,0.175
high-capture-pressure,High Capture Pressure,balanced-winner,2,0.564,0.288,0.252,0.313,0.235,0.078,0.466,0.446,0.521,0.162,0.000,0.591,0.663,0.155
high-capture-pressure,High Capture Pressure,balanced-winner,3,0.561,0.274,0.262,0.321,0.234,0.087,0.397,0.409,0.529,0.170,0.000,0.576,0.658,0.135
high-capture-pressure,High Capture Pressure,balanced-winner,4,0.557,0.262,0.270,0.330,0.233,0.098,0.338,0.377,0.539,0.183,0.000,0.560,0.651,0.116
high-capture-pressure,High Capture Pressure,balanced-winner,5,0.553,0.249,0.277,0.342,0.232,0.110,0.285,0.347,0.552,0.202,0.000,0.542,0.644,0.097
high-capture-pressure,High Capture Pressure,balanced-winner,6,0.548,0.237,0.283,0.355,0.231,0.124,0.238,0.319,0.567,0.224,0.000,0.523,0.636,0.079
high-capture-pressure,High Capture Pressure,balanced-winner,7,0.542,0.226,0.289,0.369,0.229,0.140,0.196,0.293,0.585,0.250,0.000,0.503,0.627,0.060
high-capture-pressure,High Capture Pressure,balanced-winner,8,0.537,0.214,0.295,0.385,0.228,0.157,0.158,0.269,0.604,0.280,0.000,0.482,0.618,0.042
high-capture-pressure,High Capture Pressure,balanced-winner,9,0.531,0.203,0.300,0.402,0.227,0.175,0.123,0.245,0.625,0.312,0.000,0.460,0.609,0.024
high-capture-pressure,High Capture Pressure,balanced-winner,10,0.524,0.191,0.305,0.420,0.225,0.195,0.090,0.221,0.648,0.348,0.000,0.437,0.599,0.005
high-capture-pressure,High Capture Pressure,balanced-winner,11,0.518,0.180,0.310,0.439,0.224,0.215,0.060,0.198,0.672,0.386,0.000,0.414,0.589,-0.013
high-capture-pressure,High Capture Pressure,balanced-winner,12,0.511,0.168,0.315,0.460,0.222,0.237,0.031,0.175,0.699,0.427,0.000,0.390,0.578,-0.032
high-capture-pressure,High Capture Pressure,balanced-winner,13,0.504,0.157,0.319,0.481,0.221,0.260,0.003,0.152,0.728,0.470,0.000,0.365,0.567,-0.052
high-capture-pressure,High Capture Pressure,balanced-winner,14,0.496,0.145,0.324,0.504,0.219,0.285,0.000,0.128,0.758,0.516,0.000,0.340,0.556,-0.071
high-capture-pressure,High Capture Pressure,balanced-winner,15,0.489,0.134,0.328,0.527,0.217,0.310,0.000,0.104,0.790,0.564,0.000,0.315,0.545,-0.091
high-capture-pressure,High Capture Pressure,balanced-winner,16,0.481,0.122,0.333,0.552,0.216,0.336,0.000,0.079,0.825,0.615,0.000,0.290,0.534,-0.112
high-capture-pressure,High Capture Pressure,balanced-winner,17,0.474,0.110,0.337,0.578,0.214,0.364,0.000,0.053,0.861,0.667,0.000,0.265,0.522,-0.132
high-capture-pressure,High Capture Pressure,balanced-winner,18,0.466,0.099,0.342,0.606,0.213,0.393,0.000,0.026,0.900,0.723,0.000,0.240,0.511,-0.153
high-capture-pressure,High Capture Pressure,balanced-winner,19,0.458,0.087,0.346,0.634,0.211,0.423,0.000,0.000,0.940,0.780,0.000,0.214,0.500,-0.175
high-capture-pressure,High Capture Pressure,balanced-winner,20,0.450,0.075,0.350,0.663,0.209,0.454,0.000,0.000,0.983,0.839,0.000,0.188,0.488,-0.196
high-capture-pressure,High Capture Pressure,balanced-winner,21,0.441,0.069,0.350,0.690,0.208,0.482,0.000,0.000,1.000,0.898,0.001,0.162,0.476,-0.209
high-capture-pressure,High Capture Pressure,balanced-winner,22,0.434,0.065,0.346,0.710,0.206,0.504,0.000,0.000,1.000,0.952,0.004,0.138,0.464,-0.217
high-capture-pressure,High Capture Pressure,balanced-winner,23,0.428,0.063,0.342,0.726,0.204,0.522,0.000,0.000,1.000,1.000,0.009,0.116,0.453,-0.221
high-capture-pressure,High Capture Pressure,balanced-winner,24,0.423,0.061,0.337,0.740,0.203,0.537,0.000,0.000,1.000,1.000,0.016,0.095,0.442,-0.225
high-capture-pressure,High Capture Pressure,robustness-winner,1,0.481,0.253,0.203,0.273,0.264,0.009,0.549,0.480,0.493,0.107,0.000,0.613,0.704,0.159
high-capture-pressure,High Capture Pressure,robustness-winner,2,0.481,0.245,0.209,0.258,0.258,0.000,0.470,0.446,0.483,0.067,0.000,0.607,0.703,0.151
high-capture-pressure,High Capture Pressure,robustness-winner,3,0.480,0.238,0.214,0.246,0.246,0.000,0.402,0.418,0.476,0.042,0.000,0.600,0.700,0.141
high-capture-pressure,High Capture Pressure,robustness-winner,4,0.479,0.231,0.219,0.239,0.239,0.000,0.345,0.393,0.471,0.026,0.000,0.591,0.697,0.133
high-capture-pressure,High Capture Pressure,robustness-winner,5,0.477,0.225,0.222,0.235,0.235,0.000,0.297,0.372,0.468,0.016,0.000,0.582,0.693,0.125
high-capture-pressure,High Capture Pressure,robustness-winner,6,0.476,0.220,0.225,0.233,0.233,0.000,0.256,0.354,0.466,0.010,0.000,0.572,0.689,0.119
high-capture-pressure,High Capture Pressure,robustness-winner,7,0.474,0.215,0.228,0.232,0.232,0.000,0.221,0.339,0.465,0.006,0.000,0.562,0.684,0.113
high-capture-pressure,High Capture Pressure,robustness-winner,8,0.472,0.210,0.230,0.232,0.232,0.000,0.192,0.325,0.466,0.004,0.000,0.552,0.680,0.107
high-capture-pressure,High Capture Pressure,robustness-winner,9,0.470,0.206,0.231,0.233,0.233,0.000,0.166,0.314,0.468,0.003,0.000,0.542,0.675,0.102
high-capture-pressure,High Capture Pressure,robustness-winner,10,0.468,0.202,0.233,0.234,0.234,0.000,0.145,0.303,0.470,0.002,0.000,0.532,0.671,0.097
high-capture-pressure,High Capture Pressure,robustness-winner,11,0.465,0.198,0.234,0.235,0.235,0.000,0.126,0.294,0.474,0.001,0.000,0.523,0.666,0.093
high-capture-pressure,High Capture Pressure,robustness-winner,12,0.463,0.195,0.235,0.236,0.236,0.000,0.110,0.286,0.478,0.001,0.000,0.513,0.662,0.089
high-capture-pressure,High Capture Pressure,robustness-winner,13,0.461,0.191,0.236,0.237,0.237,0.000,0.096,0.279,0.483,0.000,0.000,0.504,0.658,0.085
high-capture-pressure,High Capture Pressure,robustness-winner,14,0.459,0.188,0.237,0.238,0.238,0.000,0.083,0.272,0.489,0.000,0.000,0.496,0.654,0.081
high-capture-pressure,High Capture Pressure,robustness-winner,15,0.457,0.185,0.238,0.240,0.240,0.000,0.072,0.266,0.495,0.000,0.000,0.487,0.650,0.078
high-capture-pressure,High Capture Pressure,robustness-winner,16,0.455,0.182,0.239,0.241,0.241,0.000,0.062,0.260,0.502,0.000,0.000,0.479,0.646,0.074
high-capture-pressure,High Capture Pressure,robustness-winner,17,0.453,0.179,0.240,0.243,0.243,0.000,0.053,0.254,0.509,0.000,0.000,0.471,0.642,0.071
high-capture-pressure,High Capture Pressure,robustness-winner,18,0.451,0.176,0.241,0.245,0.245,0.000,0.045,0.249,0.517,0.000,0.000,0.464,0.639,0.067
high-capture-pressure,High Capture Pressure,robustness-winner,19,0.449,0.173,0.242,0.247,0.247,0.000,0.037,0.243,0.525,0.000,0.000,0.456,0.635,0.064
high-capture-pressure,High Capture Pressure,robustness-winner,20,0.447,0.170,0.243,0.249,0.249,0.000,0.030,0.238,0.534,0.000,0.000,0.449,0.632,0.060
high-capture-pressure,High Capture Pressure,robustness-winner,21,0.445,0.167,0.245,0.251,0.251,0.000,0.023,0.232,0.543,0.000,0.000,0.442,0.629,0.057
high-capture-pressure,High Capture Pressure,robustness-winner,22,0.443,0.164,0.246,0.253,0.251,0.002,0.016,0.227,0.552,0.000,0.000,0.434,0.625,0.053
high-capture-pressure,High Capture Pressure,robustness-winner,23,0.441,0.161,0.247,0.255,0.251,0.005,0.010,0.221,0.562,0.002,0.000,0.427,0.622,0.049
high-capture-pressure,High Capture Pressure,robustness-winner,24,0.439,0.158,0.248,0.258,0.250,0.008,0.003,0.215,0.573,0.006,0.000,0.420,0.619,0.044
high-capture-pressure,High Capture Pressure,minimax-regret-winner,1,0.560,0.287,0.260,0.343,0.219,0.124,0.505,0.460,0.510,0.223,0.000,0.574,0.661,0.139
high-capture-pressure,High Capture Pressure,minimax-regret-winner,2,0.557,0.273,0.270,0.357,0.218,0.138,0.428,0.419,0.512,0.247,0.000,0.559,0.656,0.117
high-capture-pressure,High Capture Pressure,minimax-regret-winner,3,0.553,0.259,0.278,0.371,0.218,0.154,0.362,0.382,0.517,0.275,0.000,0.542,0.649,0.096
high-capture-pressure,High Capture Pressure,minimax-regret-winner,4,0.549,0.247,0.285,0.387,0.216,0.171,0.304,0.349,0.525,0.305,0.000,0.524,0.641,0.076
high-capture-pressure,High Capture Pressure,minimax-regret-winner,5,0.544,0.235,0.291,0.404,0.215,0.188,0.253,0.319,0.534,0.339,0.000,0.504,0.633,0.057
high-capture-pressure,High Capture Pressure,minimax-regret-winner,6,0.539,0.223,0.297,0.421,0.214,0.207,0.207,0.291,0.546,0.374,0.000,0.484,0.624,0.038
high-capture-pressure,High Capture Pressure,minimax-regret-winner,7,0.533,0.212,0.302,0.439,0.213,0.226,0.167,0.265,0.560,0.412,0.000,0.462,0.615,0.019
high-capture-pressure,High Capture Pressure,minimax-regret-winner,8,0.527,0.201,0.307,0.458,0.212,0.246,0.131,0.241,0.576,0.451,0.000,0.440,0.605,0.001
high-capture-pressure,High Capture Pressure,minimax-regret-winner,9,0.521,0.190,0.311,0.477,0.210,0.267,0.097,0.217,0.594,0.492,0.000,0.417,0.595,-0.017
high-capture-pressure,High Capture Pressure,minimax-regret-winner,10,0.515,0.179,0.315,0.497,0.209,0.288,0.066,0.194,0.614,0.534,0.000,0.394,0.585,-0.035
high-capture-pressure,High Capture Pressure,minimax-regret-winner,11,0.508,0.168,0.319,0.518,0.207,0.310,0.038,0.172,0.636,0.577,0.000,0.370,0.574,-0.053
high-capture-pressure,High Capture Pressure,minimax-regret-winner,12,0.502,0.158,0.323,0.539,0.206,0.333,0.010,0.150,0.660,0.622,0.000,0.345,0.564,-0.071
high-capture-pressure,High Capture Pressure,minimax-regret-winner,13,0.494,0.147,0.326,0.561,0.204,0.357,0.000,0.127,0.686,0.669,0.000,0.321,0.553,-0.089
high-capture-pressure,High Capture Pressure,minimax-regret-winner,14,0.487,0.136,0.330,0.584,0.203,0.381,0.000,0.104,0.713,0.716,0.000,0.296,0.542,-0.108
high-capture-pressure,High Capture Pressure,minimax-regret-winner,15,0.480,0.125,0.334,0.608,0.201,0.406,0.000,0.081,0.743,0.766,0.000,0.272,0.531,-0.126
high-capture-pressure,High Capture Pressure,minimax-regret-winner,16,0.473,0.115,0.337,0.632,0.200,0.432,0.000,0.057,0.774,0.816,0.000,0.249,0.520,-0.145
high-capture-pressure,High Capture Pressure,minimax-regret-winner,17,0.466,0.104,0.341,0.657,0.199,0.459,0.000,0.033,0.807,0.869,0.000,0.224,0.509,-0.164
high-capture-pressure,High Capture Pressure,minimax-regret-winner,18,0.458,0.093,0.345,0.684,0.197,0.487,0.000,0.008,0.843,0.923,0.000,0.200,0.498,-0.184
high-capture-pressure,High Capture Pressure,minimax-regret-winner,19,0.451,0.082,0.349,0.711,0.196,0.515,0.000,0.000,0.880,0.978,0.000,0.175,0.487,-0.204
high-capture-pressure,High Capture Pressure,minimax-regret-winner,20,0.443,0.075,0.349,0.736,0.194,0.542,0.000,0.000,0.918,1.000,0.001,0.150,0.476,-0.218
high-capture-pressure,High Capture Pressure,minimax-regret-winner,21,0.435,0.069,0.348,0.748,0.192,0.556,0.000,0.000,0.957,1.000,0.004,0.126,0.465,-0.227
high-capture-pressure,High Capture Pressure,minimax-regret-winner,22,0.427,0.063,0.346,0.753,0.191,0.562,0.000,0.000,0.996,1.000,0.008,0.101,0.453,-0.233
high-capture-pressure,High Capture Pressure,minimax-regret-winner,23,0.419,0.058,0.345,0.758,0.189,0.569,0.000,0.000,1.000,1.000,0.014,0.079,0.442,-0.240
high-capture-pressure,High Capture Pressure,minimax-regret-winner,24,0.413,0.056,0.341,0.756,0.188,0.568,0.000,0.000,1.000,1.000,0.021,0.059,0.431,-0.240
high-capture-pressure,High Capture Pressure,rights-capture-winner,1,0.494,0.260,0.208,0.275,0.264,0.011,0.551,0.481,0.500,0.107,0.000,0.621,0.706,0.164
high-capture-pressure,High Capture Pressure,rights-capture-winner,2,0.493,0.251,0.215,0.262,0.262,0.000,0.471,0.446,0.493,0.068,0.000,0.615,0.704,0.155
high-capture-pressure,High Capture Pressure,rights-capture-winner,3,0.492,0.243,0.220,0.251,0.251,0.000,0.404,0.417,0.489,0.042,0.000,0.606,0.701,0.144
high-capture-pressure,High Capture Pressure,rights-capture-winner,4,0.491,0.236,0.225,0.245,0.245,0.000,0.347,0.391,0.486,0.027,0.000,0.597,0.697,0.135
high-capture-pressure,High Capture Pressure,rights-capture-winner,5,0.489,0.229,0.229,0.242,0.242,0.000,0.298,0.369,0.485,0.017,0.000,0.587,0.693,0.126
high-capture-pressure,High Capture Pressure,rights-capture-winner,6,0.487,0.223,0.233,0.241,0.241,0.000,0.256,0.350,0.486,0.010,0.000,0.576,0.688,0.118
high-capture-pressure,High Capture Pressure,rights-capture-winner,7,0.484,0.217,0.236,0.241,0.241,0.000,0.220,0.333,0.489,0.007,0.000,0.565,0.683,0.111
high-capture-pressure,High Capture Pressure,rights-capture-winner,8,0.482,0.212,0.238,0.241,0.241,0.000,0.190,0.318,0.492,0.004,0.000,0.554,0.678,0.105
high-capture-pressure,High Capture Pressure,rights-capture-winner,9,0.480,0.207,0.240,0.242,0.242,0.000,0.163,0.306,0.497,0.002,0.000,0.543,0.673,0.099
high-capture-pressure,High Capture Pressure,rights-capture-winner,10,0.477,0.202,0.242,0.244,0.244,0.000,0.140,0.294,0.502,0.001,0.000,0.532,0.668,0.093
high-capture-pressure,High Capture Pressure,rights-capture-winner,11,0.474,0.197,0.244,0.246,0.246,0.000,0.120,0.284,0.509,0.001,0.000,0.521,0.663,0.087
high-capture-pressure,High Capture Pressure,rights-capture-winner,12,0.472,0.193,0.246,0.248,0.248,0.000,0.103,0.274,0.516,0.000,0.000,0.510,0.659,0.082
high-capture-pressure,High Capture Pressure,rights-capture-winner,13,0.469,0.189,0.247,0.250,0.250,0.000,0.087,0.265,0.524,0.000,0.000,0.500,0.654,0.077
high-capture-pressure,High Capture Pressure,rights-capture-winner,14,0.467,0.184,0.249,0.252,0.252,0.000,0.073,0.257,0.533,0.000,0.000,0.490,0.649,0.072
high-capture-pressure,High Capture Pressure,rights-capture-winner,15,0.464,0.180,0.250,0.254,0.254,0.000,0.061,0.249,0.542,0.000,0.000,0.480,0.645,0.068
high-capture-pressure,High Capture Pressure,rights-capture-winner,16,0.462,0.176,0.252,0.257,0.253,0.003,0.049,0.241,0.552,0.001,0.000,0.470,0.640,0.062
high-capture-pressure,High Capture Pressure,rights-capture-winner,17,0.459,0.172,0.253,0.260,0.253,0.007,0.038,0.233,0.563,0.005,0.000,0.460,0.636,0.057
high-capture-pressure,High Capture Pressure,rights-capture-winner,18,0.456,0.168,0.255,0.264,0.252,0.011,0.027,0.225,0.575,0.010,0.000,0.451,0.631,0.051
high-capture-pressure,High Capture Pressure,rights-capture-winner,19,0.454,0.164,0.256,0.268,0.251,0.017,0.017,0.217,0.587,0.018,0.000,0.441,0.627,0.045
high-capture-pressure,High Capture Pressure,rights-capture-winner,20,0.451,0.160,0.258,0.274,0.251,0.023,0.007,0.208,0.601,0.027,0.000,0.430,0.622,0.038
high-capture-pressure,High Capture Pressure,rights-capture-winner,21,0.448,0.156,0.260,0.280,0.250,0.031,0.000,0.200,0.614,0.038,0.000,0.420,0.618,0.031
high-capture-pressure,High Capture Pressure,rights-capture-winner,22,0.445,0.151,0.262,0.288,0.249,0.039,0.000,0.190,0.629,0.051,0.000,0.410,0.613,0.024
high-capture-pressure,High Capture Pressure,rights-capture-winner,23,0.443,0.147,0.264,0.296,0.248,0.048,0.000,0.181,0.645,0.066,0.000,0.400,0.609,0.016
high-capture-pressure,High Capture Pressure,rights-capture-winner,24,0.440,0.142,0.266,0.305,0.248,0.057,0.000,0.171,0.661,0.083,0.000,0.389,0.604,0.008
high-capture-pressure,High Capture Pressure,legitimacy-winner,1,0.494,0.260,0.208,0.275,0.264,0.011,0.551,0.481,0.500,0.107,0.000,0.621,0.706,0.164
high-capture-pressure,High Capture Pressure,legitimacy-winner,2,0.493,0.251,0.215,0.262,0.262,0.000,0.471,0.446,0.493,0.068,0.000,0.615,0.704,0.155
high-capture-pressure,High Capture Pressure,legitimacy-winner,3,0.492,0.243,0.220,0.251,0.251,0.000,0.404,0.417,0.489,0.042,0.000,0.606,0.701,0.144
high-capture-pressure,High Capture Pressure,legitimacy-winner,4,0.491,0.236,0.225,0.245,0.245,0.000,0.347,0.391,0.486,0.027,0.000,0.597,0.697,0.135
high-capture-pressure,High Capture Pressure,legitimacy-winner,5,0.489,0.229,0.229,0.242,0.242,0.000,0.298,0.369,0.485,0.017,0.000,0.587,0.693,0.126
high-capture-pressure,High Capture Pressure,legitimacy-winner,6,0.487,0.223,0.233,0.241,0.241,0.000,0.256,0.350,0.486,0.010,0.000,0.576,0.688,0.118
high-capture-pressure,High Capture Pressure,legitimacy-winner,7,0.484,0.217,0.236,0.241,0.241,0.000,0.220,0.333,0.489,0.007,0.000,0.565,0.683,0.111
high-capture-pressure,High Capture Pressure,legitimacy-winner,8,0.482,0.212,0.238,0.241,0.241,0.000,0.190,0.318,0.492,0.004,0.000,0.554,0.678,0.105
high-capture-pressure,High Capture Pressure,legitimacy-winner,9,0.480,0.207,0.240,0.242,0.242,0.000,0.163,0.306,0.497,0.002,0.000,0.543,0.673,0.099
high-capture-pressure,High Capture Pressure,legitimacy-winner,10,0.477,0.202,0.242,0.244,0.244,0.000,0.140,0.294,0.502,0.001,0.000,0.532,0.668,0.093
high-capture-pressure,High Capture Pressure,legitimacy-winner,11,0.474,0.197,0.244,0.246,0.246,0.000,0.120,0.284,0.509,0.001,0.000,0.521,0.663,0.087
high-capture-pressure,High Capture Pressure,legitimacy-winner,12,0.472,0.193,0.246,0.248,0.248,0.000,0.103,0.274,0.516,0.000,0.000,0.510,0.659,0.082
high-capture-pressure,High Capture Pressure,legitimacy-winner,13,0.469,0.189,0.247,0.250,0.250,0.000,0.087,0.265,0.524,0.000,0.000,0.500,0.654,0.077
high-capture-pressure,High Capture Pressure,legitimacy-winner,14,0.467,0.184,0.249,0.252,0.252,0.000,0.073,0.257,0.533,0.000,0.000,0.490,0.649,0.072
high-capture-pressure,High Capture Pressure,legitimacy-winner,15,0.464,0.180,0.250,0.254,0.254,0.000,0.061,0.249,0.542,0.000,0.000,0.480,0.645,0.068
high-capture-pressure,High Capture Pressure,legitimacy-winner,16,0.462,0.176,0.252,0.257,0.253,0.003,0.049,0.241,0.552,0.001,0.000,0.470,0.640,0.062
high-capture-pressure,High Capture Pressure,legitimacy-winner,17,0.459,0.172,0.253,0.260,0.253,0.007,0.038,0.233,0.563,0.005,0.000,0.460,0.636,0.057
high-capture-pressure,High Capture Pressure,legitimacy-winner,18,0.456,0.168,0.255,0.264,0.252,0.011,0.027,0.225,0.575,0.010,0.000,0.451,0.631,0.051
high-capture-pressure,High Capture Pressure,legitimacy-winner,19,0.454,0.164,0.256,0.268,0.251,0.017,0.017,0.217,0.587,0.018,0.000,0.441,0.627,0.045
high-capture-pressure,High Capture Pressure,legitimacy-winner,20,0.451,0.160,0.258,0.274,0.251,0.023,0.007,0.208,0.601,0.027,0.000,0.430,0.622,0.038
high-capture-pressure,High Capture Pressure,legitimacy-winner,21,0.448,0.156,0.260,0.280,0.250,0.031,0.000,0.200,0.614,0.038,0.000,0.420,0.618,0.031
high-capture-pressure,High Capture Pressure,legitimacy-winner,22,0.445,0.151,0.262,0.288,0.249,0.039,0.000,0.190,0.629,0.051,0.000,0.410,0.613,0.024
high-capture-pressure,High Capture Pressure,legitimacy-winner,23,0.443,0.147,0.264,0.296,0.248,0.048,0.000,0.181,0.645,0.066,0.000,0.400,0.609,0.016
high-capture-pressure,High Capture Pressure,legitimacy-winner,24,0.440,0.142,0.266,0.305,0.248,0.057,0.000,0.171,0.661,0.083,0.000,0.389,0.604,0.008
high-capture-pressure,High Capture Pressure,efficiency-caution,1,0.595,0.296,0.288,0.375,0.223,0.151,0.485,0.448,0.558,0.249,0.000,0.551,0.670,0.129
high-capture-pressure,High Capture Pressure,efficiency-caution,2,0.591,0.278,0.301,0.399,0.222,0.176,0.407,0.400,0.570,0.292,0.000,0.533,0.663,0.099
high-capture-pressure,High Capture Pressure,efficiency-caution,3,0.585,0.260,0.312,0.424,0.221,0.203,0.337,0.356,0.586,0.340,0.000,0.512,0.654,0.069
high-capture-pressure,High Capture Pressure,efficiency-caution,4,0.579,0.243,0.322,0.451,0.220,0.231,0.276,0.315,0.604,0.392,0.000,0.488,0.645,0.040
high-capture-pressure,High Capture Pressure,efficiency-caution,5,0.572,0.226,0.331,0.479,0.218,0.260,0.220,0.277,0.625,0.448,0.000,0.463,0.634,0.012
high-capture-pressure,High Capture Pressure,efficiency-caution,6,0.564,0.210,0.339,0.507,0.217,0.291,0.169,0.241,0.648,0.507,0.000,0.435,0.623,-0.016
high-capture-pressure,High Capture Pressure,efficiency-caution,7,0.556,0.193,0.347,0.537,0.215,0.322,0.122,0.206,0.674,0.569,0.000,0.407,0.610,-0.043
high-capture-pressure,High Capture Pressure,efficiency-caution,8,0.548,0.178,0.354,0.568,0.213,0.355,0.079,0.173,0.703,0.633,0.000,0.377,0.598,-0.070
high-capture-pressure,High Capture Pressure,efficiency-caution,9,0.538,0.162,0.360,0.599,0.211,0.388,0.038,0.140,0.733,0.699,0.000,0.345,0.584,-0.097
high-capture-pressure,High Capture Pressure,efficiency-caution,10,0.529,0.146,0.366,0.631,0.209,0.422,0.000,0.107,0.767,0.766,0.000,0.313,0.570,-0.124
high-capture-pressure,High Capture Pressure,efficiency-caution,11,0.519,0.131,0.371,0.664,0.207,0.457,0.000,0.075,0.802,0.836,0.000,0.281,0.555,-0.151
high-capture-pressure,High Capture Pressure,efficiency-caution,12,0.509,0.115,0.376,0.698,0.205,0.493,0.000,0.042,0.841,0.907,0.000,0.249,0.541,-0.177
high-capture-pressure,High Capture Pressure,efficiency-caution,13,0.499,0.100,0.381,0.732,0.203,0.529,0.000,0.008,0.881,0.980,0.000,0.217,0.527,-0.204
high-capture-pressure,High Capture Pressure,efficiency-caution,14,0.489,0.085,0.386,0.768,0.201,0.566,0.000,0.000,0.924,1.000,0.000,0.185,0.512,-0.230
high-capture-pressure,High Capture Pressure,efficiency-caution,15,0.478,0.076,0.386,0.781,0.199,0.582,0.000,0.000,0.968,1.000,0.000,0.154,0.498,-0.243
high-capture-pressure,High Capture Pressure,efficiency-caution,16,0.468,0.069,0.384,0.786,0.197,0.589,0.000,0.000,1.000,1.000,0.002,0.124,0.484,-0.251
high-capture-pressure,High Capture Pressure,efficiency-caution,17,0.459,0.063,0.381,0.788,0.195,0.593,0.000,0.000,1.000,1.000,0.006,0.098,0.470,-0.256
high-capture-pressure,High Capture Pressure,efficiency-caution,18,0.452,0.061,0.375,0.784,0.194,0.591,0.000,0.000,1.000,1.000,0.012,0.074,0.457,-0.255
high-capture-pressure,High Capture Pressure,efficiency-caution,19,0.445,0.059,0.370,0.781,0.192,0.589,0.000,0.000,1.000,1.000,0.018,0.053,0.446,-0.254
high-capture-pressure,High Capture Pressure,efficiency-caution,20,0.440,0.057,0.365,0.777,0.190,0.587,0.000,0.000,1.000,1.000,0.026,0.034,0.436,-0.253
high-capture-pressure,High Capture Pressure,efficiency-caution,21,0.434,0.056,0.361,0.774,0.189,0.585,0.000,0.000,1.000,1.000,0.035,0.016,0.426,-0.253
high-capture-pressure,High Capture Pressure,efficiency-caution,22,0.430,0.055,0.357,0.772,0.187,0.584,0.000,0.000,1.000,1.000,0.044,0.000,0.417,-0.252
high-capture-pressure,High Capture Pressure,efficiency-caution,23,0.425,0.053,0.353,0.769,0.186,0.583,0.000,0.000,1.000,1.000,0.054,0.000,0.409,-0.251
high-capture-pressure,High Capture Pressure,efficiency-caution,24,0.425,0.053,0.352,0.770,0.186,0.584,0.000,0.000,1.000,1.000,0.065,0.000,0.408,-0.251
high-capture-pressure,High Capture Pressure,current-system-baseline,1,0.294,0.127,0.155,0.285,0.266,0.020,0.428,0.398,0.758,0.119,0.000,0.490,0.682,0.052
high-capture-pressure,High Capture Pressure,current-system-baseline,2,0.291,0.115,0.163,0.272,0.264,0.008,0.337,0.336,0.780,0.070,0.000,0.472,0.675,0.039
high-capture-pressure,High Capture Pressure,current-system-baseline,3,0.287,0.103,0.171,0.263,0.263,0.000,0.259,0.281,0.805,0.032,0.000,0.451,0.666,0.027
high-capture-pressure,High Capture Pressure,current-system-baseline,4,0.283,0.093,0.177,0.258,0.258,0.000,0.190,0.231,0.833,0.007,0.000,0.429,0.657,0.013
high-capture-pressure,High Capture Pressure,current-system-baseline,5,0.279,0.083,0.182,0.258,0.258,0.000,0.130,0.185,0.864,0.000,0.000,0.406,0.647,0.001
high-capture-pressure,High Capture Pressure,current-system-baseline,6,0.274,0.073,0.187,0.263,0.258,0.005,0.077,0.142,0.897,0.000,0.000,0.381,0.637,-0.012
high-capture-pressure,High Capture Pressure,current-system-baseline,7,0.269,0.064,0.191,0.271,0.256,0.015,0.030,0.102,0.933,0.000,0.000,0.355,0.626,-0.025
high-capture-pressure,High Capture Pressure,current-system-baseline,8,0.263,0.056,0.194,0.279,0.254,0.025,0.000,0.064,0.971,0.002,0.000,0.329,0.614,-0.038
high-capture-pressure,High Capture Pressure,current-system-baseline,9,0.258,0.048,0.197,0.287,0.252,0.035,0.000,0.028,1.000,0.010,0.000,0.304,0.602,-0.050
high-capture-pressure,High Capture Pressure,current-system-baseline,10,0.253,0.040,0.199,0.296,0.250,0.046,0.000,0.000,1.000,0.022,0.000,0.281,0.591,-0.061
high-capture-pressure,High Capture Pressure,current-system-baseline,11,0.250,0.036,0.200,0.301,0.249,0.052,0.000,0.000,1.000,0.035,0.000,0.261,0.581,-0.067
high-capture-pressure,High Capture Pressure,current-system-baseline,12,0.247,0.035,0.198,0.304,0.247,0.057,0.000,0.000,1.000,0.046,0.000,0.242,0.571,-0.068
high-capture-pressure,High Capture Pressure,current-system-baseline,13,0.244,0.035,0.196,0.306,0.246,0.061,0.000,0.000,1.000,0.057,0.000,0.226,0.563,-0.069
high-capture-pressure,High Capture Pressure,current-system-baseline,14,0.242,0.034,0.194,0.309,0.244,0.064,0.000,0.000,1.000,0.066,0.000,0.212,0.556,-0.069
high-capture-pressure,High Capture Pressure,current-system-baseline,15,0.240,0.033,0.192,0.311,0.243,0.067,0.000,0.000,1.000,0.074,0.000,0.199,0.549,-0.070
high-capture-pressure,High Capture Pressure,current-system-baseline,16,0.238,0.033,0.191,0.312,0.242,0.070,0.000,0.000,1.000,0.082,0.000,0.187,0.544,-0.071
high-capture-pressure,High Capture Pressure,current-system-baseline,17,0.236,0.032,0.189,0.314,0.241,0.073,0.000,0.000,1.000,0.089,0.000,0.177,0.538,-0.071
high-capture-pressure,High Capture Pressure,current-system-baseline,18,0.235,0.032,0.188,0.316,0.241,0.075,0.000,0.000,1.000,0.095,0.000,0.168,0.534,-0.072
high-capture-pressure,High Capture Pressure,current-system-baseline,19,0.234,0.031,0.187,0.317,0.240,0.077,0.000,0.000,1.000,0.100,0.000,0.159,0.530,-0.072
high-capture-pressure,High Capture Pressure,current-system-baseline,20,0.233,0.031,0.186,0.318,0.239,0.079,0.000,0.000,1.000,0.105,0.000,0.152,0.526,-0.073
high-capture-pressure,High Capture Pressure,current-system-baseline,21,0.231,0.031,0.185,0.319,0.239,0.081,0.000,0.000,1.000,0.109,0.000,0.145,0.522,-0.073
high-capture-pressure,High Capture Pressure,current-system-baseline,22,0.231,0.030,0.185,0.320,0.238,0.082,0.000,0.000,1.000,0.113,0.000,0.139,0.520,-0.073
high-capture-pressure,High Capture Pressure,current-system-baseline,23,0.230,0.030,0.184,0.321,0.238,0.083,0.000,0.000,1.000,0.116,0.000,0.134,0.517,-0.074
high-capture-pressure,High Capture Pressure,current-system-baseline,24,0.229,0.030,0.183,0.322,0.237,0.085,0.000,0.000,1.000,0.120,0.000,0.129,0.514,-0.074
low-public-trust,Low Public Trust,balanced-winner,1,0.526,0.291,0.199,0.252,0.228,0.024,0.559,0.512,0.311,0.128,0.000,0.507,0.556,0.195
low-public-trust,Low Public Trust,balanced-winner,2,0.529,0.292,0.199,0.232,0.228,0.004,0.499,0.497,0.270,0.088,0.000,0.511,0.558,0.202
low-public-trust,Low Public Trust,balanced-winner,3,0.532,0.295,0.197,0.211,0.211,0.000,0.450,0.486,0.231,0.061,0.000,0.515,0.560,0.206
low-public-trust,Low Public Trust,balanced-winner,4,0.535,0.298,0.194,0.194,0.194,0.000,0.411,0.479,0.193,0.044,0.000,0.519,0.561,0.211
low-public-trust,Low Public Trust,balanced-winner,5,0.537,0.302,0.190,0.179,0.179,0.000,0.381,0.475,0.156,0.034,0.000,0.523,0.563,0.217
low-public-trust,Low Public Trust,balanced-winner,6,0.540,0.307,0.186,0.167,0.167,0.000,0.357,0.474,0.119,0.028,0.000,0.527,0.564,0.223
low-public-trust,Low Public Trust,balanced-winner,7,0.543,0.312,0.181,0.156,0.156,0.000,0.340,0.475,0.083,0.025,0.000,0.531,0.566,0.231
low-public-trust,Low Public Trust,balanced-winner,8,0.546,0.319,0.176,0.146,0.146,0.000,0.329,0.478,0.047,0.024,0.000,0.537,0.568,0.239
low-public-trust,Low Public Trust,balanced-winner,9,0.549,0.325,0.170,0.136,0.136,0.000,0.321,0.483,0.011,0.024,0.000,0.543,0.570,0.249
low-public-trust,Low Public Trust,balanced-winner,10,0.552,0.333,0.164,0.127,0.127,0.000,0.317,0.488,0.000,0.025,0.000,0.548,0.572,0.259
low-public-trust,Low Public Trust,balanced-winner,11,0.554,0.337,0.162,0.124,0.124,0.000,0.314,0.492,0.000,0.026,0.000,0.553,0.575,0.264
low-public-trust,Low Public Trust,balanced-winner,12,0.555,0.339,0.161,0.123,0.123,0.000,0.313,0.496,0.000,0.026,0.000,0.557,0.577,0.266
low-public-trust,Low Public Trust,balanced-winner,13,0.556,0.340,0.161,0.123,0.123,0.000,0.311,0.498,0.000,0.026,0.000,0.561,0.578,0.268
low-public-trust,Low Public Trust,balanced-winner,14,0.557,0.342,0.160,0.123,0.123,0.000,0.311,0.501,0.000,0.026,0.000,0.564,0.580,0.270
low-public-trust,Low Public Trust,balanced-winner,15,0.557,0.343,0.160,0.123,0.123,0.000,0.310,0.503,0.000,0.026,0.000,0.566,0.581,0.271
low-public-trust,Low Public Trust,balanced-winner,16,0.558,0.344,0.160,0.123,0.123,0.000,0.310,0.505,0.000,0.026,0.000,0.569,0.582,0.272
low-public-trust,Low Public Trust,balanced-winner,17,0.559,0.345,0.159,0.122,0.122,0.000,0.310,0.507,0.000,0.026,0.000,0.571,0.583,0.273
low-public-trust,Low Public Trust,balanced-winner,18,0.559,0.346,0.159,0.122,0.122,0.000,0.311,0.508,0.000,0.026,0.000,0.573,0.584,0.274
low-public-trust,Low Public Trust,balanced-winner,19,0.559,0.347,0.159,0.122,0.122,0.000,0.311,0.509,0.000,0.026,0.000,0.575,0.585,0.275
low-public-trust,Low Public Trust,balanced-winner,20,0.560,0.347,0.159,0.122,0.122,0.000,0.311,0.510,0.000,0.026,0.000,0.576,0.585,0.276
low-public-trust,Low Public Trust,balanced-winner,21,0.560,0.348,0.159,0.122,0.122,0.000,0.312,0.511,0.000,0.026,0.000,0.577,0.586,0.276
low-public-trust,Low Public Trust,balanced-winner,22,0.560,0.348,0.158,0.122,0.122,0.000,0.312,0.512,0.000,0.026,0.000,0.579,0.586,0.277
low-public-trust,Low Public Trust,balanced-winner,23,0.561,0.349,0.158,0.122,0.122,0.000,0.313,0.512,0.000,0.026,0.000,0.580,0.587,0.277
low-public-trust,Low Public Trust,balanced-winner,24,0.561,0.349,0.158,0.122,0.122,0.000,0.313,0.513,0.000,0.026,0.000,0.581,0.587,0.278
low-public-trust,Low Public Trust,robustness-winner,1,0.447,0.244,0.167,0.224,0.224,0.000,0.561,0.502,0.294,0.103,0.000,0.514,0.589,0.169
low-public-trust,Low Public Trust,robustness-winner,2,0.451,0.248,0.165,0.195,0.195,0.000,0.494,0.488,0.244,0.068,0.000,0.521,0.592,0.173
low-public-trust,Low Public Trust,robustness-winner,3,0.455,0.252,0.162,0.174,0.174,0.000,0.440,0.480,0.195,0.047,0.000,0.527,0.595,0.179
low-public-trust,Low Public Trust,robustness-winner,4,0.459,0.257,0.159,0.157,0.157,0.000,0.398,0.475,0.147,0.034,0.000,0.532,0.597,0.185
low-public-trust,Low Public Trust,robustness-winner,5,0.462,0.262,0.154,0.142,0.142,0.000,0.365,0.473,0.100,0.027,0.000,0.538,0.600,0.193
low-public-trust,Low Public Trust,robustness-winner,6,0.466,0.269,0.149,0.129,0.129,0.000,0.341,0.475,0.054,0.024,0.000,0.545,0.602,0.201
low-public-trust,Low Public Trust,robustness-winner,7,0.469,0.276,0.143,0.117,0.117,0.000,0.324,0.479,0.007,0.022,0.000,0.552,0.605,0.211
low-public-trust,Low Public Trust,robustness-winner,8,0.473,0.284,0.137,0.105,0.105,0.000,0.311,0.483,0.000,0.023,0.000,0.558,0.607,0.222
low-public-trust,Low Public Trust,robustness-winner,9,0.474,0.286,0.136,0.103,0.103,0.000,0.302,0.487,0.000,0.023,0.000,0.563,0.610,0.225
low-public-trust,Low Public Trust,robustness-winner,10,0.475,0.288,0.135,0.103,0.103,0.000,0.294,0.489,0.000,0.023,0.000,0.567,0.612,0.227
low-public-trust,Low Public Trust,robustness-winner,11,0.476,0.289,0.135,0.102,0.102,0.000,0.288,0.492,0.000,0.023,0.000,0.570,0.614,0.228
low-public-trust,Low Public Trust,robustness-winner,12,0.477,0.290,0.135,0.102,0.102,0.000,0.283,0.494,0.000,0.023,0.000,0.573,0.615,0.230
low-public-trust,Low Public Trust,robustness-winner,13,0.477,0.291,0.134,0.102,0.102,0.000,0.279,0.496,0.000,0.023,0.000,0.575,0.616,0.231
low-public-trust,Low Public Trust,robustness-winner,14,0.478,0.292,0.134,0.102,0.102,0.000,0.276,0.497,0.000,0.023,0.000,0.577,0.617,0.231
low-public-trust,Low Public Trust,robustness-winner,15,0.478,0.293,0.134,0.102,0.102,0.000,0.274,0.499,0.000,0.023,0.000,0.578,0.618,0.232
low-public-trust,Low Public Trust,robustness-winner,16,0.478,0.293,0.134,0.102,0.102,0.000,0.272,0.500,0.000,0.023,0.000,0.580,0.618,0.233
low-public-trust,Low Public Trust,robustness-winner,17,0.479,0.294,0.134,0.102,0.102,0.000,0.271,0.501,0.000,0.023,0.000,0.581,0.619,0.233
low-public-trust,Low Public Trust,robustness-winner,18,0.479,0.294,0.134,0.101,0.101,0.000,0.270,0.502,0.000,0.023,0.000,0.582,0.619,0.234
low-public-trust,Low Public Trust,robustness-winner,19,0.479,0.294,0.133,0.101,0.101,0.000,0.269,0.502,0.000,0.023,0.000,0.582,0.620,0.234
low-public-trust,Low Public Trust,robustness-winner,20,0.479,0.295,0.133,0.101,0.101,0.000,0.268,0.503,0.000,0.023,0.000,0.583,0.620,0.235
low-public-trust,Low Public Trust,robustness-winner,21,0.479,0.295,0.133,0.101,0.101,0.000,0.268,0.503,0.000,0.023,0.000,0.584,0.620,0.235
low-public-trust,Low Public Trust,robustness-winner,22,0.480,0.295,0.133,0.101,0.101,0.000,0.267,0.504,0.000,0.023,0.000,0.584,0.620,0.235
low-public-trust,Low Public Trust,robustness-winner,23,0.480,0.295,0.133,0.101,0.101,0.000,0.267,0.504,0.000,0.023,0.000,0.585,0.621,0.235
low-public-trust,Low Public Trust,robustness-winner,24,0.480,0.295,0.133,0.101,0.101,0.000,0.267,0.504,0.000,0.023,0.000,0.585,0.621,0.235
low-public-trust,Low Public Trust,minimax-regret-winner,1,0.520,0.278,0.217,0.286,0.213,0.074,0.521,0.485,0.308,0.188,0.000,0.482,0.553,0.162
low-public-trust,Low Public Trust,minimax-regret-winner,2,0.523,0.278,0.216,0.274,0.213,0.061,0.462,0.469,0.266,0.170,0.000,0.483,0.553,0.166
low-public-trust,Low Public Trust,minimax-regret-winner,3,0.525,0.280,0.214,0.259,0.213,0.046,0.416,0.459,0.224,0.148,0.000,0.485,0.553,0.172
low-public-trust,Low Public Trust,minimax-regret-winner,4,0.527,0.283,0.210,0.243,0.213,0.030,0.381,0.454,0.183,0.123,0.000,0.488,0.554,0.181
low-public-trust,Low Public Trust,minimax-regret-winner,5,0.530,0.288,0.206,0.225,0.213,0.012,0.355,0.453,0.142,0.093,0.000,0.493,0.555,0.192
low-public-trust,Low Public Trust,minimax-regret-winner,6,0.533,0.294,0.201,0.205,0.205,0.000,0.336,0.455,0.102,0.066,0.000,0.499,0.557,0.204
low-public-trust,Low Public Trust,minimax-regret-winner,7,0.537,0.301,0.195,0.185,0.185,0.000,0.323,0.459,0.062,0.050,0.000,0.506,0.560,0.213
low-public-trust,Low Public Trust,minimax-regret-winner,8,0.540,0.309,0.189,0.168,0.168,0.000,0.314,0.465,0.022,0.040,0.000,0.513,0.563,0.224
low-public-trust,Low Public Trust,minimax-regret-winner,9,0.544,0.317,0.183,0.154,0.154,0.000,0.309,0.471,0.000,0.035,0.000,0.521,0.566,0.235
low-public-trust,Low Public Trust,minimax-regret-winner,10,0.547,0.323,0.179,0.146,0.146,0.000,0.305,0.476,0.000,0.031,0.000,0.527,0.568,0.243
low-public-trust,Low Public Trust,minimax-regret-winner,11,0.548,0.326,0.178,0.144,0.144,0.000,0.302,0.480,0.000,0.029,0.000,0.532,0.571,0.246
low-public-trust,Low Public Trust,minimax-regret-winner,12,0.549,0.328,0.177,0.143,0.143,0.000,0.301,0.484,0.000,0.028,0.000,0.537,0.573,0.248
low-public-trust,Low Public Trust,minimax-regret-winner,13,0.550,0.329,0.177,0.142,0.142,0.000,0.300,0.487,0.000,0.027,0.000,0.541,0.575,0.250
low-public-trust,Low Public Trust,minimax-regret-winner,14,0.551,0.331,0.176,0.142,0.142,0.000,0.299,0.490,0.000,0.026,0.000,0.545,0.577,0.252
low-public-trust,Low Public Trust,minimax-regret-winner,15,0.552,0.332,0.176,0.141,0.141,0.000,0.299,0.492,0.000,0.026,0.000,0.548,0.578,0.253
low-public-trust,Low Public Trust,minimax-regret-winner,16,0.553,0.334,0.176,0.141,0.141,0.000,0.299,0.494,0.000,0.026,0.000,0.550,0.579,0.254
low-public-trust,Low Public Trust,minimax-regret-winner,17,0.554,0.335,0.175,0.140,0.140,0.000,0.299,0.496,0.000,0.026,0.000,0.553,0.581,0.256
low-public-trust,Low Public Trust,minimax-regret-winner,18,0.554,0.335,0.175,0.140,0.140,0.000,0.299,0.497,0.000,0.025,0.000,0.555,0.582,0.257
low-public-trust,Low Public Trust,minimax-regret-winner,19,0.555,0.336,0.175,0.140,0.140,0.000,0.299,0.498,0.000,0.025,0.000,0.557,0.582,0.257
low-public-trust,Low Public Trust,minimax-regret-winner,20,0.555,0.337,0.175,0.140,0.140,0.000,0.300,0.499,0.000,0.025,0.000,0.559,0.583,0.258
low-public-trust,Low Public Trust,minimax-regret-winner,21,0.555,0.337,0.175,0.140,0.140,0.000,0.300,0.500,0.000,0.025,0.000,0.560,0.584,0.259
low-public-trust,Low Public Trust,minimax-regret-winner,22,0.556,0.338,0.175,0.140,0.140,0.000,0.301,0.501,0.000,0.025,0.000,0.561,0.584,0.259
low-public-trust,Low Public Trust,minimax-regret-winner,23,0.556,0.338,0.175,0.140,0.140,0.000,0.301,0.502,0.000,0.025,0.000,0.563,0.585,0.260
low-public-trust,Low Public Trust,minimax-regret-winner,24,0.556,0.339,0.175,0.140,0.140,0.000,0.302,0.502,0.000,0.025,0.000,0.564,0.585,0.260
low-public-trust,Low Public Trust,rights-capture-winner,1,0.458,0.251,0.171,0.226,0.226,0.000,0.562,0.503,0.300,0.101,0.000,0.521,0.590,0.174
low-public-trust,Low Public Trust,rights-capture-winner,2,0.462,0.254,0.169,0.198,0.198,0.000,0.496,0.489,0.253,0.067,0.000,0.527,0.593,0.178
low-public-trust,Low Public Trust,rights-capture-winner,3,0.466,0.258,0.167,0.177,0.177,0.000,0.442,0.479,0.206,0.046,0.000,0.532,0.595,0.183
low-public-trust,Low Public Trust,rights-capture-winner,4,0.469,0.262,0.163,0.161,0.161,0.000,0.400,0.474,0.160,0.034,0.000,0.537,0.597,0.189
low-public-trust,Low Public Trust,rights-capture-winner,5,0.473,0.267,0.159,0.146,0.146,0.000,0.367,0.472,0.115,0.027,0.000,0.542,0.599,0.196
low-public-trust,Low Public Trust,rights-capture-winner,6,0.476,0.273,0.154,0.134,0.134,0.000,0.343,0.472,0.070,0.023,0.000,0.548,0.601,0.204
low-public-trust,Low Public Trust,rights-capture-winner,7,0.479,0.280,0.149,0.122,0.122,0.000,0.325,0.476,0.026,0.022,0.000,0.554,0.604,0.213
low-public-trust,Low Public Trust,rights-capture-winner,8,0.483,0.287,0.142,0.111,0.111,0.000,0.313,0.480,0.000,0.022,0.000,0.561,0.606,0.223
low-public-trust,Low Public Trust,rights-capture-winner,9,0.485,0.293,0.139,0.104,0.104,0.000,0.304,0.484,0.000,0.023,0.000,0.566,0.609,0.230
low-public-trust,Low Public Trust,rights-capture-winner,10,0.486,0.294,0.138,0.104,0.104,0.000,0.297,0.487,0.000,0.023,0.000,0.570,0.611,0.232
low-public-trust,Low Public Trust,rights-capture-winner,11,0.487,0.296,0.138,0.104,0.104,0.000,0.291,0.490,0.000,0.023,0.000,0.574,0.613,0.234
low-public-trust,Low Public Trust,rights-capture-winner,12,0.488,0.297,0.137,0.104,0.104,0.000,0.287,0.492,0.000,0.024,0.000,0.577,0.614,0.235
low-public-trust,Low Public Trust,rights-capture-winner,13,0.489,0.298,0.137,0.104,0.104,0.000,0.283,0.494,0.000,0.024,0.000,0.579,0.615,0.236
low-public-trust,Low Public Trust,rights-capture-winner,14,0.489,0.299,0.137,0.103,0.103,0.000,0.281,0.496,0.000,0.024,0.000,0.581,0.616,0.237
low-public-trust,Low Public Trust,rights-capture-winner,15,0.489,0.300,0.136,0.103,0.103,0.000,0.279,0.498,0.000,0.024,0.000,0.583,0.617,0.238
low-public-trust,Low Public Trust,rights-capture-winner,16,0.490,0.300,0.136,0.103,0.103,0.000,0.277,0.499,0.000,0.024,0.000,0.584,0.618,0.239
low-public-trust,Low Public Trust,rights-capture-winner,17,0.490,0.301,0.136,0.103,0.103,0.000,0.276,0.500,0.000,0.024,0.000,0.585,0.618,0.239
low-public-trust,Low Public Trust,rights-capture-winner,18,0.490,0.301,0.136,0.103,0.103,0.000,0.275,0.501,0.000,0.024,0.000,0.587,0.619,0.240
low-public-trust,Low Public Trust,rights-capture-winner,19,0.491,0.302,0.136,0.103,0.103,0.000,0.275,0.502,0.000,0.024,0.000,0.587,0.619,0.240
low-public-trust,Low Public Trust,rights-capture-winner,20,0.491,0.302,0.136,0.103,0.103,0.000,0.274,0.502,0.000,0.024,0.000,0.588,0.620,0.241
low-public-trust,Low Public Trust,rights-capture-winner,21,0.491,0.302,0.136,0.103,0.103,0.000,0.274,0.503,0.000,0.024,0.000,0.589,0.620,0.241
low-public-trust,Low Public Trust,rights-capture-winner,22,0.491,0.302,0.135,0.103,0.103,0.000,0.274,0.503,0.000,0.024,0.000,0.589,0.620,0.241
low-public-trust,Low Public Trust,rights-capture-winner,23,0.491,0.303,0.135,0.102,0.102,0.000,0.274,0.504,0.000,0.024,0.000,0.590,0.621,0.242
low-public-trust,Low Public Trust,rights-capture-winner,24,0.491,0.303,0.135,0.102,0.102,0.000,0.273,0.504,0.000,0.024,0.000,0.590,0.621,0.242
low-public-trust,Low Public Trust,legitimacy-winner,1,0.458,0.251,0.171,0.226,0.226,0.000,0.562,0.503,0.300,0.101,0.000,0.521,0.590,0.174
low-public-trust,Low Public Trust,legitimacy-winner,2,0.462,0.254,0.169,0.198,0.198,0.000,0.496,0.489,0.253,0.067,0.000,0.527,0.593,0.178
low-public-trust,Low Public Trust,legitimacy-winner,3,0.466,0.258,0.167,0.177,0.177,0.000,0.442,0.479,0.206,0.046,0.000,0.532,0.595,0.183
low-public-trust,Low Public Trust,legitimacy-winner,4,0.469,0.262,0.163,0.161,0.161,0.000,0.400,0.474,0.160,0.034,0.000,0.537,0.597,0.189
low-public-trust,Low Public Trust,legitimacy-winner,5,0.473,0.267,0.159,0.146,0.146,0.000,0.367,0.472,0.115,0.027,0.000,0.542,0.599,0.196
low-public-trust,Low Public Trust,legitimacy-winner,6,0.476,0.273,0.154,0.134,0.134,0.000,0.343,0.472,0.070,0.023,0.000,0.548,0.601,0.204
low-public-trust,Low Public Trust,legitimacy-winner,7,0.479,0.280,0.149,0.122,0.122,0.000,0.325,0.476,0.026,0.022,0.000,0.554,0.604,0.213
low-public-trust,Low Public Trust,legitimacy-winner,8,0.483,0.287,0.142,0.111,0.111,0.000,0.313,0.480,0.000,0.022,0.000,0.561,0.606,0.223
low-public-trust,Low Public Trust,legitimacy-winner,9,0.485,0.293,0.139,0.104,0.104,0.000,0.304,0.484,0.000,0.023,0.000,0.566,0.609,0.230
low-public-trust,Low Public Trust,legitimacy-winner,10,0.486,0.294,0.138,0.104,0.104,0.000,0.297,0.487,0.000,0.023,0.000,0.570,0.611,0.232
low-public-trust,Low Public Trust,legitimacy-winner,11,0.487,0.296,0.138,0.104,0.104,0.000,0.291,0.490,0.000,0.023,0.000,0.574,0.613,0.234
low-public-trust,Low Public Trust,legitimacy-winner,12,0.488,0.297,0.137,0.104,0.104,0.000,0.287,0.492,0.000,0.024,0.000,0.577,0.614,0.235
low-public-trust,Low Public Trust,legitimacy-winner,13,0.489,0.298,0.137,0.104,0.104,0.000,0.283,0.494,0.000,0.024,0.000,0.579,0.615,0.236
low-public-trust,Low Public Trust,legitimacy-winner,14,0.489,0.299,0.137,0.103,0.103,0.000,0.281,0.496,0.000,0.024,0.000,0.581,0.616,0.237
low-public-trust,Low Public Trust,legitimacy-winner,15,0.489,0.300,0.136,0.103,0.103,0.000,0.279,0.498,0.000,0.024,0.000,0.583,0.617,0.238
low-public-trust,Low Public Trust,legitimacy-winner,16,0.490,0.300,0.136,0.103,0.103,0.000,0.277,0.499,0.000,0.024,0.000,0.584,0.618,0.239
low-public-trust,Low Public Trust,legitimacy-winner,17,0.490,0.301,0.136,0.103,0.103,0.000,0.276,0.500,0.000,0.024,0.000,0.585,0.618,0.239
low-public-trust,Low Public Trust,legitimacy-winner,18,0.490,0.301,0.136,0.103,0.103,0.000,0.275,0.501,0.000,0.024,0.000,0.587,0.619,0.240
low-public-trust,Low Public Trust,legitimacy-winner,19,0.491,0.302,0.136,0.103,0.103,0.000,0.275,0.502,0.000,0.024,0.000,0.587,0.619,0.240
low-public-trust,Low Public Trust,legitimacy-winner,20,0.491,0.302,0.136,0.103,0.103,0.000,0.274,0.502,0.000,0.024,0.000,0.588,0.620,0.241
low-public-trust,Low Public Trust,legitimacy-winner,21,0.491,0.302,0.136,0.103,0.103,0.000,0.274,0.503,0.000,0.024,0.000,0.589,0.620,0.241
low-public-trust,Low Public Trust,legitimacy-winner,22,0.491,0.302,0.135,0.103,0.103,0.000,0.274,0.503,0.000,0.024,0.000,0.589,0.620,0.241
low-public-trust,Low Public Trust,legitimacy-winner,23,0.491,0.303,0.135,0.102,0.102,0.000,0.274,0.504,0.000,0.024,0.000,0.590,0.621,0.242
low-public-trust,Low Public Trust,legitimacy-winner,24,0.491,0.303,0.135,0.102,0.102,0.000,0.273,0.504,0.000,0.024,0.000,0.590,0.621,0.242
low-public-trust,Low Public Trust,efficiency-caution,1,0.553,0.288,0.241,0.315,0.217,0.098,0.501,0.474,0.355,0.212,0.000,0.463,0.561,0.155
low-public-trust,Low Public Trust,efficiency-caution,2,0.554,0.285,0.242,0.311,0.217,0.094,0.442,0.452,0.322,0.209,0.000,0.460,0.560,0.152
low-public-trust,Low Public Trust,efficiency-caution,3,0.555,0.283,0.242,0.305,0.217,0.089,0.395,0.436,0.291,0.205,0.000,0.458,0.559,0.152
low-public-trust,Low Public Trust,efficiency-caution,4,0.556,0.283,0.241,0.298,0.216,0.082,0.358,0.425,0.260,0.197,0.000,0.456,0.558,0.154
low-public-trust,Low Public Trust,efficiency-caution,5,0.557,0.284,0.239,0.289,0.216,0.073,0.329,0.417,0.230,0.187,0.000,0.455,0.558,0.158
low-public-trust,Low Public Trust,efficiency-caution,6,0.558,0.286,0.237,0.279,0.216,0.063,0.307,0.413,0.201,0.173,0.000,0.456,0.557,0.164
low-public-trust,Low Public Trust,efficiency-caution,7,0.560,0.290,0.233,0.267,0.216,0.051,0.291,0.413,0.171,0.156,0.000,0.457,0.558,0.172
low-public-trust,Low Public Trust,efficiency-caution,8,0.562,0.294,0.229,0.254,0.216,0.038,0.280,0.415,0.142,0.136,0.000,0.461,0.558,0.181
low-public-trust,Low Public Trust,efficiency-caution,9,0.564,0.299,0.225,0.239,0.217,0.023,0.274,0.419,0.113,0.112,0.000,0.466,0.560,0.192
low-public-trust,Low Public Trust,efficiency-caution,10,0.567,0.305,0.220,0.223,0.217,0.006,0.271,0.425,0.083,0.084,0.000,0.473,0.562,0.205
low-public-trust,Low Public Trust,efficiency-caution,11,0.570,0.312,0.215,0.204,0.204,0.000,0.271,0.433,0.053,0.063,0.000,0.480,0.565,0.216
low-public-trust,Low Public Trust,efficiency-caution,12,0.573,0.320,0.209,0.188,0.188,0.000,0.273,0.441,0.024,0.049,0.000,0.488,0.568,0.226
low-public-trust,Low Public Trust,efficiency-caution,13,0.577,0.328,0.203,0.175,0.175,0.000,0.277,0.449,0.000,0.041,0.000,0.497,0.571,0.236
low-public-trust,Low Public Trust,efficiency-caution,14,0.580,0.335,0.198,0.164,0.164,0.000,0.281,0.456,0.000,0.036,0.000,0.504,0.574,0.246
low-public-trust,Low Public Trust,efficiency-caution,15,0.582,0.338,0.197,0.162,0.162,0.000,0.284,0.461,0.000,0.033,0.000,0.511,0.577,0.249
low-public-trust,Low Public Trust,efficiency-caution,16,0.584,0.341,0.196,0.160,0.160,0.000,0.288,0.466,0.000,0.031,0.000,0.517,0.580,0.253
low-public-trust,Low Public Trust,efficiency-caution,17,0.585,0.344,0.196,0.159,0.159,0.000,0.291,0.470,0.000,0.030,0.000,0.523,0.583,0.256
low-public-trust,Low Public Trust,efficiency-caution,18,0.587,0.346,0.195,0.158,0.158,0.000,0.294,0.474,0.000,0.029,0.000,0.528,0.585,0.258
low-public-trust,Low Public Trust,efficiency-caution,19,0.588,0.348,0.195,0.157,0.157,0.000,0.297,0.477,0.000,0.028,0.000,0.532,0.587,0.260
low-public-trust,Low Public Trust,efficiency-caution,20,0.589,0.349,0.194,0.157,0.157,0.000,0.299,0.479,0.000,0.028,0.000,0.536,0.589,0.262
low-public-trust,Low Public Trust,efficiency-caution,21,0.590,0.351,0.194,0.157,0.157,0.000,0.302,0.481,0.000,0.027,0.000,0.540,0.590,0.264
low-public-trust,Low Public Trust,efficiency-caution,22,0.591,0.352,0.194,0.156,0.156,0.000,0.304,0.483,0.000,0.027,0.000,0.543,0.592,0.265
low-public-trust,Low Public Trust,efficiency-caution,23,0.592,0.353,0.194,0.156,0.156,0.000,0.306,0.485,0.000,0.027,0.000,0.546,0.593,0.266
low-public-trust,Low Public Trust,efficiency-caution,24,0.592,0.355,0.193,0.156,0.156,0.000,0.308,0.486,0.000,0.027,0.000,0.549,0.594,0.268
low-public-trust,Low Public Trust,current-system-baseline,1,0.277,0.126,0.132,0.245,0.245,0.000,0.443,0.425,0.566,0.108,0.000,0.411,0.577,0.066
low-public-trust,Low Public Trust,current-system-baseline,2,0.277,0.121,0.136,0.220,0.220,0.000,0.367,0.388,0.553,0.061,0.000,0.405,0.575,0.060
low-public-trust,Low Public Trust,current-system-baseline,3,0.277,0.117,0.139,0.204,0.204,0.000,0.303,0.356,0.543,0.031,0.000,0.397,0.573,0.054
low-public-trust,Low Public Trust,current-system-baseline,4,0.276,0.113,0.142,0.194,0.194,0.000,0.248,0.329,0.535,0.012,0.000,0.389,0.570,0.049
low-public-trust,Low Public Trust,current-system-baseline,5,0.275,0.109,0.144,0.187,0.187,0.000,0.203,0.306,0.528,0.000,0.000,0.380,0.566,0.045
low-public-trust,Low Public Trust,current-system-baseline,6,0.274,0.106,0.146,0.184,0.184,0.000,0.165,0.286,0.523,0.000,0.000,0.370,0.563,0.041
low-public-trust,Low Public Trust,current-system-baseline,7,0.273,0.103,0.147,0.184,0.184,0.000,0.133,0.269,0.519,0.000,0.000,0.361,0.559,0.037
low-public-trust,Low Public Trust,current-system-baseline,8,0.272,0.101,0.148,0.184,0.184,0.000,0.106,0.255,0.516,0.000,0.000,0.352,0.555,0.034
low-public-trust,Low Public Trust,current-system-baseline,9,0.271,0.099,0.149,0.184,0.184,0.000,0.084,0.244,0.514,0.000,0.000,0.343,0.551,0.032
low-public-trust,Low Public Trust,current-system-baseline,10,0.270,0.097,0.149,0.184,0.184,0.000,0.066,0.233,0.512,0.000,0.000,0.335,0.548,0.030
low-public-trust,Low Public Trust,current-system-baseline,11,0.269,0.095,0.150,0.184,0.184,0.000,0.050,0.225,0.511,0.000,0.000,0.327,0.544,0.028
low-public-trust,Low Public Trust,current-system-baseline,12,0.268,0.094,0.150,0.184,0.184,0.000,0.037,0.217,0.511,0.000,0.000,0.320,0.541,0.026
low-public-trust,Low Public Trust,current-system-baseline,13,0.267,0.092,0.150,0.184,0.184,0.000,0.027,0.211,0.511,0.000,0.000,0.313,0.538,0.024
low-public-trust,Low Public Trust,current-system-baseline,14,0.266,0.091,0.151,0.184,0.184,0.000,0.017,0.205,0.512,0.000,0.000,0.306,0.535,0.023
low-public-trust,Low Public Trust,current-system-baseline,15,0.265,0.090,0.151,0.185,0.185,0.000,0.010,0.201,0.513,0.000,0.000,0.300,0.533,0.022
low-public-trust,Low Public Trust,current-system-baseline,16,0.265,0.089,0.151,0.185,0.185,0.000,0.003,0.196,0.514,0.000,0.000,0.294,0.530,0.021
low-public-trust,Low Public Trust,current-system-baseline,17,0.264,0.088,0.151,0.185,0.185,0.000,0.000,0.193,0.515,0.000,0.000,0.289,0.528,0.020
low-public-trust,Low Public Trust,current-system-baseline,18,0.263,0.087,0.151,0.185,0.185,0.000,0.000,0.189,0.517,0.000,0.000,0.284,0.526,0.019
low-public-trust,Low Public Trust,current-system-baseline,19,0.262,0.086,0.151,0.186,0.186,0.000,0.000,0.186,0.520,0.000,0.000,0.280,0.524,0.018
low-public-trust,Low Public Trust,current-system-baseline,20,0.261,0.085,0.151,0.186,0.186,0.000,0.000,0.184,0.522,0.000,0.000,0.276,0.522,0.017
low-public-trust,Low Public Trust,current-system-baseline,21,0.261,0.084,0.151,0.187,0.187,0.000,0.000,0.181,0.524,0.000,0.000,0.273,0.521,0.016
low-public-trust,Low Public Trust,current-system-baseline,22,0.260,0.084,0.152,0.187,0.187,0.000,0.000,0.179,0.527,0.000,0.000,0.269,0.519,0.015
low-public-trust,Low Public Trust,current-system-baseline,23,0.260,0.083,0.152,0.188,0.188,0.000,0.000,0.176,0.530,0.000,0.000,0.267,0.518,0.015
low-public-trust,Low Public Trust,current-system-baseline,24,0.259,0.082,0.152,0.188,0.188,0.000,0.000,0.174,0.533,0.000,0.000,0.264,0.517,0.014
high-rights-threat,High Rights-Threat Environment,balanced-winner,1,0.575,0.325,0.261,0.456,0.235,0.221,0.553,0.505,0.307,0.257,0.000,0.608,0.668,0.128
high-rights-threat,High Rights-Threat Environment,balanced-winner,2,0.576,0.323,0.261,0.485,0.235,0.251,0.487,0.481,0.263,0.338,0.000,0.602,0.666,0.119
high-rights-threat,High Rights-Threat Environment,balanced-winner,3,0.577,0.322,0.259,0.509,0.235,0.275,0.435,0.463,0.220,0.410,0.000,0.595,0.663,0.113
high-rights-threat,High Rights-Threat Environment,balanced-winner,4,0.577,0.322,0.255,0.527,0.234,0.293,0.394,0.450,0.179,0.471,0.000,0.588,0.659,0.110
high-rights-threat,High Rights-Threat Environment,balanced-winner,5,0.577,0.323,0.251,0.540,0.234,0.306,0.363,0.440,0.139,0.521,0.000,0.581,0.656,0.111
high-rights-threat,High Rights-Threat Environment,balanced-winner,6,0.578,0.325,0.245,0.547,0.233,0.314,0.340,0.435,0.099,0.560,0.000,0.575,0.653,0.114
high-rights-threat,High Rights-Threat Environment,balanced-winner,7,0.578,0.328,0.239,0.548,0.233,0.316,0.324,0.433,0.060,0.588,0.000,0.571,0.651,0.120
high-rights-threat,High Rights-Threat Environment,balanced-winner,8,0.579,0.332,0.232,0.544,0.232,0.312,0.315,0.434,0.022,0.604,0.000,0.569,0.649,0.129
high-rights-threat,High Rights-Threat Environment,balanced-winner,9,0.581,0.337,0.224,0.535,0.232,0.302,0.309,0.437,0.000,0.608,0.000,0.568,0.648,0.141
high-rights-threat,High Rights-Threat Environment,balanced-winner,10,0.582,0.341,0.219,0.526,0.232,0.294,0.306,0.439,0.000,0.606,0.000,0.567,0.647,0.149
high-rights-threat,High Rights-Threat Environment,balanced-winner,11,0.581,0.342,0.218,0.524,0.232,0.292,0.304,0.442,0.000,0.603,0.000,0.567,0.647,0.151
high-rights-threat,High Rights-Threat Environment,balanced-winner,12,0.581,0.342,0.217,0.522,0.232,0.290,0.302,0.444,0.000,0.599,0.000,0.566,0.647,0.152
high-rights-threat,High Rights-Threat Environment,balanced-winner,13,0.581,0.343,0.217,0.520,0.232,0.287,0.301,0.446,0.000,0.595,0.000,0.566,0.647,0.154
high-rights-threat,High Rights-Threat Environment,balanced-winner,14,0.581,0.343,0.216,0.517,0.232,0.285,0.300,0.448,0.000,0.591,0.000,0.566,0.647,0.155
high-rights-threat,High Rights-Threat Environment,balanced-winner,15,0.581,0.344,0.216,0.515,0.232,0.282,0.300,0.449,0.000,0.586,0.000,0.566,0.646,0.157
high-rights-threat,High Rights-Threat Environment,balanced-winner,16,0.581,0.344,0.215,0.512,0.232,0.280,0.299,0.451,0.000,0.581,0.000,0.566,0.646,0.158
high-rights-threat,High Rights-Threat Environment,balanced-winner,17,0.581,0.345,0.215,0.509,0.232,0.277,0.299,0.452,0.000,0.576,0.000,0.566,0.647,0.159
high-rights-threat,High Rights-Threat Environment,balanced-winner,18,0.581,0.345,0.214,0.507,0.232,0.275,0.299,0.454,0.000,0.571,0.000,0.567,0.647,0.161
high-rights-threat,High Rights-Threat Environment,balanced-winner,19,0.581,0.345,0.214,0.504,0.232,0.272,0.299,0.455,0.000,0.565,0.000,0.567,0.647,0.162
high-rights-threat,High Rights-Threat Environment,balanced-winner,20,0.581,0.346,0.214,0.502,0.232,0.269,0.300,0.456,0.000,0.560,0.000,0.568,0.647,0.163
high-rights-threat,High Rights-Threat Environment,balanced-winner,21,0.581,0.346,0.213,0.499,0.232,0.267,0.300,0.457,0.000,0.555,0.000,0.568,0.647,0.164
high-rights-threat,High Rights-Threat Environment,balanced-winner,22,0.582,0.347,0.213,0.496,0.232,0.264,0.300,0.458,0.000,0.549,0.000,0.569,0.647,0.166
high-rights-threat,High Rights-Threat Environment,balanced-winner,23,0.582,0.347,0.213,0.494,0.232,0.262,0.301,0.459,0.000,0.544,0.000,0.570,0.648,0.167
high-rights-threat,High Rights-Threat Environment,balanced-winner,24,0.582,0.347,0.213,0.491,0.232,0.259,0.301,0.460,0.000,0.539,0.000,0.570,0.648,0.168
high-rights-threat,High Rights-Threat Environment,robustness-winner,1,0.489,0.273,0.219,0.395,0.264,0.131,0.559,0.498,0.287,0.186,0.000,0.619,0.704,0.121
high-rights-threat,High Rights-Threat Environment,robustness-winner,2,0.492,0.275,0.216,0.393,0.264,0.129,0.492,0.483,0.231,0.204,0.000,0.621,0.705,0.126
high-rights-threat,High Rights-Threat Environment,robustness-winner,3,0.496,0.279,0.211,0.384,0.264,0.120,0.442,0.474,0.174,0.211,0.000,0.624,0.706,0.135
high-rights-threat,High Rights-Threat Environment,robustness-winner,4,0.499,0.285,0.205,0.369,0.264,0.105,0.404,0.471,0.119,0.205,0.000,0.627,0.707,0.148
high-rights-threat,High Rights-Threat Environment,robustness-winner,5,0.502,0.292,0.197,0.347,0.265,0.083,0.378,0.473,0.063,0.188,0.000,0.633,0.709,0.165
high-rights-threat,High Rights-Threat Environment,robustness-winner,6,0.506,0.301,0.188,0.319,0.265,0.054,0.362,0.480,0.007,0.157,0.000,0.641,0.711,0.186
high-rights-threat,High Rights-Threat Environment,robustness-winner,7,0.511,0.311,0.178,0.283,0.266,0.017,0.352,0.488,0.000,0.112,0.000,0.649,0.715,0.211
high-rights-threat,High Rights-Threat Environment,robustness-winner,8,0.513,0.315,0.175,0.260,0.260,0.000,0.344,0.496,0.000,0.071,0.000,0.657,0.719,0.221
high-rights-threat,High Rights-Threat Environment,robustness-winner,9,0.515,0.319,0.174,0.241,0.241,0.000,0.337,0.501,0.000,0.044,0.000,0.664,0.722,0.225
high-rights-threat,High Rights-Threat Environment,robustness-winner,10,0.516,0.321,0.173,0.228,0.228,0.000,0.331,0.506,0.000,0.028,0.000,0.670,0.726,0.228
high-rights-threat,High Rights-Threat Environment,robustness-winner,11,0.517,0.323,0.172,0.220,0.220,0.000,0.326,0.509,0.000,0.017,0.000,0.675,0.728,0.230
high-rights-threat,High Rights-Threat Environment,robustness-winner,12,0.518,0.325,0.171,0.215,0.215,0.000,0.321,0.512,0.000,0.010,0.000,0.679,0.730,0.233
high-rights-threat,High Rights-Threat Environment,robustness-winner,13,0.519,0.326,0.171,0.212,0.212,0.000,0.318,0.515,0.000,0.006,0.000,0.683,0.732,0.234
high-rights-threat,High Rights-Threat Environment,robustness-winner,14,0.520,0.328,0.170,0.209,0.209,0.000,0.315,0.517,0.000,0.003,0.000,0.686,0.734,0.236
high-rights-threat,High Rights-Threat Environment,robustness-winner,15,0.520,0.329,0.170,0.208,0.208,0.000,0.313,0.519,0.000,0.002,0.000,0.689,0.735,0.237
high-rights-threat,High Rights-Threat Environment,robustness-winner,16,0.521,0.330,0.170,0.207,0.207,0.000,0.311,0.520,0.000,0.000,0.000,0.691,0.737,0.238
high-rights-threat,High Rights-Threat Environment,robustness-winner,17,0.521,0.330,0.169,0.206,0.206,0.000,0.310,0.521,0.000,0.000,0.000,0.693,0.738,0.239
high-rights-threat,High Rights-Threat Environment,robustness-winner,18,0.522,0.331,0.169,0.206,0.206,0.000,0.309,0.523,0.000,0.000,0.000,0.694,0.738,0.240
high-rights-threat,High Rights-Threat Environment,robustness-winner,19,0.522,0.331,0.169,0.205,0.205,0.000,0.308,0.523,0.000,0.000,0.000,0.696,0.739,0.240
high-rights-threat,High Rights-Threat Environment,robustness-winner,20,0.522,0.332,0.169,0.205,0.205,0.000,0.308,0.524,0.000,0.000,0.000,0.697,0.740,0.241
high-rights-threat,High Rights-Threat Environment,robustness-winner,21,0.523,0.332,0.169,0.205,0.205,0.000,0.308,0.525,0.000,0.000,0.000,0.698,0.740,0.241
high-rights-threat,High Rights-Threat Environment,robustness-winner,22,0.523,0.333,0.169,0.205,0.205,0.000,0.308,0.525,0.000,0.000,0.000,0.699,0.741,0.242
high-rights-threat,High Rights-Threat Environment,robustness-winner,23,0.523,0.333,0.169,0.205,0.205,0.000,0.307,0.526,0.000,0.000,0.000,0.700,0.741,0.242
high-rights-threat,High Rights-Threat Environment,robustness-winner,24,0.523,0.333,0.168,0.205,0.205,0.000,0.307,0.526,0.000,0.000,0.000,0.701,0.742,0.242
high-rights-threat,High Rights-Threat Environment,minimax-regret-winner,1,0.568,0.309,0.284,0.519,0.219,0.300,0.513,0.477,0.304,0.336,0.000,0.578,0.661,0.081
high-rights-threat,High Rights-Threat Environment,minimax-regret-winner,2,0.568,0.306,0.283,0.565,0.219,0.346,0.448,0.451,0.258,0.457,0.000,0.567,0.658,0.067
high-rights-threat,High Rights-Threat Environment,minimax-regret-winner,3,0.568,0.304,0.281,0.605,0.218,0.387,0.396,0.431,0.215,0.565,0.000,0.555,0.653,0.055
high-rights-threat,High Rights-Threat Environment,minimax-regret-winner,4,0.567,0.303,0.278,0.638,0.217,0.421,0.355,0.415,0.172,0.662,0.000,0.543,0.647,0.047
high-rights-threat,High Rights-Threat Environment,minimax-regret-winner,5,0.566,0.302,0.273,0.665,0.217,0.449,0.323,0.403,0.132,0.745,0.000,0.531,0.642,0.042
high-rights-threat,High Rights-Threat Environment,minimax-regret-winner,6,0.566,0.303,0.268,0.686,0.216,0.470,0.299,0.394,0.092,0.816,0.000,0.521,0.637,0.040
high-rights-threat,High Rights-Threat Environment,minimax-regret-winner,7,0.565,0.304,0.262,0.701,0.215,0.486,0.283,0.389,0.054,0.875,0.000,0.511,0.632,0.041
high-rights-threat,High Rights-Threat Environment,minimax-regret-winner,8,0.565,0.306,0.256,0.710,0.215,0.496,0.271,0.386,0.016,0.921,0.000,0.503,0.627,0.044
high-rights-threat,High Rights-Threat Environment,minimax-regret-winner,9,0.565,0.309,0.249,0.714,0.214,0.500,0.264,0.385,0.000,0.955,0.000,0.497,0.624,0.050
high-rights-threat,High Rights-Threat Environment,minimax-regret-winner,10,0.564,0.310,0.245,0.721,0.214,0.507,0.259,0.384,0.000,0.983,0.000,0.490,0.621,0.051
high-rights-threat,High Rights-Threat Environment,minimax-regret-winner,11,0.562,0.309,0.245,0.732,0.213,0.519,0.254,0.383,0.000,1.000,0.000,0.484,0.618,0.047
high-rights-threat,High Rights-Threat Environment,minimax-regret-winner,12,0.561,0.307,0.245,0.739,0.213,0.526,0.250,0.381,0.000,1.000,0.000,0.477,0.615,0.043
high-rights-threat,High Rights-Threat Environment,minimax-regret-winner,13,0.559,0.305,0.245,0.739,0.212,0.526,0.247,0.380,0.000,1.000,0.000,0.472,0.612,0.042
high-rights-threat,High Rights-Threat Environment,minimax-regret-winner,14,0.558,0.304,0.244,0.739,0.212,0.526,0.243,0.378,0.000,1.000,0.000,0.466,0.610,0.040
high-rights-threat,High Rights-Threat Environment,minimax-regret-winner,15,0.557,0.303,0.244,0.738,0.212,0.526,0.240,0.377,0.000,1.000,0.000,0.462,0.607,0.039
high-rights-threat,High Rights-Threat Environment,minimax-regret-winner,16,0.555,0.302,0.244,0.738,0.212,0.526,0.238,0.376,0.000,1.000,0.000,0.457,0.605,0.038
high-rights-threat,High Rights-Threat Environment,minimax-regret-winner,17,0.554,0.301,0.244,0.738,0.211,0.526,0.236,0.376,0.000,1.000,0.000,0.454,0.603,0.037
high-rights-threat,High Rights-Threat Environment,minimax-regret-winner,18,0.553,0.300,0.244,0.738,0.211,0.526,0.234,0.375,0.000,1.000,0.000,0.450,0.601,0.036
high-rights-threat,High Rights-Threat Environment,minimax-regret-winner,19,0.553,0.299,0.243,0.737,0.211,0.526,0.232,0.374,0.000,1.000,0.000,0.447,0.600,0.036
high-rights-threat,High Rights-Threat Environment,minimax-regret-winner,20,0.552,0.298,0.243,0.737,0.211,0.526,0.230,0.374,0.000,1.000,0.000,0.444,0.599,0.035
high-rights-threat,High Rights-Threat Environment,minimax-regret-winner,21,0.551,0.297,0.243,0.737,0.210,0.526,0.229,0.373,0.000,1.000,0.000,0.442,0.597,0.035
high-rights-threat,High Rights-Threat Environment,minimax-regret-winner,22,0.551,0.297,0.243,0.737,0.210,0.526,0.227,0.373,0.000,1.000,0.000,0.439,0.596,0.034
high-rights-threat,High Rights-Threat Environment,minimax-regret-winner,23,0.550,0.296,0.243,0.737,0.210,0.526,0.226,0.372,0.000,1.000,0.000,0.437,0.595,0.034
high-rights-threat,High Rights-Threat Environment,minimax-regret-winner,24,0.550,0.296,0.243,0.736,0.210,0.526,0.225,0.372,0.000,1.000,0.000,0.435,0.594,0.033
high-rights-threat,High Rights-Threat Environment,rights-capture-winner,1,0.502,0.280,0.224,0.400,0.264,0.136,0.560,0.500,0.294,0.188,0.000,0.628,0.706,0.125
high-rights-threat,High Rights-Threat Environment,rights-capture-winner,2,0.505,0.282,0.222,0.400,0.264,0.136,0.494,0.483,0.240,0.210,0.000,0.629,0.707,0.129
high-rights-threat,High Rights-Threat Environment,rights-capture-winner,3,0.508,0.286,0.217,0.394,0.264,0.130,0.443,0.473,0.186,0.222,0.000,0.630,0.707,0.136
high-rights-threat,High Rights-Threat Environment,rights-capture-winner,4,0.511,0.291,0.211,0.382,0.264,0.118,0.405,0.469,0.132,0.222,0.000,0.632,0.708,0.147
high-rights-threat,High Rights-Threat Environment,rights-capture-winner,5,0.514,0.297,0.204,0.364,0.265,0.099,0.378,0.469,0.079,0.211,0.000,0.636,0.709,0.163
high-rights-threat,High Rights-Threat Environment,rights-capture-winner,6,0.517,0.305,0.195,0.339,0.265,0.074,0.361,0.475,0.026,0.186,0.000,0.642,0.710,0.181
high-rights-threat,High Rights-Threat Environment,rights-capture-winner,7,0.521,0.315,0.185,0.307,0.265,0.041,0.351,0.482,0.000,0.148,0.000,0.650,0.713,0.204
high-rights-threat,High Rights-Threat Environment,rights-capture-winner,8,0.524,0.321,0.179,0.279,0.266,0.013,0.344,0.490,0.000,0.104,0.000,0.658,0.717,0.221
high-rights-threat,High Rights-Threat Environment,rights-capture-winner,9,0.526,0.325,0.178,0.259,0.259,0.000,0.339,0.497,0.000,0.065,0.000,0.666,0.720,0.229
high-rights-threat,High Rights-Threat Environment,rights-capture-winner,10,0.527,0.328,0.176,0.241,0.241,0.000,0.334,0.503,0.000,0.041,0.000,0.672,0.724,0.232
high-rights-threat,High Rights-Threat Environment,rights-capture-winner,11,0.529,0.330,0.175,0.230,0.230,0.000,0.330,0.507,0.000,0.026,0.000,0.678,0.727,0.235
high-rights-threat,High Rights-Threat Environment,rights-capture-winner,12,0.530,0.332,0.174,0.222,0.222,0.000,0.326,0.510,0.000,0.016,0.000,0.682,0.729,0.238
high-rights-threat,High Rights-Threat Environment,rights-capture-winner,13,0.531,0.334,0.174,0.217,0.217,0.000,0.323,0.513,0.000,0.010,0.000,0.686,0.731,0.240
high-rights-threat,High Rights-Threat Environment,rights-capture-winner,14,0.532,0.335,0.173,0.214,0.214,0.000,0.321,0.516,0.000,0.006,0.000,0.690,0.733,0.242
high-rights-threat,High Rights-Threat Environment,rights-capture-winner,15,0.533,0.336,0.173,0.212,0.212,0.000,0.319,0.518,0.000,0.003,0.000,0.693,0.735,0.243
high-rights-threat,High Rights-Threat Environment,rights-capture-winner,16,0.533,0.338,0.173,0.210,0.210,0.000,0.318,0.519,0.000,0.002,0.000,0.695,0.736,0.244
high-rights-threat,High Rights-Threat Environment,rights-capture-winner,17,0.534,0.338,0.172,0.209,0.209,0.000,0.317,0.521,0.000,0.001,0.000,0.698,0.737,0.245
high-rights-threat,High Rights-Threat Environment,rights-capture-winner,18,0.534,0.339,0.172,0.209,0.209,0.000,0.316,0.522,0.000,0.000,0.000,0.700,0.738,0.246
high-rights-threat,High Rights-Threat Environment,rights-capture-winner,19,0.535,0.340,0.172,0.208,0.208,0.000,0.315,0.523,0.000,0.000,0.000,0.701,0.739,0.247
high-rights-threat,High Rights-Threat Environment,rights-capture-winner,20,0.535,0.340,0.172,0.208,0.208,0.000,0.315,0.524,0.000,0.000,0.000,0.703,0.740,0.248
high-rights-threat,High Rights-Threat Environment,rights-capture-winner,21,0.535,0.341,0.172,0.208,0.208,0.000,0.315,0.525,0.000,0.000,0.000,0.704,0.740,0.248
high-rights-threat,High Rights-Threat Environment,rights-capture-winner,22,0.536,0.341,0.172,0.208,0.208,0.000,0.315,0.525,0.000,0.000,0.000,0.705,0.741,0.249
high-rights-threat,High Rights-Threat Environment,rights-capture-winner,23,0.536,0.342,0.171,0.208,0.208,0.000,0.315,0.526,0.000,0.000,0.000,0.706,0.742,0.249
high-rights-threat,High Rights-Threat Environment,rights-capture-winner,24,0.536,0.342,0.171,0.207,0.207,0.000,0.315,0.526,0.000,0.000,0.000,0.707,0.742,0.249
high-rights-threat,High Rights-Threat Environment,legitimacy-winner,1,0.502,0.280,0.224,0.400,0.264,0.136,0.560,0.500,0.294,0.188,0.000,0.628,0.706,0.125
high-rights-threat,High Rights-Threat Environment,legitimacy-winner,2,0.505,0.282,0.222,0.400,0.264,0.136,0.494,0.483,0.240,0.210,0.000,0.629,0.707,0.129
high-rights-threat,High Rights-Threat Environment,legitimacy-winner,3,0.508,0.286,0.217,0.394,0.264,0.130,0.443,0.473,0.186,0.222,0.000,0.630,0.707,0.136
high-rights-threat,High Rights-Threat Environment,legitimacy-winner,4,0.511,0.291,0.211,0.382,0.264,0.118,0.405,0.469,0.132,0.222,0.000,0.632,0.708,0.147
high-rights-threat,High Rights-Threat Environment,legitimacy-winner,5,0.514,0.297,0.204,0.364,0.265,0.099,0.378,0.469,0.079,0.211,0.000,0.636,0.709,0.163
high-rights-threat,High Rights-Threat Environment,legitimacy-winner,6,0.517,0.305,0.195,0.339,0.265,0.074,0.361,0.475,0.026,0.186,0.000,0.642,0.710,0.181
high-rights-threat,High Rights-Threat Environment,legitimacy-winner,7,0.521,0.315,0.185,0.307,0.265,0.041,0.351,0.482,0.000,0.148,0.000,0.650,0.713,0.204
high-rights-threat,High Rights-Threat Environment,legitimacy-winner,8,0.524,0.321,0.179,0.279,0.266,0.013,0.344,0.490,0.000,0.104,0.000,0.658,0.717,0.221
high-rights-threat,High Rights-Threat Environment,legitimacy-winner,9,0.526,0.325,0.178,0.259,0.259,0.000,0.339,0.497,0.000,0.065,0.000,0.666,0.720,0.229
high-rights-threat,High Rights-Threat Environment,legitimacy-winner,10,0.527,0.328,0.176,0.241,0.241,0.000,0.334,0.503,0.000,0.041,0.000,0.672,0.724,0.232
high-rights-threat,High Rights-Threat Environment,legitimacy-winner,11,0.529,0.330,0.175,0.230,0.230,0.000,0.330,0.507,0.000,0.026,0.000,0.678,0.727,0.235
high-rights-threat,High Rights-Threat Environment,legitimacy-winner,12,0.530,0.332,0.174,0.222,0.222,0.000,0.326,0.510,0.000,0.016,0.000,0.682,0.729,0.238
high-rights-threat,High Rights-Threat Environment,legitimacy-winner,13,0.531,0.334,0.174,0.217,0.217,0.000,0.323,0.513,0.000,0.010,0.000,0.686,0.731,0.240
high-rights-threat,High Rights-Threat Environment,legitimacy-winner,14,0.532,0.335,0.173,0.214,0.214,0.000,0.321,0.516,0.000,0.006,0.000,0.690,0.733,0.242
high-rights-threat,High Rights-Threat Environment,legitimacy-winner,15,0.533,0.336,0.173,0.212,0.212,0.000,0.319,0.518,0.000,0.003,0.000,0.693,0.735,0.243
high-rights-threat,High Rights-Threat Environment,legitimacy-winner,16,0.533,0.338,0.173,0.210,0.210,0.000,0.318,0.519,0.000,0.002,0.000,0.695,0.736,0.244
high-rights-threat,High Rights-Threat Environment,legitimacy-winner,17,0.534,0.338,0.172,0.209,0.209,0.000,0.317,0.521,0.000,0.001,0.000,0.698,0.737,0.245
high-rights-threat,High Rights-Threat Environment,legitimacy-winner,18,0.534,0.339,0.172,0.209,0.209,0.000,0.316,0.522,0.000,0.000,0.000,0.700,0.738,0.246
high-rights-threat,High Rights-Threat Environment,legitimacy-winner,19,0.535,0.340,0.172,0.208,0.208,0.000,0.315,0.523,0.000,0.000,0.000,0.701,0.739,0.247
high-rights-threat,High Rights-Threat Environment,legitimacy-winner,20,0.535,0.340,0.172,0.208,0.208,0.000,0.315,0.524,0.000,0.000,0.000,0.703,0.740,0.248
high-rights-threat,High Rights-Threat Environment,legitimacy-winner,21,0.535,0.341,0.172,0.208,0.208,0.000,0.315,0.525,0.000,0.000,0.000,0.704,0.740,0.248
high-rights-threat,High Rights-Threat Environment,legitimacy-winner,22,0.536,0.341,0.172,0.208,0.208,0.000,0.315,0.525,0.000,0.000,0.000,0.705,0.741,0.249
high-rights-threat,High Rights-Threat Environment,legitimacy-winner,23,0.536,0.342,0.171,0.208,0.208,0.000,0.315,0.526,0.000,0.000,0.000,0.706,0.742,0.249
high-rights-threat,High Rights-Threat Environment,legitimacy-winner,24,0.536,0.342,0.171,0.207,0.207,0.000,0.315,0.526,0.000,0.000,0.000,0.707,0.742,0.249
high-rights-threat,High Rights-Threat Environment,efficiency-caution,1,0.603,0.320,0.315,0.575,0.223,0.352,0.492,0.464,0.352,0.377,0.000,0.554,0.670,0.062
high-rights-threat,High Rights-Threat Environment,efficiency-caution,2,0.602,0.313,0.318,0.641,0.222,0.419,0.425,0.432,0.317,0.534,0.000,0.539,0.664,0.036
high-rights-threat,High Rights-Threat Environment,efficiency-caution,3,0.599,0.306,0.319,0.702,0.221,0.480,0.370,0.403,0.285,0.681,0.000,0.521,0.657,0.013
high-rights-threat,High Rights-Threat Environment,efficiency-caution,4,0.596,0.299,0.319,0.758,0.220,0.537,0.325,0.379,0.254,0.818,0.000,0.502,0.649,-0.007
high-rights-threat,High Rights-Threat Environment,efficiency-caution,5,0.593,0.294,0.318,0.809,0.219,0.590,0.288,0.358,0.226,0.946,0.000,0.482,0.640,-0.026
high-rights-threat,High Rights-Threat Environment,efficiency-caution,6,0.589,0.288,0.316,0.855,0.218,0.637,0.258,0.339,0.199,1.000,0.000,0.462,0.631,-0.042
high-rights-threat,High Rights-Threat Environment,efficiency-caution,7,0.585,0.284,0.314,0.870,0.217,0.653,0.234,0.325,0.174,1.000,0.000,0.443,0.622,-0.049
high-rights-threat,High Rights-Threat Environment,efficiency-caution,8,0.582,0.280,0.311,0.862,0.215,0.646,0.214,0.314,0.150,1.000,0.000,0.428,0.614,-0.050
high-rights-threat,High Rights-Threat Environment,efficiency-caution,9,0.579,0.278,0.308,0.853,0.214,0.639,0.199,0.306,0.128,1.000,0.000,0.414,0.607,-0.048
high-rights-threat,High Rights-Threat Environment,efficiency-caution,10,0.577,0.276,0.304,0.844,0.214,0.631,0.188,0.302,0.107,1.000,0.000,0.404,0.601,-0.046
high-rights-threat,High Rights-Threat Environment,efficiency-caution,11,0.575,0.276,0.300,0.835,0.213,0.622,0.180,0.300,0.086,1.000,0.000,0.395,0.596,-0.042
high-rights-threat,High Rights-Threat Environment,efficiency-caution,12,0.574,0.277,0.296,0.826,0.212,0.613,0.175,0.299,0.067,1.000,0.000,0.388,0.592,-0.036
high-rights-threat,High Rights-Threat Environment,efficiency-caution,13,0.573,0.278,0.292,0.816,0.212,0.604,0.172,0.301,0.047,1.000,0.000,0.383,0.589,-0.030
high-rights-threat,High Rights-Threat Environment,efficiency-caution,14,0.573,0.281,0.287,0.807,0.212,0.595,0.171,0.304,0.028,1.000,0.000,0.380,0.587,-0.023
high-rights-threat,High Rights-Threat Environment,efficiency-caution,15,0.573,0.284,0.282,0.797,0.212,0.586,0.173,0.308,0.008,1.000,0.000,0.379,0.586,-0.015
high-rights-threat,High Rights-Threat Environment,efficiency-caution,16,0.574,0.287,0.277,0.787,0.211,0.576,0.176,0.313,0.000,1.000,0.000,0.379,0.585,-0.007
high-rights-threat,High Rights-Threat Environment,efficiency-caution,17,0.574,0.290,0.275,0.782,0.211,0.570,0.179,0.317,0.000,1.000,0.000,0.379,0.585,-0.001
high-rights-threat,High Rights-Threat Environment,efficiency-caution,18,0.574,0.291,0.273,0.780,0.211,0.569,0.182,0.321,0.000,1.000,0.000,0.380,0.585,0.001
high-rights-threat,High Rights-Threat Environment,efficiency-caution,19,0.574,0.292,0.272,0.779,0.211,0.567,0.184,0.324,0.000,1.000,0.000,0.380,0.585,0.003
high-rights-threat,High Rights-Threat Environment,efficiency-caution,20,0.574,0.293,0.271,0.778,0.211,0.566,0.187,0.327,0.000,1.000,0.000,0.381,0.586,0.005
high-rights-threat,High Rights-Threat Environment,efficiency-caution,21,0.575,0.294,0.271,0.777,0.212,0.565,0.189,0.330,0.000,1.000,0.000,0.381,0.586,0.006
high-rights-threat,High Rights-Threat Environment,efficiency-caution,22,0.575,0.294,0.270,0.776,0.212,0.564,0.191,0.332,0.000,1.000,0.000,0.382,0.586,0.007
high-rights-threat,High Rights-Threat Environment,efficiency-caution,23,0.575,0.295,0.269,0.775,0.212,0.563,0.193,0.334,0.000,1.000,0.000,0.383,0.586,0.009
high-rights-threat,High Rights-Threat Environment,efficiency-caution,24,0.575,0.296,0.269,0.774,0.212,0.563,0.195,0.336,0.000,1.000,0.000,0.384,0.587,0.010
high-rights-threat,High Rights-Threat Environment,current-system-baseline,1,0.302,0.140,0.173,0.396,0.266,0.131,0.439,0.421,0.564,0.191,0.000,0.499,0.682,0.013
high-rights-threat,High Rights-Threat Environment,current-system-baseline,2,0.302,0.134,0.179,0.404,0.265,0.139,0.361,0.380,0.548,0.204,0.000,0.489,0.679,0.003
high-rights-threat,High Rights-Threat Environment,current-system-baseline,3,0.301,0.129,0.183,0.412,0.264,0.148,0.296,0.346,0.535,0.219,0.000,0.478,0.674,-0.007
high-rights-threat,High Rights-Threat Environment,current-system-baseline,4,0.300,0.124,0.186,0.420,0.263,0.157,0.242,0.317,0.524,0.236,0.000,0.466,0.669,-0.015
high-rights-threat,High Rights-Threat Environment,current-system-baseline,5,0.299,0.120,0.189,0.428,0.263,0.166,0.197,0.292,0.514,0.254,0.000,0.454,0.664,-0.023
high-rights-threat,High Rights-Threat Environment,current-system-baseline,6,0.298,0.117,0.190,0.436,0.262,0.175,0.159,0.271,0.506,0.272,0.000,0.441,0.658,-0.030
high-rights-threat,High Rights-Threat Environment,current-system-baseline,7,0.297,0.113,0.192,0.444,0.261,0.184,0.128,0.253,0.499,0.291,0.000,0.428,0.653,-0.036
high-rights-threat,High Rights-Threat Environment,current-system-baseline,8,0.295,0.110,0.193,0.452,0.260,0.192,0.102,0.237,0.493,0.310,0.000,0.416,0.647,-0.042
high-rights-threat,High Rights-Threat Environment,current-system-baseline,9,0.294,0.108,0.194,0.460,0.259,0.201,0.080,0.224,0.488,0.328,0.000,0.404,0.641,-0.047
high-rights-threat,High Rights-Threat Environment,current-system-baseline,10,0.292,0.105,0.194,0.467,0.258,0.210,0.061,0.212,0.484,0.347,0.000,0.393,0.636,-0.052
high-rights-threat,High Rights-Threat Environment,current-system-baseline,11,0.291,0.103,0.195,0.475,0.257,0.218,0.046,0.202,0.481,0.365,0.000,0.381,0.631,-0.056
high-rights-threat,High Rights-Threat Environment,current-system-baseline,12,0.290,0.101,0.195,0.482,0.256,0.226,0.033,0.193,0.479,0.383,0.000,0.371,0.626,-0.060
high-rights-threat,High Rights-Threat Environment,current-system-baseline,13,0.288,0.100,0.195,0.489,0.255,0.234,0.022,0.185,0.477,0.400,0.000,0.361,0.621,-0.064
high-rights-threat,High Rights-Threat Environment,current-system-baseline,14,0.287,0.098,0.195,0.496,0.255,0.242,0.013,0.178,0.476,0.417,0.000,0.351,0.616,-0.068
high-rights-threat,High Rights-Threat Environment,current-system-baseline,15,0.286,0.096,0.195,0.503,0.254,0.250,0.005,0.172,0.475,0.433,0.000,0.342,0.612,-0.071
high-rights-threat,High Rights-Threat Environment,current-system-baseline,16,0.284,0.095,0.195,0.510,0.253,0.257,0.000,0.166,0.475,0.450,0.000,0.333,0.608,-0.075
high-rights-threat,High Rights-Threat Environment,current-system-baseline,17,0.283,0.093,0.195,0.517,0.252,0.265,0.000,0.161,0.476,0.466,0.000,0.325,0.604,-0.078
high-rights-threat,High Rights-Threat Environment,current-system-baseline,18,0.282,0.092,0.195,0.524,0.252,0.272,0.000,0.156,0.477,0.481,0.000,0.317,0.600,-0.081
high-rights-threat,High Rights-Threat Environment,current-system-baseline,19,0.281,0.091,0.195,0.531,0.251,0.279,0.000,0.151,0.478,0.497,0.000,0.310,0.597,-0.084
high-rights-threat,High Rights-Threat Environment,current-system-baseline,20,0.280,0.090,0.195,0.538,0.251,0.287,0.000,0.147,0.480,0.512,0.000,0.303,0.594,-0.087
high-rights-threat,High Rights-Threat Environment,current-system-baseline,21,0.279,0.089,0.195,0.544,0.250,0.294,0.000,0.143,0.482,0.527,0.000,0.297,0.591,-0.090
high-rights-threat,High Rights-Threat Environment,current-system-baseline,22,0.278,0.087,0.195,0.551,0.250,0.302,0.000,0.138,0.485,0.542,0.000,0.291,0.588,-0.093
high-rights-threat,High Rights-Threat Environment,current-system-baseline,23,0.277,0.086,0.195,0.558,0.249,0.309,0.000,0.134,0.488,0.558,0.000,0.285,0.585,-0.097
high-rights-threat,High Rights-Threat Environment,current-system-baseline,24,0.276,0.085,0.196,0.565,0.249,0.317,0.000,0.130,0.491,0.573,0.000,0.279,0.582,-0.100
court-curbing-noncompliance,Court-Curbing and Institutional Noncompliance Stress,balanced-winner,1,0.570,0.322,0.216,0.269,0.231,0.039,0.564,0.512,0.306,0.138,0.077,0.607,0.568,0.215
court-curbing-noncompliance,Court-Curbing and Institutional Noncompliance Stress,balanced-winner,2,0.572,0.322,0.214,0.250,0.231,0.019,0.507,0.497,0.262,0.107,0.053,0.604,0.567,0.221
court-curbing-noncompliance,Court-Curbing and Institutional Noncompliance Stress,balanced-winner,3,0.574,0.324,0.211,0.229,0.229,0.000,0.462,0.487,0.219,0.073,0.029,0.604,0.568,0.230
court-curbing-noncompliance,Court-Curbing and Institutional Noncompliance Stress,balanced-winner,4,0.578,0.329,0.207,0.207,0.207,0.000,0.427,0.481,0.177,0.053,0.004,0.607,0.570,0.236
court-curbing-noncompliance,Court-Curbing and Institutional Noncompliance Stress,balanced-winner,5,0.582,0.335,0.203,0.189,0.189,0.000,0.400,0.479,0.137,0.041,0.000,0.610,0.572,0.244
court-curbing-noncompliance,Court-Curbing and Institutional Noncompliance Stress,balanced-winner,6,0.585,0.341,0.197,0.175,0.175,0.000,0.380,0.479,0.097,0.034,0.000,0.614,0.573,0.252
court-curbing-noncompliance,Court-Curbing and Institutional Noncompliance Stress,balanced-winner,7,0.588,0.347,0.191,0.162,0.162,0.000,0.365,0.481,0.057,0.030,0.000,0.618,0.574,0.261
court-curbing-noncompliance,Court-Curbing and Institutional Noncompliance Stress,balanced-winner,8,0.591,0.355,0.184,0.150,0.150,0.000,0.356,0.486,0.018,0.029,0.000,0.623,0.576,0.272
court-curbing-noncompliance,Court-Curbing and Institutional Noncompliance Stress,balanced-winner,9,0.594,0.363,0.177,0.139,0.139,0.000,0.351,0.491,0.000,0.028,0.000,0.627,0.578,0.283
court-curbing-noncompliance,Court-Curbing and Institutional Noncompliance Stress,balanced-winner,10,0.596,0.368,0.174,0.133,0.133,0.000,0.347,0.495,0.000,0.028,0.000,0.632,0.580,0.290
court-curbing-noncompliance,Court-Curbing and Institutional Noncompliance Stress,balanced-winner,11,0.597,0.370,0.173,0.133,0.133,0.000,0.345,0.498,0.000,0.028,0.000,0.635,0.581,0.292
court-curbing-noncompliance,Court-Curbing and Institutional Noncompliance Stress,balanced-winner,12,0.598,0.371,0.172,0.132,0.132,0.000,0.343,0.501,0.000,0.028,0.000,0.638,0.583,0.294
court-curbing-noncompliance,Court-Curbing and Institutional Noncompliance Stress,balanced-winner,13,0.598,0.373,0.172,0.132,0.132,0.000,0.341,0.503,0.000,0.028,0.000,0.641,0.584,0.295
court-curbing-noncompliance,Court-Curbing and Institutional Noncompliance Stress,balanced-winner,14,0.599,0.374,0.171,0.132,0.132,0.000,0.341,0.505,0.000,0.028,0.000,0.643,0.585,0.297
court-curbing-noncompliance,Court-Curbing and Institutional Noncompliance Stress,balanced-winner,15,0.600,0.375,0.171,0.131,0.131,0.000,0.340,0.507,0.000,0.028,0.000,0.645,0.586,0.298
court-curbing-noncompliance,Court-Curbing and Institutional Noncompliance Stress,balanced-winner,16,0.600,0.376,0.171,0.131,0.131,0.000,0.340,0.509,0.000,0.028,0.000,0.646,0.586,0.299
court-curbing-noncompliance,Court-Curbing and Institutional Noncompliance Stress,balanced-winner,17,0.600,0.377,0.170,0.131,0.131,0.000,0.340,0.510,0.000,0.028,0.000,0.648,0.587,0.300
court-curbing-noncompliance,Court-Curbing and Institutional Noncompliance Stress,balanced-winner,18,0.601,0.377,0.170,0.131,0.131,0.000,0.340,0.511,0.000,0.028,0.000,0.649,0.588,0.301
court-curbing-noncompliance,Court-Curbing and Institutional Noncompliance Stress,balanced-winner,19,0.601,0.378,0.170,0.131,0.131,0.000,0.340,0.512,0.000,0.028,0.000,0.650,0.588,0.301
court-curbing-noncompliance,Court-Curbing and Institutional Noncompliance Stress,balanced-winner,20,0.601,0.378,0.170,0.130,0.130,0.000,0.341,0.513,0.000,0.028,0.000,0.651,0.589,0.302
court-curbing-noncompliance,Court-Curbing and Institutional Noncompliance Stress,balanced-winner,21,0.602,0.379,0.170,0.130,0.130,0.000,0.341,0.514,0.000,0.028,0.000,0.652,0.589,0.302
court-curbing-noncompliance,Court-Curbing and Institutional Noncompliance Stress,balanced-winner,22,0.602,0.379,0.169,0.130,0.130,0.000,0.341,0.514,0.000,0.028,0.000,0.653,0.589,0.303
court-curbing-noncompliance,Court-Curbing and Institutional Noncompliance Stress,balanced-winner,23,0.602,0.379,0.169,0.130,0.130,0.000,0.342,0.515,0.000,0.028,0.000,0.654,0.590,0.303
court-curbing-noncompliance,Court-Curbing and Institutional Noncompliance Stress,balanced-winner,24,0.602,0.380,0.169,0.130,0.130,0.000,0.342,0.515,0.000,0.028,0.000,0.655,0.590,0.304
court-curbing-noncompliance,Court-Curbing and Institutional Noncompliance Stress,robustness-winner,1,0.484,0.270,0.181,0.239,0.239,0.000,0.565,0.503,0.288,0.102,0.071,0.615,0.600,0.188
court-curbing-noncompliance,Court-Curbing and Institutional Noncompliance Stress,robustness-winner,2,0.488,0.274,0.178,0.207,0.207,0.000,0.502,0.490,0.233,0.068,0.042,0.616,0.601,0.194
court-curbing-noncompliance,Court-Curbing and Institutional Noncompliance Stress,robustness-winner,3,0.492,0.279,0.174,0.182,0.182,0.000,0.452,0.482,0.180,0.047,0.013,0.619,0.604,0.200
court-curbing-noncompliance,Court-Curbing and Institutional Noncompliance Stress,robustness-winner,4,0.497,0.285,0.169,0.163,0.163,0.000,0.413,0.479,0.129,0.035,0.000,0.623,0.606,0.209
court-curbing-noncompliance,Court-Curbing and Institutional Noncompliance Stress,robustness-winner,5,0.501,0.292,0.164,0.146,0.146,0.000,0.383,0.478,0.078,0.029,0.000,0.628,0.608,0.218
court-curbing-noncompliance,Court-Curbing and Institutional Noncompliance Stress,robustness-winner,6,0.505,0.299,0.157,0.132,0.132,0.000,0.362,0.481,0.027,0.026,0.000,0.633,0.610,0.228
court-curbing-noncompliance,Court-Curbing and Institutional Noncompliance Stress,robustness-winner,7,0.508,0.307,0.150,0.118,0.118,0.000,0.346,0.485,0.000,0.025,0.000,0.639,0.612,0.240
court-curbing-noncompliance,Court-Curbing and Institutional Noncompliance Stress,robustness-winner,8,0.511,0.313,0.146,0.111,0.111,0.000,0.335,0.489,0.000,0.025,0.000,0.643,0.614,0.247
court-curbing-noncompliance,Court-Curbing and Institutional Noncompliance Stress,robustness-winner,9,0.512,0.314,0.145,0.110,0.110,0.000,0.325,0.491,0.000,0.025,0.000,0.646,0.616,0.249
court-curbing-noncompliance,Court-Curbing and Institutional Noncompliance Stress,robustness-winner,10,0.512,0.316,0.145,0.110,0.110,0.000,0.318,0.494,0.000,0.025,0.000,0.648,0.617,0.250
court-curbing-noncompliance,Court-Curbing and Institutional Noncompliance Stress,robustness-winner,11,0.513,0.316,0.144,0.110,0.110,0.000,0.312,0.496,0.000,0.025,0.000,0.650,0.618,0.251
court-curbing-noncompliance,Court-Curbing and Institutional Noncompliance Stress,robustness-winner,12,0.513,0.317,0.144,0.109,0.109,0.000,0.307,0.498,0.000,0.025,0.000,0.652,0.619,0.252
court-curbing-noncompliance,Court-Curbing and Institutional Noncompliance Stress,robustness-winner,13,0.513,0.318,0.144,0.109,0.109,0.000,0.304,0.499,0.000,0.025,0.000,0.653,0.619,0.253
court-curbing-noncompliance,Court-Curbing and Institutional Noncompliance Stress,robustness-winner,14,0.514,0.319,0.144,0.109,0.109,0.000,0.301,0.500,0.000,0.025,0.000,0.654,0.620,0.254
court-curbing-noncompliance,Court-Curbing and Institutional Noncompliance Stress,robustness-winner,15,0.514,0.319,0.143,0.109,0.109,0.000,0.298,0.501,0.000,0.025,0.000,0.655,0.620,0.254
court-curbing-noncompliance,Court-Curbing and Institutional Noncompliance Stress,robustness-winner,16,0.514,0.319,0.143,0.109,0.109,0.000,0.296,0.502,0.000,0.025,0.000,0.655,0.620,0.255
court-curbing-noncompliance,Court-Curbing and Institutional Noncompliance Stress,robustness-winner,17,0.514,0.320,0.143,0.109,0.109,0.000,0.295,0.503,0.000,0.025,0.000,0.656,0.621,0.255
court-curbing-noncompliance,Court-Curbing and Institutional Noncompliance Stress,robustness-winner,18,0.514,0.320,0.143,0.108,0.108,0.000,0.294,0.504,0.000,0.025,0.000,0.656,0.621,0.256
court-curbing-noncompliance,Court-Curbing and Institutional Noncompliance Stress,robustness-winner,19,0.514,0.320,0.143,0.108,0.108,0.000,0.293,0.504,0.000,0.025,0.000,0.656,0.621,0.256
court-curbing-noncompliance,Court-Curbing and Institutional Noncompliance Stress,robustness-winner,20,0.514,0.320,0.143,0.108,0.108,0.000,0.292,0.505,0.000,0.025,0.000,0.657,0.621,0.256
court-curbing-noncompliance,Court-Curbing and Institutional Noncompliance Stress,robustness-winner,21,0.514,0.321,0.143,0.108,0.108,0.000,0.292,0.505,0.000,0.025,0.000,0.657,0.621,0.256
court-curbing-noncompliance,Court-Curbing and Institutional Noncompliance Stress,robustness-winner,22,0.514,0.321,0.142,0.108,0.108,0.000,0.291,0.506,0.000,0.025,0.000,0.657,0.621,0.257
court-curbing-noncompliance,Court-Curbing and Institutional Noncompliance Stress,robustness-winner,23,0.514,0.321,0.142,0.108,0.108,0.000,0.291,0.506,0.000,0.025,0.000,0.657,0.621,0.257
court-curbing-noncompliance,Court-Curbing and Institutional Noncompliance Stress,robustness-winner,24,0.514,0.321,0.142,0.108,0.108,0.000,0.291,0.506,0.000,0.025,0.000,0.657,0.621,0.257
court-curbing-noncompliance,Court-Curbing and Institutional Noncompliance Stress,minimax-regret-winner,1,0.563,0.306,0.234,0.305,0.215,0.090,0.524,0.485,0.304,0.201,0.079,0.578,0.562,0.178
court-curbing-noncompliance,Court-Curbing and Institutional Noncompliance Stress,minimax-regret-winner,2,0.564,0.306,0.232,0.294,0.215,0.079,0.469,0.469,0.258,0.191,0.058,0.572,0.560,0.182
court-curbing-noncompliance,Court-Curbing and Institutional Noncompliance Stress,minimax-regret-winner,3,0.566,0.308,0.229,0.280,0.216,0.065,0.426,0.459,0.213,0.176,0.037,0.569,0.560,0.188
court-curbing-noncompliance,Court-Curbing and Institutional Noncompliance Stress,minimax-regret-winner,4,0.569,0.311,0.225,0.264,0.216,0.048,0.393,0.454,0.169,0.155,0.014,0.570,0.561,0.198
court-curbing-noncompliance,Court-Curbing and Institutional Noncompliance Stress,minimax-regret-winner,5,0.572,0.317,0.220,0.245,0.217,0.027,0.370,0.454,0.125,0.127,0.000,0.573,0.562,0.211
court-curbing-noncompliance,Court-Curbing and Institutional Noncompliance Stress,minimax-regret-winner,6,0.576,0.324,0.214,0.224,0.218,0.005,0.354,0.457,0.082,0.093,0.000,0.579,0.564,0.227
court-curbing-noncompliance,Court-Curbing and Institutional Noncompliance Stress,minimax-regret-winner,7,0.579,0.333,0.207,0.200,0.200,0.000,0.344,0.463,0.038,0.069,0.000,0.585,0.566,0.240
court-curbing-noncompliance,Court-Curbing and Institutional Noncompliance Stress,minimax-regret-winner,8,0.583,0.342,0.199,0.179,0.179,0.000,0.338,0.470,0.000,0.053,0.000,0.592,0.568,0.252
court-curbing-noncompliance,Court-Curbing and Institutional Noncompliance Stress,minimax-regret-winner,9,0.587,0.351,0.192,0.162,0.162,0.000,0.334,0.476,0.000,0.044,0.000,0.598,0.571,0.264
court-curbing-noncompliance,Court-Curbing and Institutional Noncompliance Stress,minimax-regret-winner,10,0.588,0.353,0.191,0.159,0.159,0.000,0.331,0.481,0.000,0.038,0.000,0.603,0.573,0.268
court-curbing-noncompliance,Court-Curbing and Institutional Noncompliance Stress,minimax-regret-winner,11,0.589,0.356,0.190,0.156,0.156,0.000,0.329,0.485,0.000,0.034,0.000,0.608,0.575,0.270
court-curbing-noncompliance,Court-Curbing and Institutional Noncompliance Stress,minimax-regret-winner,12,0.590,0.358,0.189,0.154,0.154,0.000,0.328,0.488,0.000,0.032,0.000,0.612,0.577,0.272
court-curbing-noncompliance,Court-Curbing and Institutional Noncompliance Stress,minimax-regret-winner,13,0.591,0.359,0.189,0.153,0.153,0.000,0.327,0.491,0.000,0.030,0.000,0.615,0.578,0.274
court-curbing-noncompliance,Court-Curbing and Institutional Noncompliance Stress,minimax-regret-winner,14,0.592,0.361,0.188,0.152,0.152,0.000,0.326,0.493,0.000,0.029,0.000,0.618,0.580,0.276
court-curbing-noncompliance,Court-Curbing and Institutional Noncompliance Stress,minimax-regret-winner,15,0.593,0.362,0.188,0.151,0.151,0.000,0.326,0.495,0.000,0.028,0.000,0.620,0.581,0.277
court-curbing-noncompliance,Court-Curbing and Institutional Noncompliance Stress,minimax-regret-winner,16,0.593,0.363,0.188,0.151,0.151,0.000,0.326,0.497,0.000,0.028,0.000,0.623,0.582,0.279
court-curbing-noncompliance,Court-Curbing and Institutional Noncompliance Stress,minimax-regret-winner,17,0.594,0.364,0.187,0.150,0.150,0.000,0.326,0.499,0.000,0.028,0.000,0.625,0.583,0.280
court-curbing-noncompliance,Court-Curbing and Institutional Noncompliance Stress,minimax-regret-winner,18,0.594,0.365,0.187,0.150,0.150,0.000,0.326,0.500,0.000,0.027,0.000,0.626,0.583,0.281
court-curbing-noncompliance,Court-Curbing and Institutional Noncompliance Stress,minimax-regret-winner,19,0.595,0.366,0.187,0.150,0.150,0.000,0.327,0.501,0.000,0.027,0.000,0.628,0.584,0.281
court-curbing-noncompliance,Court-Curbing and Institutional Noncompliance Stress,minimax-regret-winner,20,0.595,0.366,0.187,0.150,0.150,0.000,0.327,0.502,0.000,0.027,0.000,0.629,0.585,0.282
court-curbing-noncompliance,Court-Curbing and Institutional Noncompliance Stress,minimax-regret-winner,21,0.596,0.367,0.187,0.149,0.149,0.000,0.327,0.503,0.000,0.027,0.000,0.630,0.585,0.283
court-curbing-noncompliance,Court-Curbing and Institutional Noncompliance Stress,minimax-regret-winner,22,0.596,0.367,0.187,0.149,0.149,0.000,0.328,0.503,0.000,0.027,0.000,0.632,0.586,0.283
court-curbing-noncompliance,Court-Curbing and Institutional Noncompliance Stress,minimax-regret-winner,23,0.596,0.368,0.187,0.149,0.149,0.000,0.328,0.504,0.000,0.027,0.000,0.633,0.586,0.284
court-curbing-noncompliance,Court-Curbing and Institutional Noncompliance Stress,minimax-regret-winner,24,0.596,0.368,0.186,0.149,0.149,0.000,0.329,0.505,0.000,0.027,0.000,0.633,0.587,0.284
court-curbing-noncompliance,Court-Curbing and Institutional Noncompliance Stress,rights-capture-winner,1,0.497,0.278,0.185,0.241,0.241,0.000,0.567,0.504,0.295,0.101,0.071,0.624,0.601,0.194
court-curbing-noncompliance,Court-Curbing and Institutional Noncompliance Stress,rights-capture-winner,2,0.500,0.281,0.182,0.210,0.210,0.000,0.505,0.491,0.242,0.067,0.042,0.624,0.602,0.199
court-curbing-noncompliance,Court-Curbing and Institutional Noncompliance Stress,rights-capture-winner,3,0.504,0.285,0.178,0.186,0.186,0.000,0.454,0.482,0.191,0.047,0.014,0.626,0.605,0.205
court-curbing-noncompliance,Court-Curbing and Institutional Noncompliance Stress,rights-capture-winner,4,0.509,0.291,0.174,0.167,0.167,0.000,0.415,0.478,0.142,0.035,0.000,0.630,0.607,0.213
court-curbing-noncompliance,Court-Curbing and Institutional Noncompliance Stress,rights-capture-winner,5,0.513,0.298,0.169,0.151,0.151,0.000,0.386,0.477,0.093,0.029,0.000,0.634,0.609,0.222
court-curbing-noncompliance,Court-Curbing and Institutional Noncompliance Stress,rights-capture-winner,6,0.516,0.305,0.163,0.137,0.137,0.000,0.364,0.479,0.044,0.026,0.000,0.638,0.610,0.231
court-curbing-noncompliance,Court-Curbing and Institutional Noncompliance Stress,rights-capture-winner,7,0.520,0.312,0.156,0.124,0.124,0.000,0.349,0.483,0.000,0.025,0.000,0.644,0.612,0.242
court-curbing-noncompliance,Court-Curbing and Institutional Noncompliance Stress,rights-capture-winner,8,0.523,0.320,0.149,0.112,0.112,0.000,0.338,0.487,0.000,0.025,0.000,0.648,0.614,0.253
court-curbing-noncompliance,Court-Curbing and Institutional Noncompliance Stress,rights-capture-winner,9,0.524,0.322,0.148,0.112,0.112,0.000,0.329,0.490,0.000,0.025,0.000,0.651,0.616,0.255
court-curbing-noncompliance,Court-Curbing and Institutional Noncompliance Stress,rights-capture-winner,10,0.524,0.323,0.148,0.112,0.112,0.000,0.322,0.492,0.000,0.025,0.000,0.654,0.617,0.257
court-curbing-noncompliance,Court-Curbing and Institutional Noncompliance Stress,rights-capture-winner,11,0.525,0.324,0.147,0.111,0.111,0.000,0.317,0.495,0.000,0.026,0.000,0.656,0.618,0.258
court-curbing-noncompliance,Court-Curbing and Institutional Noncompliance Stress,rights-capture-winner,12,0.525,0.325,0.147,0.111,0.111,0.000,0.313,0.497,0.000,0.026,0.000,0.658,0.619,0.259
court-curbing-noncompliance,Court-Curbing and Institutional Noncompliance Stress,rights-capture-winner,13,0.526,0.326,0.147,0.111,0.111,0.000,0.309,0.498,0.000,0.025,0.000,0.659,0.619,0.260
court-curbing-noncompliance,Court-Curbing and Institutional Noncompliance Stress,rights-capture-winner,14,0.526,0.327,0.146,0.111,0.111,0.000,0.307,0.500,0.000,0.025,0.000,0.660,0.620,0.261
court-curbing-noncompliance,Court-Curbing and Institutional Noncompliance Stress,rights-capture-winner,15,0.526,0.327,0.146,0.111,0.111,0.000,0.305,0.501,0.000,0.025,0.000,0.661,0.620,0.261
court-curbing-noncompliance,Court-Curbing and Institutional Noncompliance Stress,rights-capture-winner,16,0.527,0.328,0.146,0.110,0.110,0.000,0.303,0.502,0.000,0.025,0.000,0.662,0.621,0.262
court-curbing-noncompliance,Court-Curbing and Institutional Noncompliance Stress,rights-capture-winner,17,0.527,0.328,0.146,0.110,0.110,0.000,0.302,0.503,0.000,0.025,0.000,0.662,0.621,0.262
court-curbing-noncompliance,Court-Curbing and Institutional Noncompliance Stress,rights-capture-winner,18,0.527,0.328,0.145,0.110,0.110,0.000,0.301,0.504,0.000,0.025,0.000,0.663,0.621,0.263
court-curbing-noncompliance,Court-Curbing and Institutional Noncompliance Stress,rights-capture-winner,19,0.527,0.329,0.145,0.110,0.110,0.000,0.300,0.504,0.000,0.025,0.000,0.663,0.621,0.263
court-curbing-noncompliance,Court-Curbing and Institutional Noncompliance Stress,rights-capture-winner,20,0.527,0.329,0.145,0.110,0.110,0.000,0.299,0.505,0.000,0.025,0.000,0.663,0.621,0.263
court-curbing-noncompliance,Court-Curbing and Institutional Noncompliance Stress,rights-capture-winner,21,0.527,0.329,0.145,0.110,0.110,0.000,0.299,0.505,0.000,0.025,0.000,0.664,0.622,0.264
court-curbing-noncompliance,Court-Curbing and Institutional Noncompliance Stress,rights-capture-winner,22,0.527,0.329,0.145,0.110,0.110,0.000,0.299,0.506,0.000,0.025,0.000,0.664,0.622,0.264
court-curbing-noncompliance,Court-Curbing and Institutional Noncompliance Stress,rights-capture-winner,23,0.527,0.329,0.145,0.110,0.110,0.000,0.299,0.506,0.000,0.025,0.000,0.664,0.622,0.264
court-curbing-noncompliance,Court-Curbing and Institutional Noncompliance Stress,rights-capture-winner,24,0.527,0.329,0.145,0.110,0.110,0.000,0.298,0.506,0.000,0.025,0.000,0.664,0.622,0.264
court-curbing-noncompliance,Court-Curbing and Institutional Noncompliance Stress,legitimacy-winner,1,0.497,0.278,0.185,0.241,0.241,0.000,0.567,0.504,0.295,0.101,0.071,0.624,0.601,0.194
court-curbing-noncompliance,Court-Curbing and Institutional Noncompliance Stress,legitimacy-winner,2,0.500,0.281,0.182,0.210,0.210,0.000,0.505,0.491,0.242,0.067,0.042,0.624,0.602,0.199
court-curbing-noncompliance,Court-Curbing and Institutional Noncompliance Stress,legitimacy-winner,3,0.504,0.285,0.178,0.186,0.186,0.000,0.454,0.482,0.191,0.047,0.014,0.626,0.605,0.205
court-curbing-noncompliance,Court-Curbing and Institutional Noncompliance Stress,legitimacy-winner,4,0.509,0.291,0.174,0.167,0.167,0.000,0.415,0.478,0.142,0.035,0.000,0.630,0.607,0.213
court-curbing-noncompliance,Court-Curbing and Institutional Noncompliance Stress,legitimacy-winner,5,0.513,0.298,0.169,0.151,0.151,0.000,0.386,0.477,0.093,0.029,0.000,0.634,0.609,0.222
court-curbing-noncompliance,Court-Curbing and Institutional Noncompliance Stress,legitimacy-winner,6,0.516,0.305,0.163,0.137,0.137,0.000,0.364,0.479,0.044,0.026,0.000,0.638,0.610,0.231
court-curbing-noncompliance,Court-Curbing and Institutional Noncompliance Stress,legitimacy-winner,7,0.520,0.312,0.156,0.124,0.124,0.000,0.349,0.483,0.000,0.025,0.000,0.644,0.612,0.242
court-curbing-noncompliance,Court-Curbing and Institutional Noncompliance Stress,legitimacy-winner,8,0.523,0.320,0.149,0.112,0.112,0.000,0.338,0.487,0.000,0.025,0.000,0.648,0.614,0.253
court-curbing-noncompliance,Court-Curbing and Institutional Noncompliance Stress,legitimacy-winner,9,0.524,0.322,0.148,0.112,0.112,0.000,0.329,0.490,0.000,0.025,0.000,0.651,0.616,0.255
court-curbing-noncompliance,Court-Curbing and Institutional Noncompliance Stress,legitimacy-winner,10,0.524,0.323,0.148,0.112,0.112,0.000,0.322,0.492,0.000,0.025,0.000,0.654,0.617,0.257
court-curbing-noncompliance,Court-Curbing and Institutional Noncompliance Stress,legitimacy-winner,11,0.525,0.324,0.147,0.111,0.111,0.000,0.317,0.495,0.000,0.026,0.000,0.656,0.618,0.258
court-curbing-noncompliance,Court-Curbing and Institutional Noncompliance Stress,legitimacy-winner,12,0.525,0.325,0.147,0.111,0.111,0.000,0.313,0.497,0.000,0.026,0.000,0.658,0.619,0.259
court-curbing-noncompliance,Court-Curbing and Institutional Noncompliance Stress,legitimacy-winner,13,0.526,0.326,0.147,0.111,0.111,0.000,0.309,0.498,0.000,0.025,0.000,0.659,0.619,0.260
court-curbing-noncompliance,Court-Curbing and Institutional Noncompliance Stress,legitimacy-winner,14,0.526,0.327,0.146,0.111,0.111,0.000,0.307,0.500,0.000,0.025,0.000,0.660,0.620,0.261
court-curbing-noncompliance,Court-Curbing and Institutional Noncompliance Stress,legitimacy-winner,15,0.526,0.327,0.146,0.111,0.111,0.000,0.305,0.501,0.000,0.025,0.000,0.661,0.620,0.261
court-curbing-noncompliance,Court-Curbing and Institutional Noncompliance Stress,legitimacy-winner,16,0.527,0.328,0.146,0.110,0.110,0.000,0.303,0.502,0.000,0.025,0.000,0.662,0.621,0.262
court-curbing-noncompliance,Court-Curbing and Institutional Noncompliance Stress,legitimacy-winner,17,0.527,0.328,0.146,0.110,0.110,0.000,0.302,0.503,0.000,0.025,0.000,0.662,0.621,0.262
court-curbing-noncompliance,Court-Curbing and Institutional Noncompliance Stress,legitimacy-winner,18,0.527,0.328,0.145,0.110,0.110,0.000,0.301,0.504,0.000,0.025,0.000,0.663,0.621,0.263
court-curbing-noncompliance,Court-Curbing and Institutional Noncompliance Stress,legitimacy-winner,19,0.527,0.329,0.145,0.110,0.110,0.000,0.300,0.504,0.000,0.025,0.000,0.663,0.621,0.263
court-curbing-noncompliance,Court-Curbing and Institutional Noncompliance Stress,legitimacy-winner,20,0.527,0.329,0.145,0.110,0.110,0.000,0.299,0.505,0.000,0.025,0.000,0.663,0.621,0.263
court-curbing-noncompliance,Court-Curbing and Institutional Noncompliance Stress,legitimacy-winner,21,0.527,0.329,0.145,0.110,0.110,0.000,0.299,0.505,0.000,0.025,0.000,0.664,0.622,0.264
court-curbing-noncompliance,Court-Curbing and Institutional Noncompliance Stress,legitimacy-winner,22,0.527,0.329,0.145,0.110,0.110,0.000,0.299,0.506,0.000,0.025,0.000,0.664,0.622,0.264
court-curbing-noncompliance,Court-Curbing and Institutional Noncompliance Stress,legitimacy-winner,23,0.527,0.329,0.145,0.110,0.110,0.000,0.299,0.506,0.000,0.025,0.000,0.664,0.622,0.264
court-curbing-noncompliance,Court-Curbing and Institutional Noncompliance Stress,legitimacy-winner,24,0.527,0.329,0.145,0.110,0.110,0.000,0.298,0.506,0.000,0.025,0.000,0.664,0.622,0.264
court-curbing-noncompliance,Court-Curbing and Institutional Noncompliance Stress,efficiency-caution,1,0.598,0.317,0.261,0.335,0.219,0.116,0.505,0.474,0.352,0.225,0.080,0.555,0.569,0.171
court-curbing-noncompliance,Court-Curbing and Institutional Noncompliance Stress,efficiency-caution,2,0.598,0.313,0.261,0.333,0.219,0.115,0.449,0.452,0.317,0.234,0.059,0.546,0.566,0.167
court-curbing-noncompliance,Court-Curbing and Institutional Noncompliance Stress,efficiency-caution,3,0.598,0.311,0.260,0.329,0.219,0.110,0.404,0.435,0.283,0.237,0.039,0.539,0.564,0.166
court-curbing-noncompliance,Court-Curbing and Institutional Noncompliance Stress,efficiency-caution,4,0.599,0.311,0.259,0.323,0.220,0.104,0.369,0.424,0.250,0.236,0.019,0.535,0.564,0.168
court-curbing-noncompliance,Court-Curbing and Institutional Noncompliance Stress,efficiency-caution,5,0.601,0.312,0.257,0.315,0.220,0.095,0.342,0.417,0.218,0.229,0.000,0.534,0.564,0.173
court-curbing-noncompliance,Court-Curbing and Institutional Noncompliance Stress,efficiency-caution,6,0.603,0.315,0.254,0.305,0.221,0.084,0.322,0.413,0.187,0.218,0.000,0.534,0.563,0.180
court-curbing-noncompliance,Court-Curbing and Institutional Noncompliance Stress,efficiency-caution,7,0.605,0.319,0.249,0.293,0.221,0.072,0.308,0.413,0.155,0.202,0.000,0.535,0.563,0.189
court-curbing-noncompliance,Court-Curbing and Institutional Noncompliance Stress,efficiency-caution,8,0.607,0.324,0.245,0.279,0.221,0.058,0.299,0.415,0.124,0.182,0.000,0.538,0.564,0.199
court-curbing-noncompliance,Court-Curbing and Institutional Noncompliance Stress,efficiency-caution,9,0.609,0.330,0.239,0.263,0.221,0.042,0.295,0.420,0.093,0.158,0.000,0.542,0.565,0.211
court-curbing-noncompliance,Court-Curbing and Institutional Noncompliance Stress,efficiency-caution,10,0.611,0.336,0.233,0.246,0.222,0.024,0.294,0.427,0.062,0.129,0.000,0.548,0.566,0.225
court-curbing-noncompliance,Court-Curbing and Institutional Noncompliance Stress,efficiency-caution,11,0.614,0.344,0.227,0.226,0.222,0.004,0.297,0.437,0.030,0.096,0.000,0.556,0.569,0.241
court-curbing-noncompliance,Court-Curbing and Institutional Noncompliance Stress,efficiency-caution,12,0.618,0.353,0.220,0.205,0.205,0.000,0.302,0.446,0.000,0.072,0.000,0.564,0.572,0.254
court-curbing-noncompliance,Court-Curbing and Institutional Noncompliance Stress,efficiency-caution,13,0.622,0.362,0.213,0.187,0.187,0.000,0.306,0.454,0.000,0.057,0.000,0.571,0.575,0.266
court-curbing-noncompliance,Court-Curbing and Institutional Noncompliance Stress,efficiency-caution,14,0.624,0.366,0.212,0.180,0.180,0.000,0.310,0.460,0.000,0.048,0.000,0.578,0.578,0.271
court-curbing-noncompliance,Court-Curbing and Institutional Noncompliance Stress,efficiency-caution,15,0.625,0.369,0.211,0.176,0.176,0.000,0.314,0.466,0.000,0.041,0.000,0.584,0.580,0.274
court-curbing-noncompliance,Court-Curbing and Institutional Noncompliance Stress,efficiency-caution,16,0.627,0.372,0.210,0.173,0.173,0.000,0.317,0.470,0.000,0.037,0.000,0.589,0.583,0.278
court-curbing-noncompliance,Court-Curbing and Institutional Noncompliance Stress,efficiency-caution,17,0.628,0.374,0.209,0.171,0.171,0.000,0.320,0.474,0.000,0.034,0.000,0.594,0.585,0.280
court-curbing-noncompliance,Court-Curbing and Institutional Noncompliance Stress,efficiency-caution,18,0.629,0.377,0.208,0.170,0.170,0.000,0.323,0.478,0.000,0.032,0.000,0.599,0.586,0.283
court-curbing-noncompliance,Court-Curbing and Institutional Noncompliance Stress,efficiency-caution,19,0.631,0.378,0.208,0.169,0.169,0.000,0.326,0.480,0.000,0.031,0.000,0.603,0.588,0.285
court-curbing-noncompliance,Court-Curbing and Institutional Noncompliance Stress,efficiency-caution,20,0.632,0.380,0.207,0.168,0.168,0.000,0.328,0.483,0.000,0.030,0.000,0.606,0.590,0.287
court-curbing-noncompliance,Court-Curbing and Institutional Noncompliance Stress,efficiency-caution,21,0.632,0.382,0.207,0.167,0.167,0.000,0.331,0.485,0.000,0.030,0.000,0.610,0.591,0.288
court-curbing-noncompliance,Court-Curbing and Institutional Noncompliance Stress,efficiency-caution,22,0.633,0.383,0.207,0.167,0.167,0.000,0.333,0.487,0.000,0.029,0.000,0.612,0.592,0.290
court-curbing-noncompliance,Court-Curbing and Institutional Noncompliance Stress,efficiency-caution,23,0.634,0.384,0.207,0.167,0.167,0.000,0.335,0.488,0.000,0.029,0.000,0.615,0.594,0.291
court-curbing-noncompliance,Court-Curbing and Institutional Noncompliance Stress,efficiency-caution,24,0.635,0.385,0.206,0.166,0.166,0.000,0.336,0.489,0.000,0.029,0.000,0.618,0.595,0.292
court-curbing-noncompliance,Court-Curbing and Institutional Noncompliance Stress,current-system-baseline,1,0.297,0.138,0.142,0.257,0.257,0.000,0.446,0.426,0.563,0.107,0.078,0.495,0.580,0.074
court-curbing-noncompliance,Court-Curbing and Institutional Noncompliance Stress,current-system-baseline,2,0.297,0.133,0.146,0.230,0.230,0.000,0.371,0.389,0.549,0.060,0.052,0.483,0.578,0.067
court-curbing-noncompliance,Court-Curbing and Institutional Noncompliance Stress,current-system-baseline,3,0.298,0.128,0.150,0.213,0.213,0.000,0.308,0.358,0.538,0.031,0.022,0.474,0.576,0.061
court-curbing-noncompliance,Court-Curbing and Institutional Noncompliance Stress,current-system-baseline,4,0.299,0.125,0.153,0.202,0.202,0.000,0.255,0.331,0.528,0.012,0.000,0.466,0.574,0.056
court-curbing-noncompliance,Court-Curbing and Institutional Noncompliance Stress,current-system-baseline,5,0.299,0.122,0.156,0.195,0.195,0.000,0.210,0.308,0.521,0.001,0.000,0.458,0.571,0.052
court-curbing-noncompliance,Court-Curbing and Institutional Noncompliance Stress,current-system-baseline,6,0.298,0.119,0.157,0.191,0.191,0.000,0.173,0.289,0.514,0.000,0.000,0.449,0.568,0.048
court-curbing-noncompliance,Court-Curbing and Institutional Noncompliance Stress,current-system-baseline,7,0.297,0.116,0.159,0.191,0.191,0.000,0.141,0.273,0.509,0.000,0.000,0.440,0.564,0.044
court-curbing-noncompliance,Court-Curbing and Institutional Noncompliance Stress,current-system-baseline,8,0.296,0.113,0.160,0.191,0.191,0.000,0.115,0.259,0.505,0.000,0.000,0.431,0.561,0.041
court-curbing-noncompliance,Court-Curbing and Institutional Noncompliance Stress,current-system-baseline,9,0.295,0.111,0.161,0.191,0.191,0.000,0.094,0.248,0.501,0.000,0.000,0.423,0.558,0.039
court-curbing-noncompliance,Court-Curbing and Institutional Noncompliance Stress,current-system-baseline,10,0.294,0.109,0.161,0.190,0.190,0.000,0.076,0.238,0.498,0.000,0.000,0.415,0.554,0.037
court-curbing-noncompliance,Court-Curbing and Institutional Noncompliance Stress,current-system-baseline,11,0.293,0.108,0.161,0.190,0.190,0.000,0.061,0.230,0.496,0.000,0.000,0.408,0.551,0.035
court-curbing-noncompliance,Court-Curbing and Institutional Noncompliance Stress,current-system-baseline,12,0.293,0.106,0.162,0.190,0.190,0.000,0.048,0.223,0.494,0.000,0.000,0.401,0.548,0.033
court-curbing-noncompliance,Court-Curbing and Institutional Noncompliance Stress,current-system-baseline,13,0.292,0.105,0.162,0.190,0.190,0.000,0.038,0.218,0.493,0.000,0.000,0.394,0.546,0.032
court-curbing-noncompliance,Court-Curbing and Institutional Noncompliance Stress,current-system-baseline,14,0.291,0.104,0.162,0.190,0.190,0.000,0.029,0.213,0.492,0.000,0.000,0.388,0.543,0.031
court-curbing-noncompliance,Court-Curbing and Institutional Noncompliance Stress,current-system-baseline,15,0.290,0.102,0.162,0.190,0.190,0.000,0.021,0.208,0.492,0.000,0.000,0.383,0.541,0.029
court-curbing-noncompliance,Court-Curbing and Institutional Noncompliance Stress,current-system-baseline,16,0.289,0.101,0.162,0.190,0.190,0.000,0.015,0.205,0.492,0.000,0.000,0.378,0.539,0.028
court-curbing-noncompliance,Court-Curbing and Institutional Noncompliance Stress,current-system-baseline,17,0.289,0.101,0.162,0.190,0.190,0.000,0.010,0.202,0.492,0.000,0.000,0.373,0.537,0.028
court-curbing-noncompliance,Court-Curbing and Institutional Noncompliance Stress,current-system-baseline,18,0.288,0.100,0.162,0.190,0.190,0.000,0.005,0.199,0.493,0.000,0.000,0.368,0.535,0.027
court-curbing-noncompliance,Court-Curbing and Institutional Noncompliance Stress,current-system-baseline,19,0.287,0.099,0.162,0.190,0.190,0.000,0.001,0.196,0.493,0.000,0.000,0.364,0.533,0.026
court-curbing-noncompliance,Court-Curbing and Institutional Noncompliance Stress,current-system-baseline,20,0.287,0.098,0.162,0.190,0.190,0.000,0.000,0.194,0.494,0.000,0.000,0.361,0.532,0.025
court-curbing-noncompliance,Court-Curbing and Institutional Noncompliance Stress,current-system-baseline,21,0.286,0.098,0.162,0.190,0.190,0.000,0.000,0.192,0.495,0.000,0.000,0.357,0.530,0.025
court-curbing-noncompliance,Court-Curbing and Institutional Noncompliance Stress,current-system-baseline,22,0.286,0.097,0.162,0.190,0.190,0.000,0.000,0.191,0.496,0.000,0.000,0.355,0.529,0.024
court-curbing-noncompliance,Court-Curbing and Institutional Noncompliance Stress,current-system-baseline,23,0.285,0.097,0.162,0.191,0.191,0.000,0.000,0.189,0.498,0.000,0.000,0.352,0.528,0.024
court-curbing-noncompliance,Court-Curbing and Institutional Noncompliance Stress,current-system-baseline,24,0.285,0.096,0.162,0.191,0.191,0.000,0.000,0.188,0.499,0.000,0.000,0.350,0.527,0.023
emergency-abuse-stress,Emergency Abuse Stress,balanced-winner,1,0.575,0.325,0.252,0.495,0.216,0.278,0.554,0.502,0.307,0.374,0.000,0.601,0.668,0.127
emergency-abuse-stress,Emergency Abuse Stress,balanced-winner,2,0.574,0.320,0.252,0.543,0.216,0.328,0.488,0.475,0.265,0.499,0.000,0.586,0.662,0.109
emergency-abuse-stress,Emergency Abuse Stress,balanced-winner,3,0.573,0.317,0.251,0.589,0.215,0.374,0.436,0.453,0.224,0.618,0.000,0.570,0.656,0.092
emergency-abuse-stress,Emergency Abuse Stress,balanced-winner,4,0.571,0.314,0.248,0.631,0.214,0.417,0.394,0.435,0.185,0.731,0.000,0.552,0.648,0.077
emergency-abuse-stress,Emergency Abuse Stress,balanced-winner,5,0.569,0.311,0.244,0.669,0.213,0.457,0.361,0.420,0.148,0.838,0.000,0.535,0.640,0.064
emergency-abuse-stress,Emergency Abuse Stress,balanced-winner,6,0.566,0.309,0.240,0.705,0.212,0.493,0.335,0.409,0.112,0.937,0.000,0.517,0.632,0.054
emergency-abuse-stress,Emergency Abuse Stress,balanced-winner,7,0.564,0.308,0.235,0.736,0.211,0.526,0.316,0.400,0.078,1.000,0.000,0.499,0.624,0.045
emergency-abuse-stress,Emergency Abuse Stress,balanced-winner,8,0.561,0.307,0.230,0.751,0.210,0.542,0.302,0.394,0.046,1.000,0.000,0.484,0.617,0.042
emergency-abuse-stress,Emergency Abuse Stress,balanced-winner,9,0.559,0.308,0.224,0.738,0.209,0.529,0.292,0.392,0.014,1.000,0.000,0.472,0.610,0.048
emergency-abuse-stress,Emergency Abuse Stress,balanced-winner,10,0.558,0.309,0.218,0.724,0.208,0.516,0.286,0.391,0.000,1.000,0.000,0.462,0.604,0.056
emergency-abuse-stress,Emergency Abuse Stress,balanced-winner,11,0.556,0.309,0.215,0.718,0.207,0.510,0.281,0.391,0.000,1.000,0.000,0.454,0.600,0.059
emergency-abuse-stress,Emergency Abuse Stress,balanced-winner,12,0.554,0.308,0.214,0.717,0.207,0.510,0.276,0.391,0.000,1.000,0.000,0.447,0.596,0.058
emergency-abuse-stress,Emergency Abuse Stress,balanced-winner,13,0.553,0.306,0.214,0.716,0.206,0.510,0.273,0.390,0.000,1.000,0.000,0.440,0.593,0.057
emergency-abuse-stress,Emergency Abuse Stress,balanced-winner,14,0.551,0.305,0.213,0.715,0.206,0.509,0.269,0.390,0.000,1.000,0.000,0.434,0.590,0.056
emergency-abuse-stress,Emergency Abuse Stress,balanced-winner,15,0.550,0.304,0.213,0.715,0.206,0.509,0.266,0.390,0.000,1.000,0.000,0.429,0.587,0.055
emergency-abuse-stress,Emergency Abuse Stress,balanced-winner,16,0.548,0.303,0.212,0.714,0.205,0.509,0.264,0.390,0.000,1.000,0.000,0.424,0.585,0.054
emergency-abuse-stress,Emergency Abuse Stress,balanced-winner,17,0.547,0.302,0.212,0.714,0.205,0.509,0.262,0.390,0.000,1.000,0.000,0.420,0.583,0.054
emergency-abuse-stress,Emergency Abuse Stress,balanced-winner,18,0.546,0.301,0.211,0.713,0.205,0.508,0.260,0.390,0.000,1.000,0.000,0.416,0.581,0.053
emergency-abuse-stress,Emergency Abuse Stress,balanced-winner,19,0.545,0.300,0.211,0.713,0.205,0.508,0.258,0.389,0.000,1.000,0.000,0.413,0.579,0.053
emergency-abuse-stress,Emergency Abuse Stress,balanced-winner,20,0.544,0.299,0.211,0.712,0.204,0.508,0.257,0.389,0.000,1.000,0.000,0.409,0.577,0.052
emergency-abuse-stress,Emergency Abuse Stress,balanced-winner,21,0.544,0.299,0.210,0.712,0.204,0.508,0.255,0.389,0.000,1.000,0.000,0.407,0.576,0.052
emergency-abuse-stress,Emergency Abuse Stress,balanced-winner,22,0.543,0.298,0.210,0.712,0.204,0.508,0.254,0.389,0.000,1.000,0.000,0.404,0.575,0.051
emergency-abuse-stress,Emergency Abuse Stress,balanced-winner,23,0.542,0.298,0.210,0.711,0.204,0.508,0.253,0.389,0.000,1.000,0.000,0.402,0.574,0.051
emergency-abuse-stress,Emergency Abuse Stress,balanced-winner,24,0.542,0.297,0.210,0.711,0.204,0.507,0.252,0.389,0.000,1.000,0.000,0.400,0.573,0.051
emergency-abuse-stress,Emergency Abuse Stress,robustness-winner,1,0.489,0.273,0.212,0.435,0.243,0.192,0.559,0.495,0.288,0.298,0.000,0.613,0.704,0.120
emergency-abuse-stress,Emergency Abuse Stress,robustness-winner,2,0.491,0.274,0.209,0.447,0.243,0.205,0.492,0.477,0.233,0.348,0.000,0.609,0.703,0.118
emergency-abuse-stress,Emergency Abuse Stress,robustness-winner,3,0.493,0.276,0.205,0.454,0.242,0.212,0.441,0.464,0.178,0.388,0.000,0.605,0.701,0.120
emergency-abuse-stress,Emergency Abuse Stress,robustness-winner,4,0.495,0.279,0.200,0.454,0.242,0.212,0.402,0.457,0.125,0.416,0.000,0.601,0.699,0.126
emergency-abuse-stress,Emergency Abuse Stress,robustness-winner,5,0.497,0.284,0.193,0.448,0.242,0.207,0.374,0.455,0.072,0.431,0.000,0.600,0.697,0.135
emergency-abuse-stress,Emergency Abuse Stress,robustness-winner,6,0.499,0.290,0.185,0.435,0.242,0.194,0.355,0.457,0.020,0.431,0.000,0.601,0.697,0.148
emergency-abuse-stress,Emergency Abuse Stress,robustness-winner,7,0.502,0.297,0.176,0.415,0.242,0.173,0.343,0.461,0.000,0.416,0.000,0.603,0.697,0.166
emergency-abuse-stress,Emergency Abuse Stress,robustness-winner,8,0.503,0.301,0.172,0.399,0.242,0.157,0.334,0.466,0.000,0.394,0.000,0.606,0.698,0.176
emergency-abuse-stress,Emergency Abuse Stress,robustness-winner,9,0.504,0.303,0.172,0.388,0.242,0.146,0.327,0.470,0.000,0.371,0.000,0.609,0.699,0.181
emergency-abuse-stress,Emergency Abuse Stress,robustness-winner,10,0.505,0.304,0.171,0.377,0.242,0.135,0.322,0.474,0.000,0.346,0.000,0.612,0.701,0.187
emergency-abuse-stress,Emergency Abuse Stress,robustness-winner,11,0.505,0.305,0.170,0.365,0.242,0.123,0.318,0.478,0.000,0.321,0.000,0.615,0.702,0.192
emergency-abuse-stress,Emergency Abuse Stress,robustness-winner,12,0.506,0.307,0.169,0.353,0.243,0.110,0.315,0.482,0.000,0.294,0.000,0.619,0.704,0.198
emergency-abuse-stress,Emergency Abuse Stress,robustness-winner,13,0.507,0.309,0.169,0.340,0.243,0.097,0.313,0.485,0.000,0.265,0.000,0.623,0.705,0.204
emergency-abuse-stress,Emergency Abuse Stress,robustness-winner,14,0.508,0.310,0.168,0.326,0.243,0.083,0.312,0.489,0.000,0.236,0.000,0.628,0.707,0.210
emergency-abuse-stress,Emergency Abuse Stress,robustness-winner,15,0.508,0.312,0.167,0.312,0.244,0.069,0.311,0.493,0.000,0.205,0.000,0.633,0.709,0.216
emergency-abuse-stress,Emergency Abuse Stress,robustness-winner,16,0.509,0.314,0.167,0.298,0.244,0.054,0.311,0.497,0.000,0.173,0.000,0.638,0.711,0.222
emergency-abuse-stress,Emergency Abuse Stress,robustness-winner,17,0.511,0.315,0.166,0.282,0.244,0.038,0.312,0.501,0.000,0.140,0.000,0.643,0.714,0.229
emergency-abuse-stress,Emergency Abuse Stress,robustness-winner,18,0.512,0.317,0.165,0.267,0.245,0.022,0.312,0.505,0.000,0.105,0.000,0.650,0.716,0.236
emergency-abuse-stress,Emergency Abuse Stress,robustness-winner,19,0.513,0.319,0.165,0.250,0.245,0.005,0.313,0.510,0.000,0.069,0.000,0.656,0.719,0.244
emergency-abuse-stress,Emergency Abuse Stress,robustness-winner,20,0.514,0.322,0.164,0.234,0.234,0.000,0.314,0.513,0.000,0.042,0.000,0.662,0.722,0.248
emergency-abuse-stress,Emergency Abuse Stress,robustness-winner,21,0.516,0.323,0.164,0.221,0.221,0.000,0.314,0.516,0.000,0.025,0.000,0.668,0.725,0.250
emergency-abuse-stress,Emergency Abuse Stress,robustness-winner,22,0.517,0.325,0.163,0.213,0.213,0.000,0.313,0.518,0.000,0.014,0.000,0.672,0.727,0.252
emergency-abuse-stress,Emergency Abuse Stress,robustness-winner,23,0.518,0.326,0.163,0.207,0.207,0.000,0.313,0.520,0.000,0.007,0.000,0.677,0.729,0.253
emergency-abuse-stress,Emergency Abuse Stress,robustness-winner,24,0.519,0.328,0.163,0.204,0.204,0.000,0.312,0.521,0.000,0.003,0.000,0.680,0.731,0.254
emergency-abuse-stress,Emergency Abuse Stress,minimax-regret-winner,1,0.568,0.309,0.274,0.558,0.202,0.356,0.514,0.474,0.304,0.460,0.000,0.570,0.661,0.079
emergency-abuse-stress,Emergency Abuse Stress,minimax-regret-winner,2,0.566,0.304,0.274,0.627,0.201,0.426,0.449,0.445,0.260,0.632,0.000,0.549,0.654,0.053
emergency-abuse-stress,Emergency Abuse Stress,minimax-regret-winner,3,0.563,0.299,0.272,0.693,0.200,0.493,0.397,0.420,0.218,0.799,0.000,0.526,0.644,0.028
emergency-abuse-stress,Emergency Abuse Stress,minimax-regret-winner,4,0.560,0.294,0.269,0.755,0.198,0.557,0.355,0.399,0.179,0.961,0.000,0.501,0.634,0.006
emergency-abuse-stress,Emergency Abuse Stress,minimax-regret-winner,5,0.556,0.290,0.265,0.815,0.197,0.618,0.321,0.381,0.142,1.000,0.000,0.476,0.623,-0.015
emergency-abuse-stress,Emergency Abuse Stress,minimax-regret-winner,6,0.552,0.286,0.260,0.820,0.195,0.624,0.295,0.368,0.107,1.000,0.000,0.453,0.611,-0.019
emergency-abuse-stress,Emergency Abuse Stress,minimax-regret-winner,7,0.548,0.283,0.255,0.807,0.194,0.612,0.275,0.359,0.073,1.000,0.000,0.434,0.601,-0.016
emergency-abuse-stress,Emergency Abuse Stress,minimax-regret-winner,8,0.545,0.282,0.250,0.793,0.193,0.600,0.260,0.354,0.042,1.000,0.000,0.419,0.593,-0.011
emergency-abuse-stress,Emergency Abuse Stress,minimax-regret-winner,9,0.543,0.282,0.245,0.780,0.192,0.587,0.250,0.353,0.011,1.000,0.000,0.407,0.586,-0.004
emergency-abuse-stress,Emergency Abuse Stress,minimax-regret-winner,10,0.542,0.284,0.239,0.766,0.192,0.574,0.242,0.353,0.000,1.000,0.000,0.398,0.581,0.005
emergency-abuse-stress,Emergency Abuse Stress,minimax-regret-winner,11,0.540,0.284,0.236,0.760,0.191,0.569,0.237,0.353,0.000,1.000,0.000,0.390,0.577,0.007
emergency-abuse-stress,Emergency Abuse Stress,minimax-regret-winner,12,0.538,0.283,0.235,0.759,0.191,0.568,0.232,0.353,0.000,1.000,0.000,0.383,0.573,0.006
emergency-abuse-stress,Emergency Abuse Stress,minimax-regret-winner,13,0.537,0.281,0.234,0.758,0.190,0.568,0.228,0.353,0.000,1.000,0.000,0.376,0.570,0.006
emergency-abuse-stress,Emergency Abuse Stress,minimax-regret-winner,14,0.535,0.280,0.233,0.757,0.190,0.567,0.225,0.353,0.000,1.000,0.000,0.371,0.567,0.005
emergency-abuse-stress,Emergency Abuse Stress,minimax-regret-winner,15,0.534,0.279,0.233,0.756,0.189,0.566,0.222,0.354,0.000,1.000,0.000,0.365,0.564,0.004
emergency-abuse-stress,Emergency Abuse Stress,minimax-regret-winner,16,0.532,0.278,0.232,0.755,0.189,0.566,0.219,0.354,0.000,1.000,0.000,0.361,0.562,0.004
emergency-abuse-stress,Emergency Abuse Stress,minimax-regret-winner,17,0.531,0.277,0.232,0.755,0.189,0.566,0.217,0.354,0.000,1.000,0.000,0.356,0.560,0.004
emergency-abuse-stress,Emergency Abuse Stress,minimax-regret-winner,18,0.530,0.277,0.231,0.754,0.189,0.565,0.215,0.354,0.000,1.000,0.000,0.353,0.558,0.003
emergency-abuse-stress,Emergency Abuse Stress,minimax-regret-winner,19,0.529,0.276,0.231,0.753,0.188,0.565,0.213,0.354,0.000,1.000,0.000,0.349,0.556,0.003
emergency-abuse-stress,Emergency Abuse Stress,minimax-regret-winner,20,0.529,0.275,0.230,0.753,0.188,0.565,0.212,0.354,0.000,1.000,0.000,0.346,0.555,0.002
emergency-abuse-stress,Emergency Abuse Stress,minimax-regret-winner,21,0.528,0.275,0.230,0.752,0.188,0.564,0.211,0.354,0.000,1.000,0.000,0.344,0.553,0.002
emergency-abuse-stress,Emergency Abuse Stress,minimax-regret-winner,22,0.527,0.275,0.230,0.752,0.188,0.564,0.210,0.354,0.000,1.000,0.000,0.341,0.552,0.002
emergency-abuse-stress,Emergency Abuse Stress,minimax-regret-winner,23,0.527,0.274,0.229,0.752,0.188,0.564,0.209,0.354,0.000,1.000,0.000,0.339,0.551,0.002
emergency-abuse-stress,Emergency Abuse Stress,minimax-regret-winner,24,0.526,0.274,0.229,0.751,0.188,0.564,0.208,0.354,0.000,1.000,0.000,0.337,0.550,0.002
emergency-abuse-stress,Emergency Abuse Stress,rights-capture-winner,1,0.502,0.280,0.217,0.439,0.243,0.196,0.560,0.496,0.295,0.300,0.000,0.621,0.706,0.124
emergency-abuse-stress,Emergency Abuse Stress,rights-capture-winner,2,0.503,0.281,0.214,0.455,0.243,0.212,0.494,0.477,0.242,0.355,0.000,0.616,0.704,0.120
emergency-abuse-stress,Emergency Abuse Stress,rights-capture-winner,3,0.505,0.282,0.211,0.465,0.242,0.222,0.442,0.463,0.190,0.401,0.000,0.610,0.701,0.121
emergency-abuse-stress,Emergency Abuse Stress,rights-capture-winner,4,0.506,0.285,0.205,0.469,0.242,0.227,0.403,0.454,0.139,0.436,0.000,0.605,0.699,0.124
emergency-abuse-stress,Emergency Abuse Stress,rights-capture-winner,5,0.508,0.289,0.199,0.467,0.242,0.225,0.374,0.451,0.088,0.459,0.000,0.602,0.697,0.131
emergency-abuse-stress,Emergency Abuse Stress,rights-capture-winner,6,0.510,0.294,0.192,0.458,0.241,0.217,0.355,0.451,0.038,0.468,0.000,0.601,0.695,0.142
emergency-abuse-stress,Emergency Abuse Stress,rights-capture-winner,7,0.512,0.300,0.184,0.443,0.241,0.202,0.342,0.455,0.000,0.463,0.000,0.602,0.695,0.157
emergency-abuse-stress,Emergency Abuse Stress,rights-capture-winner,8,0.514,0.306,0.177,0.425,0.241,0.183,0.334,0.459,0.000,0.446,0.000,0.604,0.695,0.172
emergency-abuse-stress,Emergency Abuse Stress,rights-capture-winner,9,0.515,0.308,0.176,0.416,0.242,0.174,0.327,0.463,0.000,0.427,0.000,0.606,0.696,0.176
emergency-abuse-stress,Emergency Abuse Stress,rights-capture-winner,10,0.515,0.309,0.175,0.406,0.242,0.165,0.322,0.467,0.000,0.407,0.000,0.608,0.697,0.181
emergency-abuse-stress,Emergency Abuse Stress,rights-capture-winner,11,0.515,0.310,0.174,0.397,0.242,0.155,0.319,0.470,0.000,0.386,0.000,0.610,0.698,0.185
emergency-abuse-stress,Emergency Abuse Stress,rights-capture-winner,12,0.516,0.311,0.173,0.386,0.242,0.144,0.316,0.474,0.000,0.364,0.000,0.613,0.699,0.190
emergency-abuse-stress,Emergency Abuse Stress,rights-capture-winner,13,0.516,0.313,0.173,0.376,0.242,0.133,0.314,0.477,0.000,0.341,0.000,0.616,0.700,0.195
emergency-abuse-stress,Emergency Abuse Stress,rights-capture-winner,14,0.517,0.314,0.172,0.364,0.242,0.122,0.313,0.481,0.000,0.317,0.000,0.619,0.701,0.200
emergency-abuse-stress,Emergency Abuse Stress,rights-capture-winner,15,0.518,0.315,0.171,0.353,0.243,0.110,0.312,0.484,0.000,0.292,0.000,0.623,0.703,0.205
emergency-abuse-stress,Emergency Abuse Stress,rights-capture-winner,16,0.519,0.317,0.171,0.341,0.243,0.098,0.312,0.487,0.000,0.265,0.000,0.627,0.705,0.211
emergency-abuse-stress,Emergency Abuse Stress,rights-capture-winner,17,0.519,0.318,0.170,0.328,0.243,0.085,0.312,0.491,0.000,0.238,0.000,0.632,0.706,0.216
emergency-abuse-stress,Emergency Abuse Stress,rights-capture-winner,18,0.520,0.320,0.170,0.315,0.243,0.072,0.313,0.494,0.000,0.209,0.000,0.636,0.708,0.222
emergency-abuse-stress,Emergency Abuse Stress,rights-capture-winner,19,0.521,0.322,0.169,0.302,0.244,0.058,0.313,0.498,0.000,0.179,0.000,0.642,0.711,0.228
emergency-abuse-stress,Emergency Abuse Stress,rights-capture-winner,20,0.522,0.323,0.168,0.287,0.244,0.043,0.314,0.502,0.000,0.148,0.000,0.647,0.713,0.235
emergency-abuse-stress,Emergency Abuse Stress,rights-capture-winner,21,0.524,0.325,0.168,0.273,0.244,0.028,0.316,0.506,0.000,0.116,0.000,0.653,0.715,0.241
emergency-abuse-stress,Emergency Abuse Stress,rights-capture-winner,22,0.525,0.327,0.167,0.258,0.245,0.013,0.317,0.509,0.000,0.082,0.000,0.660,0.718,0.248
emergency-abuse-stress,Emergency Abuse Stress,rights-capture-winner,23,0.526,0.329,0.167,0.242,0.242,0.000,0.319,0.513,0.000,0.050,0.000,0.666,0.721,0.254
emergency-abuse-stress,Emergency Abuse Stress,rights-capture-winner,24,0.528,0.332,0.166,0.227,0.227,0.000,0.319,0.516,0.000,0.030,0.000,0.672,0.724,0.257
emergency-abuse-stress,Emergency Abuse Stress,legitimacy-winner,1,0.502,0.280,0.217,0.439,0.243,0.196,0.560,0.496,0.295,0.300,0.000,0.621,0.706,0.124
emergency-abuse-stress,Emergency Abuse Stress,legitimacy-winner,2,0.503,0.281,0.214,0.455,0.243,0.212,0.494,0.477,0.242,0.355,0.000,0.616,0.704,0.120
emergency-abuse-stress,Emergency Abuse Stress,legitimacy-winner,3,0.505,0.282,0.211,0.465,0.242,0.222,0.442,0.463,0.190,0.401,0.000,0.610,0.701,0.121
emergency-abuse-stress,Emergency Abuse Stress,legitimacy-winner,4,0.506,0.285,0.205,0.469,0.242,0.227,0.403,0.454,0.139,0.436,0.000,0.605,0.699,0.124
emergency-abuse-stress,Emergency Abuse Stress,legitimacy-winner,5,0.508,0.289,0.199,0.467,0.242,0.225,0.374,0.451,0.088,0.459,0.000,0.602,0.697,0.131
emergency-abuse-stress,Emergency Abuse Stress,legitimacy-winner,6,0.510,0.294,0.192,0.458,0.241,0.217,0.355,0.451,0.038,0.468,0.000,0.601,0.695,0.142
emergency-abuse-stress,Emergency Abuse Stress,legitimacy-winner,7,0.512,0.300,0.184,0.443,0.241,0.202,0.342,0.455,0.000,0.463,0.000,0.602,0.695,0.157
emergency-abuse-stress,Emergency Abuse Stress,legitimacy-winner,8,0.514,0.306,0.177,0.425,0.241,0.183,0.334,0.459,0.000,0.446,0.000,0.604,0.695,0.172
emergency-abuse-stress,Emergency Abuse Stress,legitimacy-winner,9,0.515,0.308,0.176,0.416,0.242,0.174,0.327,0.463,0.000,0.427,0.000,0.606,0.696,0.176
emergency-abuse-stress,Emergency Abuse Stress,legitimacy-winner,10,0.515,0.309,0.175,0.406,0.242,0.165,0.322,0.467,0.000,0.407,0.000,0.608,0.697,0.181
emergency-abuse-stress,Emergency Abuse Stress,legitimacy-winner,11,0.515,0.310,0.174,0.397,0.242,0.155,0.319,0.470,0.000,0.386,0.000,0.610,0.698,0.185
emergency-abuse-stress,Emergency Abuse Stress,legitimacy-winner,12,0.516,0.311,0.173,0.386,0.242,0.144,0.316,0.474,0.000,0.364,0.000,0.613,0.699,0.190
emergency-abuse-stress,Emergency Abuse Stress,legitimacy-winner,13,0.516,0.313,0.173,0.376,0.242,0.133,0.314,0.477,0.000,0.341,0.000,0.616,0.700,0.195
emergency-abuse-stress,Emergency Abuse Stress,legitimacy-winner,14,0.517,0.314,0.172,0.364,0.242,0.122,0.313,0.481,0.000,0.317,0.000,0.619,0.701,0.200
emergency-abuse-stress,Emergency Abuse Stress,legitimacy-winner,15,0.518,0.315,0.171,0.353,0.243,0.110,0.312,0.484,0.000,0.292,0.000,0.623,0.703,0.205
emergency-abuse-stress,Emergency Abuse Stress,legitimacy-winner,16,0.519,0.317,0.171,0.341,0.243,0.098,0.312,0.487,0.000,0.265,0.000,0.627,0.705,0.211
emergency-abuse-stress,Emergency Abuse Stress,legitimacy-winner,17,0.519,0.318,0.170,0.328,0.243,0.085,0.312,0.491,0.000,0.238,0.000,0.632,0.706,0.216
emergency-abuse-stress,Emergency Abuse Stress,legitimacy-winner,18,0.520,0.320,0.170,0.315,0.243,0.072,0.313,0.494,0.000,0.209,0.000,0.636,0.708,0.222
emergency-abuse-stress,Emergency Abuse Stress,legitimacy-winner,19,0.521,0.322,0.169,0.302,0.244,0.058,0.313,0.498,0.000,0.179,0.000,0.642,0.711,0.228
emergency-abuse-stress,Emergency Abuse Stress,legitimacy-winner,20,0.522,0.323,0.168,0.287,0.244,0.043,0.314,0.502,0.000,0.148,0.000,0.647,0.713,0.235
emergency-abuse-stress,Emergency Abuse Stress,legitimacy-winner,21,0.524,0.325,0.168,0.273,0.244,0.028,0.316,0.506,0.000,0.116,0.000,0.653,0.715,0.241
emergency-abuse-stress,Emergency Abuse Stress,legitimacy-winner,22,0.525,0.327,0.167,0.258,0.245,0.013,0.317,0.509,0.000,0.082,0.000,0.660,0.718,0.248
emergency-abuse-stress,Emergency Abuse Stress,legitimacy-winner,23,0.526,0.329,0.167,0.242,0.242,0.000,0.319,0.513,0.000,0.050,0.000,0.666,0.721,0.254
emergency-abuse-stress,Emergency Abuse Stress,legitimacy-winner,24,0.528,0.332,0.166,0.227,0.227,0.000,0.319,0.516,0.000,0.030,0.000,0.672,0.724,0.257
emergency-abuse-stress,Emergency Abuse Stress,efficiency-caution,1,0.603,0.320,0.305,0.613,0.205,0.408,0.493,0.461,0.353,0.506,0.000,0.545,0.670,0.060
emergency-abuse-stress,Emergency Abuse Stress,efficiency-caution,2,0.599,0.310,0.307,0.705,0.204,0.501,0.427,0.425,0.319,0.721,0.000,0.518,0.660,0.021
emergency-abuse-stress,Emergency Abuse Stress,efficiency-caution,3,0.594,0.300,0.308,0.797,0.203,0.594,0.372,0.392,0.289,0.937,0.000,0.488,0.648,-0.017
emergency-abuse-stress,Emergency Abuse Stress,efficiency-caution,4,0.588,0.290,0.308,0.887,0.201,0.686,0.326,0.362,0.261,1.000,0.000,0.454,0.634,-0.055
emergency-abuse-stress,Emergency Abuse Stress,efficiency-caution,5,0.580,0.280,0.307,0.909,0.199,0.710,0.287,0.337,0.236,1.000,0.000,0.422,0.619,-0.071
emergency-abuse-stress,Emergency Abuse Stress,efficiency-caution,6,0.573,0.271,0.305,0.902,0.197,0.705,0.255,0.317,0.213,1.000,0.000,0.393,0.604,-0.078
emergency-abuse-stress,Emergency Abuse Stress,efficiency-caution,7,0.567,0.264,0.303,0.894,0.195,0.699,0.228,0.302,0.193,1.000,0.000,0.369,0.592,-0.082
emergency-abuse-stress,Emergency Abuse Stress,efficiency-caution,8,0.562,0.258,0.300,0.887,0.194,0.693,0.206,0.290,0.174,1.000,0.000,0.347,0.580,-0.085
emergency-abuse-stress,Emergency Abuse Stress,efficiency-caution,9,0.557,0.254,0.298,0.879,0.193,0.687,0.188,0.282,0.157,1.000,0.000,0.328,0.571,-0.086
emergency-abuse-stress,Emergency Abuse Stress,efficiency-caution,10,0.553,0.251,0.295,0.872,0.192,0.681,0.174,0.275,0.141,1.000,0.000,0.312,0.562,-0.086
emergency-abuse-stress,Emergency Abuse Stress,efficiency-caution,11,0.550,0.249,0.291,0.865,0.191,0.674,0.162,0.271,0.127,1.000,0.000,0.298,0.555,-0.085
emergency-abuse-stress,Emergency Abuse Stress,efficiency-caution,12,0.547,0.247,0.288,0.858,0.190,0.668,0.154,0.269,0.113,1.000,0.000,0.287,0.549,-0.083
emergency-abuse-stress,Emergency Abuse Stress,efficiency-caution,13,0.545,0.247,0.285,0.851,0.189,0.662,0.147,0.268,0.100,1.000,0.000,0.278,0.544,-0.080
emergency-abuse-stress,Emergency Abuse Stress,efficiency-caution,14,0.543,0.247,0.282,0.844,0.189,0.655,0.143,0.269,0.087,1.000,0.000,0.270,0.539,-0.077
emergency-abuse-stress,Emergency Abuse Stress,efficiency-caution,15,0.542,0.247,0.279,0.837,0.188,0.649,0.140,0.270,0.074,1.000,0.000,0.264,0.536,-0.073
emergency-abuse-stress,Emergency Abuse Stress,efficiency-caution,16,0.541,0.248,0.275,0.831,0.188,0.643,0.139,0.272,0.062,1.000,0.000,0.260,0.533,-0.069
emergency-abuse-stress,Emergency Abuse Stress,efficiency-caution,17,0.540,0.249,0.272,0.824,0.188,0.637,0.139,0.276,0.050,1.000,0.000,0.257,0.532,-0.064
emergency-abuse-stress,Emergency Abuse Stress,efficiency-caution,18,0.540,0.251,0.269,0.818,0.187,0.630,0.141,0.279,0.038,1.000,0.000,0.255,0.530,-0.059
emergency-abuse-stress,Emergency Abuse Stress,efficiency-caution,19,0.540,0.253,0.266,0.811,0.187,0.624,0.143,0.284,0.027,1.000,0.000,0.255,0.529,-0.053
emergency-abuse-stress,Emergency Abuse Stress,efficiency-caution,20,0.541,0.256,0.263,0.805,0.187,0.617,0.146,0.288,0.014,1.000,0.000,0.256,0.529,-0.047
emergency-abuse-stress,Emergency Abuse Stress,efficiency-caution,21,0.542,0.259,0.260,0.798,0.187,0.611,0.150,0.294,0.002,1.000,0.000,0.257,0.530,-0.041
emergency-abuse-stress,Emergency Abuse Stress,efficiency-caution,22,0.543,0.262,0.256,0.792,0.188,0.604,0.155,0.299,0.000,1.000,0.000,0.259,0.530,-0.034
emergency-abuse-stress,Emergency Abuse Stress,efficiency-caution,23,0.543,0.264,0.255,0.789,0.188,0.602,0.159,0.303,0.000,1.000,0.000,0.262,0.531,-0.031
emergency-abuse-stress,Emergency Abuse Stress,efficiency-caution,24,0.544,0.265,0.254,0.788,0.188,0.600,0.162,0.307,0.000,1.000,0.000,0.264,0.532,-0.029
emergency-abuse-stress,Emergency Abuse Stress,current-system-baseline,1,0.302,0.140,0.168,0.440,0.244,0.196,0.439,0.418,0.564,0.306,0.000,0.493,0.682,0.006
emergency-abuse-stress,Emergency Abuse Stress,current-system-baseline,2,0.301,0.133,0.173,0.464,0.243,0.220,0.361,0.373,0.550,0.355,0.000,0.476,0.676,-0.011
emergency-abuse-stress,Emergency Abuse Stress,current-system-baseline,3,0.299,0.127,0.177,0.488,0.242,0.246,0.295,0.335,0.539,0.409,0.000,0.457,0.668,-0.027
emergency-abuse-stress,Emergency Abuse Stress,current-system-baseline,4,0.297,0.121,0.180,0.514,0.241,0.273,0.240,0.302,0.529,0.466,0.000,0.437,0.660,-0.042
emergency-abuse-stress,Emergency Abuse Stress,current-system-baseline,5,0.295,0.115,0.182,0.541,0.240,0.301,0.194,0.272,0.522,0.526,0.000,0.416,0.651,-0.057
emergency-abuse-stress,Emergency Abuse Stress,current-system-baseline,6,0.292,0.110,0.184,0.569,0.238,0.331,0.155,0.246,0.516,0.589,0.000,0.394,0.641,-0.072
emergency-abuse-stress,Emergency Abuse Stress,current-system-baseline,7,0.290,0.105,0.186,0.598,0.237,0.361,0.123,0.223,0.512,0.655,0.000,0.372,0.632,-0.086
emergency-abuse-stress,Emergency Abuse Stress,current-system-baseline,8,0.287,0.101,0.187,0.628,0.235,0.393,0.095,0.202,0.510,0.724,0.000,0.349,0.621,-0.101
emergency-abuse-stress,Emergency Abuse Stress,current-system-baseline,9,0.284,0.097,0.187,0.659,0.233,0.426,0.071,0.182,0.509,0.795,0.000,0.325,0.611,-0.115
emergency-abuse-stress,Emergency Abuse Stress,current-system-baseline,10,0.280,0.092,0.188,0.691,0.232,0.460,0.050,0.164,0.510,0.869,0.000,0.302,0.601,-0.130
emergency-abuse-stress,Emergency Abuse Stress,current-system-baseline,11,0.277,0.088,0.188,0.725,0.230,0.495,0.033,0.146,0.512,0.945,0.000,0.278,0.590,-0.145
emergency-abuse-stress,Emergency Abuse Stress,current-system-baseline,12,0.273,0.084,0.188,0.760,0.228,0.531,0.017,0.130,0.516,1.000,0.000,0.253,0.579,-0.160
emergency-abuse-stress,Emergency Abuse Stress,current-system-baseline,13,0.270,0.080,0.188,0.785,0.227,0.558,0.003,0.114,0.521,1.000,0.000,0.229,0.568,-0.172
emergency-abuse-stress,Emergency Abuse Stress,current-system-baseline,14,0.266,0.076,0.188,0.786,0.225,0.561,0.000,0.099,0.527,1.000,0.000,0.207,0.557,-0.177
emergency-abuse-stress,Emergency Abuse Stress,current-system-baseline,15,0.263,0.073,0.188,0.787,0.223,0.564,0.000,0.086,0.535,1.000,0.000,0.188,0.548,-0.181
emergency-abuse-stress,Emergency Abuse Stress,current-system-baseline,16,0.260,0.070,0.188,0.789,0.222,0.567,0.000,0.075,0.543,1.000,0.000,0.170,0.539,-0.185
emergency-abuse-stress,Emergency Abuse Stress,current-system-baseline,17,0.257,0.067,0.188,0.791,0.221,0.570,0.000,0.064,0.553,1.000,0.000,0.153,0.531,-0.189
emergency-abuse-stress,Emergency Abuse Stress,current-system-baseline,18,0.254,0.064,0.189,0.793,0.220,0.573,0.000,0.053,0.564,1.000,0.000,0.138,0.523,-0.193
emergency-abuse-stress,Emergency Abuse Stress,current-system-baseline,19,0.251,0.061,0.189,0.795,0.219,0.576,0.000,0.043,0.575,1.000,0.001,0.124,0.516,-0.197
emergency-abuse-stress,Emergency Abuse Stress,current-system-baseline,20,0.249,0.058,0.189,0.797,0.218,0.580,0.000,0.034,0.587,1.000,0.002,0.111,0.510,-0.201
emergency-abuse-stress,Emergency Abuse Stress,current-system-baseline,21,0.246,0.056,0.189,0.800,0.217,0.584,0.000,0.025,0.600,1.000,0.005,0.098,0.504,-0.205
emergency-abuse-stress,Emergency Abuse Stress,current-system-baseline,22,0.244,0.053,0.190,0.803,0.216,0.588,0.000,0.015,0.613,1.000,0.008,0.086,0.498,-0.208
emergency-abuse-stress,Emergency Abuse Stress,current-system-baseline,23,0.241,0.051,0.190,0.806,0.215,0.592,0.000,0.006,0.627,1.000,0.012,0.075,0.492,-0.212
emergency-abuse-stress,Emergency Abuse Stress,current-system-baseline,24,0.239,0.048,0.190,0.810,0.214,0.596,0.000,0.000,0.642,1.000,0.017,0.063,0.486,-0.216
administrative-complexity-stress,Administrative Overload and Complexity Stress,balanced-winner,1,0.517,0.292,0.196,0.270,0.195,0.075,0.557,0.509,0.313,0.161,0.000,0.612,0.596,0.185
administrative-complexity-stress,Administrative Overload and Complexity Stress,balanced-winner,2,0.519,0.291,0.196,0.262,0.195,0.066,0.494,0.490,0.275,0.153,0.000,0.611,0.595,0.186
administrative-complexity-stress,Administrative Overload and Complexity Stress,balanced-winner,3,0.520,0.291,0.194,0.251,0.195,0.056,0.444,0.477,0.238,0.141,0.000,0.609,0.595,0.190
administrative-complexity-stress,Administrative Overload and Complexity Stress,balanced-winner,4,0.522,0.293,0.192,0.239,0.195,0.044,0.405,0.469,0.202,0.125,0.000,0.609,0.594,0.196
administrative-complexity-stress,Administrative Overload and Complexity Stress,balanced-winner,5,0.523,0.296,0.189,0.225,0.195,0.030,0.376,0.465,0.166,0.105,0.000,0.609,0.594,0.203
administrative-complexity-stress,Administrative Overload and Complexity Stress,balanced-winner,6,0.525,0.300,0.185,0.208,0.195,0.013,0.354,0.465,0.131,0.081,0.000,0.611,0.594,0.213
administrative-complexity-stress,Administrative Overload and Complexity Stress,balanced-winner,7,0.527,0.305,0.180,0.190,0.190,0.000,0.338,0.467,0.096,0.056,0.000,0.614,0.595,0.224
administrative-complexity-stress,Administrative Overload and Complexity Stress,balanced-winner,8,0.530,0.310,0.175,0.171,0.171,0.000,0.327,0.471,0.061,0.041,0.000,0.617,0.596,0.232
administrative-complexity-stress,Administrative Overload and Complexity Stress,balanced-winner,9,0.532,0.317,0.169,0.155,0.155,0.000,0.320,0.477,0.027,0.032,0.000,0.622,0.598,0.241
administrative-complexity-stress,Administrative Overload and Complexity Stress,balanced-winner,10,0.535,0.323,0.163,0.142,0.142,0.000,0.315,0.483,0.000,0.028,0.000,0.626,0.599,0.250
administrative-complexity-stress,Administrative Overload and Complexity Stress,balanced-winner,11,0.537,0.330,0.158,0.132,0.132,0.000,0.313,0.488,0.000,0.025,0.000,0.630,0.601,0.258
administrative-complexity-stress,Administrative Overload and Complexity Stress,balanced-winner,12,0.538,0.331,0.157,0.130,0.130,0.000,0.311,0.492,0.000,0.024,0.000,0.634,0.603,0.261
administrative-complexity-stress,Administrative Overload and Complexity Stress,balanced-winner,13,0.539,0.333,0.157,0.129,0.129,0.000,0.309,0.496,0.000,0.022,0.000,0.636,0.604,0.263
administrative-complexity-stress,Administrative Overload and Complexity Stress,balanced-winner,14,0.539,0.335,0.156,0.128,0.128,0.000,0.309,0.499,0.000,0.022,0.000,0.639,0.606,0.264
administrative-complexity-stress,Administrative Overload and Complexity Stress,balanced-winner,15,0.540,0.336,0.155,0.127,0.127,0.000,0.308,0.501,0.000,0.021,0.000,0.641,0.607,0.266
administrative-complexity-stress,Administrative Overload and Complexity Stress,balanced-winner,16,0.540,0.337,0.155,0.127,0.127,0.000,0.308,0.504,0.000,0.021,0.000,0.643,0.608,0.267
administrative-complexity-stress,Administrative Overload and Complexity Stress,balanced-winner,17,0.541,0.338,0.155,0.126,0.126,0.000,0.308,0.506,0.000,0.021,0.000,0.645,0.608,0.268
administrative-complexity-stress,Administrative Overload and Complexity Stress,balanced-winner,18,0.541,0.339,0.154,0.126,0.126,0.000,0.308,0.507,0.000,0.020,0.000,0.646,0.609,0.269
administrative-complexity-stress,Administrative Overload and Complexity Stress,balanced-winner,19,0.542,0.339,0.154,0.126,0.126,0.000,0.308,0.509,0.000,0.020,0.000,0.648,0.610,0.270
administrative-complexity-stress,Administrative Overload and Complexity Stress,balanced-winner,20,0.542,0.340,0.154,0.126,0.126,0.000,0.309,0.510,0.000,0.020,0.000,0.649,0.610,0.271
administrative-complexity-stress,Administrative Overload and Complexity Stress,balanced-winner,21,0.542,0.340,0.154,0.125,0.125,0.000,0.309,0.511,0.000,0.020,0.000,0.650,0.611,0.271
administrative-complexity-stress,Administrative Overload and Complexity Stress,balanced-winner,22,0.542,0.341,0.153,0.125,0.125,0.000,0.310,0.512,0.000,0.020,0.000,0.651,0.611,0.272
administrative-complexity-stress,Administrative Overload and Complexity Stress,balanced-winner,23,0.543,0.341,0.153,0.125,0.125,0.000,0.310,0.512,0.000,0.020,0.000,0.652,0.612,0.272
administrative-complexity-stress,Administrative Overload and Complexity Stress,balanced-winner,24,0.543,0.342,0.153,0.125,0.125,0.000,0.310,0.513,0.000,0.020,0.000,0.653,0.612,0.273
administrative-complexity-stress,Administrative Overload and Complexity Stress,robustness-winner,1,0.437,0.244,0.164,0.239,0.217,0.022,0.560,0.501,0.294,0.115,0.000,0.621,0.625,0.165
administrative-complexity-stress,Administrative Overload and Complexity Stress,robustness-winner,2,0.441,0.246,0.162,0.213,0.213,0.000,0.495,0.488,0.245,0.073,0.000,0.625,0.627,0.174
administrative-complexity-stress,Administrative Overload and Complexity Stress,robustness-winner,3,0.444,0.250,0.159,0.187,0.187,0.000,0.442,0.479,0.197,0.047,0.000,0.628,0.628,0.179
administrative-complexity-stress,Administrative Overload and Complexity Stress,robustness-winner,4,0.447,0.254,0.155,0.167,0.167,0.000,0.400,0.475,0.150,0.031,0.000,0.631,0.629,0.185
administrative-complexity-stress,Administrative Overload and Complexity Stress,robustness-winner,5,0.450,0.259,0.151,0.150,0.150,0.000,0.368,0.473,0.104,0.023,0.000,0.634,0.631,0.192
administrative-complexity-stress,Administrative Overload and Complexity Stress,robustness-winner,6,0.453,0.265,0.146,0.135,0.135,0.000,0.343,0.475,0.059,0.018,0.000,0.637,0.632,0.200
administrative-complexity-stress,Administrative Overload and Complexity Stress,robustness-winner,7,0.456,0.271,0.140,0.122,0.122,0.000,0.325,0.479,0.014,0.017,0.000,0.642,0.633,0.208
administrative-complexity-stress,Administrative Overload and Complexity Stress,robustness-winner,8,0.459,0.278,0.134,0.110,0.110,0.000,0.312,0.483,0.000,0.017,0.000,0.645,0.635,0.218
administrative-complexity-stress,Administrative Overload and Complexity Stress,robustness-winner,9,0.460,0.282,0.132,0.106,0.106,0.000,0.302,0.486,0.000,0.017,0.000,0.648,0.637,0.222
administrative-complexity-stress,Administrative Overload and Complexity Stress,robustness-winner,10,0.461,0.283,0.131,0.106,0.106,0.000,0.294,0.489,0.000,0.018,0.000,0.651,0.638,0.224
administrative-complexity-stress,Administrative Overload and Complexity Stress,robustness-winner,11,0.461,0.284,0.131,0.105,0.105,0.000,0.287,0.492,0.000,0.018,0.000,0.652,0.639,0.225
administrative-complexity-stress,Administrative Overload and Complexity Stress,robustness-winner,12,0.461,0.285,0.130,0.105,0.105,0.000,0.282,0.494,0.000,0.018,0.000,0.654,0.640,0.226
administrative-complexity-stress,Administrative Overload and Complexity Stress,robustness-winner,13,0.461,0.285,0.130,0.105,0.105,0.000,0.278,0.496,0.000,0.018,0.000,0.655,0.640,0.227
administrative-complexity-stress,Administrative Overload and Complexity Stress,robustness-winner,14,0.462,0.286,0.130,0.105,0.105,0.000,0.275,0.498,0.000,0.018,0.000,0.655,0.641,0.227
administrative-complexity-stress,Administrative Overload and Complexity Stress,robustness-winner,15,0.462,0.286,0.129,0.104,0.104,0.000,0.272,0.499,0.000,0.018,0.000,0.656,0.641,0.228
administrative-complexity-stress,Administrative Overload and Complexity Stress,robustness-winner,16,0.462,0.287,0.129,0.104,0.104,0.000,0.270,0.500,0.000,0.018,0.000,0.656,0.641,0.228
administrative-complexity-stress,Administrative Overload and Complexity Stress,robustness-winner,17,0.462,0.287,0.129,0.104,0.104,0.000,0.269,0.501,0.000,0.018,0.000,0.657,0.641,0.229
administrative-complexity-stress,Administrative Overload and Complexity Stress,robustness-winner,18,0.462,0.287,0.129,0.104,0.104,0.000,0.267,0.502,0.000,0.018,0.000,0.657,0.641,0.229
administrative-complexity-stress,Administrative Overload and Complexity Stress,robustness-winner,19,0.462,0.287,0.129,0.104,0.104,0.000,0.266,0.503,0.000,0.018,0.000,0.657,0.642,0.229
administrative-complexity-stress,Administrative Overload and Complexity Stress,robustness-winner,20,0.462,0.287,0.128,0.104,0.104,0.000,0.266,0.503,0.000,0.018,0.000,0.657,0.642,0.230
administrative-complexity-stress,Administrative Overload and Complexity Stress,robustness-winner,21,0.462,0.288,0.128,0.104,0.104,0.000,0.265,0.504,0.000,0.018,0.000,0.657,0.642,0.230
administrative-complexity-stress,Administrative Overload and Complexity Stress,robustness-winner,22,0.462,0.288,0.128,0.104,0.104,0.000,0.265,0.504,0.000,0.018,0.000,0.657,0.642,0.230
administrative-complexity-stress,Administrative Overload and Complexity Stress,robustness-winner,23,0.462,0.288,0.128,0.103,0.103,0.000,0.264,0.505,0.000,0.018,0.000,0.657,0.642,0.230
administrative-complexity-stress,Administrative Overload and Complexity Stress,robustness-winner,24,0.462,0.288,0.128,0.103,0.103,0.000,0.264,0.505,0.000,0.018,0.000,0.657,0.642,0.230
administrative-complexity-stress,Administrative Overload and Complexity Stress,minimax-regret-winner,1,0.508,0.276,0.212,0.305,0.180,0.125,0.518,0.482,0.310,0.222,0.000,0.583,0.585,0.150
administrative-complexity-stress,Administrative Overload and Complexity Stress,minimax-regret-winner,2,0.509,0.275,0.211,0.305,0.180,0.125,0.457,0.463,0.271,0.235,0.000,0.579,0.584,0.149
administrative-complexity-stress,Administrative Overload and Complexity Stress,minimax-regret-winner,3,0.510,0.275,0.210,0.303,0.180,0.123,0.408,0.449,0.233,0.243,0.000,0.575,0.582,0.150
administrative-complexity-stress,Administrative Overload and Complexity Stress,minimax-regret-winner,4,0.511,0.276,0.208,0.298,0.180,0.118,0.370,0.439,0.196,0.245,0.000,0.571,0.580,0.153
administrative-complexity-stress,Administrative Overload and Complexity Stress,minimax-regret-winner,5,0.512,0.278,0.204,0.290,0.179,0.111,0.341,0.434,0.160,0.243,0.000,0.569,0.579,0.158
administrative-complexity-stress,Administrative Overload and Complexity Stress,minimax-regret-winner,6,0.514,0.281,0.200,0.280,0.179,0.101,0.320,0.433,0.124,0.234,0.000,0.568,0.578,0.166
administrative-complexity-stress,Administrative Overload and Complexity Stress,minimax-regret-winner,7,0.515,0.285,0.196,0.267,0.179,0.088,0.305,0.434,0.089,0.220,0.000,0.568,0.577,0.175
administrative-complexity-stress,Administrative Overload and Complexity Stress,minimax-regret-winner,8,0.517,0.290,0.191,0.252,0.179,0.073,0.295,0.439,0.053,0.201,0.000,0.571,0.578,0.186
administrative-complexity-stress,Administrative Overload and Complexity Stress,minimax-regret-winner,9,0.519,0.297,0.185,0.234,0.179,0.055,0.291,0.446,0.018,0.176,0.000,0.575,0.579,0.200
administrative-complexity-stress,Administrative Overload and Complexity Stress,minimax-regret-winner,10,0.522,0.304,0.179,0.214,0.180,0.034,0.289,0.454,0.000,0.145,0.000,0.580,0.580,0.215
administrative-complexity-stress,Administrative Overload and Complexity Stress,minimax-regret-winner,11,0.524,0.309,0.175,0.197,0.180,0.017,0.290,0.462,0.000,0.113,0.000,0.586,0.582,0.226
administrative-complexity-stress,Administrative Overload and Complexity Stress,minimax-regret-winner,12,0.525,0.312,0.174,0.183,0.180,0.003,0.291,0.469,0.000,0.082,0.000,0.591,0.585,0.233
administrative-complexity-stress,Administrative Overload and Complexity Stress,minimax-regret-winner,13,0.527,0.315,0.172,0.170,0.170,0.000,0.291,0.475,0.000,0.059,0.000,0.597,0.587,0.237
administrative-complexity-stress,Administrative Overload and Complexity Stress,minimax-regret-winner,14,0.528,0.317,0.171,0.161,0.161,0.000,0.292,0.480,0.000,0.045,0.000,0.601,0.589,0.240
administrative-complexity-stress,Administrative Overload and Complexity Stress,minimax-regret-winner,15,0.529,0.319,0.171,0.155,0.155,0.000,0.292,0.484,0.000,0.035,0.000,0.605,0.591,0.242
administrative-complexity-stress,Administrative Overload and Complexity Stress,minimax-regret-winner,16,0.530,0.321,0.170,0.151,0.151,0.000,0.292,0.487,0.000,0.029,0.000,0.609,0.593,0.244
administrative-complexity-stress,Administrative Overload and Complexity Stress,minimax-regret-winner,17,0.530,0.322,0.170,0.148,0.148,0.000,0.292,0.490,0.000,0.025,0.000,0.612,0.594,0.246
administrative-complexity-stress,Administrative Overload and Complexity Stress,minimax-regret-winner,18,0.531,0.323,0.169,0.146,0.146,0.000,0.293,0.493,0.000,0.023,0.000,0.615,0.596,0.247
administrative-complexity-stress,Administrative Overload and Complexity Stress,minimax-regret-winner,19,0.532,0.324,0.169,0.145,0.145,0.000,0.293,0.495,0.000,0.021,0.000,0.617,0.597,0.248
administrative-complexity-stress,Administrative Overload and Complexity Stress,minimax-regret-winner,20,0.532,0.325,0.169,0.144,0.144,0.000,0.294,0.496,0.000,0.020,0.000,0.619,0.598,0.249
administrative-complexity-stress,Administrative Overload and Complexity Stress,minimax-regret-winner,21,0.533,0.326,0.168,0.144,0.144,0.000,0.294,0.498,0.000,0.019,0.000,0.621,0.599,0.250
administrative-complexity-stress,Administrative Overload and Complexity Stress,minimax-regret-winner,22,0.533,0.327,0.168,0.143,0.143,0.000,0.295,0.499,0.000,0.019,0.000,0.623,0.600,0.251
administrative-complexity-stress,Administrative Overload and Complexity Stress,minimax-regret-winner,23,0.533,0.327,0.168,0.143,0.143,0.000,0.295,0.500,0.000,0.019,0.000,0.625,0.600,0.252
administrative-complexity-stress,Administrative Overload and Complexity Stress,minimax-regret-winner,24,0.534,0.328,0.168,0.143,0.143,0.000,0.296,0.501,0.000,0.018,0.000,0.626,0.601,0.252
administrative-complexity-stress,Administrative Overload and Complexity Stress,rights-capture-winner,1,0.449,0.251,0.167,0.241,0.218,0.024,0.562,0.502,0.301,0.115,0.000,0.629,0.627,0.170
administrative-complexity-stress,Administrative Overload and Complexity Stress,rights-capture-winner,2,0.452,0.253,0.166,0.217,0.217,0.000,0.497,0.488,0.254,0.073,0.000,0.632,0.628,0.178
administrative-complexity-stress,Administrative Overload and Complexity Stress,rights-capture-winner,3,0.455,0.256,0.163,0.191,0.191,0.000,0.444,0.479,0.208,0.047,0.000,0.635,0.630,0.183
administrative-complexity-stress,Administrative Overload and Complexity Stress,rights-capture-winner,4,0.458,0.260,0.159,0.171,0.171,0.000,0.403,0.474,0.163,0.031,0.000,0.637,0.631,0.188
administrative-complexity-stress,Administrative Overload and Complexity Stress,rights-capture-winner,5,0.461,0.265,0.155,0.155,0.155,0.000,0.370,0.471,0.119,0.023,0.000,0.640,0.632,0.195
administrative-complexity-stress,Administrative Overload and Complexity Stress,rights-capture-winner,6,0.463,0.270,0.150,0.141,0.141,0.000,0.345,0.472,0.075,0.018,0.000,0.643,0.633,0.202
administrative-complexity-stress,Administrative Overload and Complexity Stress,rights-capture-winner,7,0.466,0.276,0.145,0.128,0.128,0.000,0.327,0.476,0.033,0.016,0.000,0.646,0.634,0.211
administrative-complexity-stress,Administrative Overload and Complexity Stress,rights-capture-winner,8,0.469,0.283,0.139,0.116,0.116,0.000,0.314,0.480,0.000,0.016,0.000,0.650,0.636,0.220
administrative-complexity-stress,Administrative Overload and Complexity Stress,rights-capture-winner,9,0.471,0.288,0.135,0.107,0.107,0.000,0.305,0.484,0.000,0.017,0.000,0.653,0.637,0.228
administrative-complexity-stress,Administrative Overload and Complexity Stress,rights-capture-winner,10,0.472,0.290,0.134,0.107,0.107,0.000,0.297,0.487,0.000,0.018,0.000,0.656,0.638,0.229
administrative-complexity-stress,Administrative Overload and Complexity Stress,rights-capture-winner,11,0.472,0.291,0.133,0.107,0.107,0.000,0.291,0.490,0.000,0.018,0.000,0.658,0.640,0.231
administrative-complexity-stress,Administrative Overload and Complexity Stress,rights-capture-winner,12,0.473,0.292,0.133,0.107,0.107,0.000,0.287,0.493,0.000,0.018,0.000,0.659,0.640,0.232
administrative-complexity-stress,Administrative Overload and Complexity Stress,rights-capture-winner,13,0.473,0.292,0.133,0.107,0.107,0.000,0.283,0.495,0.000,0.018,0.000,0.660,0.641,0.233
administrative-complexity-stress,Administrative Overload and Complexity Stress,rights-capture-winner,14,0.473,0.293,0.132,0.106,0.106,0.000,0.280,0.496,0.000,0.018,0.000,0.661,0.641,0.234
administrative-complexity-stress,Administrative Overload and Complexity Stress,rights-capture-winner,15,0.473,0.294,0.132,0.106,0.106,0.000,0.278,0.498,0.000,0.018,0.000,0.662,0.642,0.234
administrative-complexity-stress,Administrative Overload and Complexity Stress,rights-capture-winner,16,0.473,0.294,0.132,0.106,0.106,0.000,0.276,0.499,0.000,0.018,0.000,0.662,0.642,0.235
administrative-complexity-stress,Administrative Overload and Complexity Stress,rights-capture-winner,17,0.473,0.294,0.131,0.106,0.106,0.000,0.275,0.500,0.000,0.018,0.000,0.663,0.642,0.235
administrative-complexity-stress,Administrative Overload and Complexity Stress,rights-capture-winner,18,0.474,0.295,0.131,0.106,0.106,0.000,0.274,0.501,0.000,0.018,0.000,0.663,0.642,0.236
administrative-complexity-stress,Administrative Overload and Complexity Stress,rights-capture-winner,19,0.474,0.295,0.131,0.105,0.105,0.000,0.273,0.502,0.000,0.018,0.000,0.664,0.643,0.236
administrative-complexity-stress,Administrative Overload and Complexity Stress,rights-capture-winner,20,0.474,0.295,0.131,0.105,0.105,0.000,0.272,0.503,0.000,0.018,0.000,0.664,0.643,0.236
administrative-complexity-stress,Administrative Overload and Complexity Stress,rights-capture-winner,21,0.474,0.295,0.131,0.105,0.105,0.000,0.272,0.503,0.000,0.018,0.000,0.664,0.643,0.236
administrative-complexity-stress,Administrative Overload and Complexity Stress,rights-capture-winner,22,0.474,0.295,0.131,0.105,0.105,0.000,0.271,0.504,0.000,0.018,0.000,0.664,0.643,0.237
administrative-complexity-stress,Administrative Overload and Complexity Stress,rights-capture-winner,23,0.474,0.296,0.131,0.105,0.105,0.000,0.271,0.504,0.000,0.018,0.000,0.664,0.643,0.237
administrative-complexity-stress,Administrative Overload and Complexity Stress,rights-capture-winner,24,0.474,0.296,0.130,0.105,0.105,0.000,0.271,0.505,0.000,0.018,0.000,0.664,0.643,0.237
administrative-complexity-stress,Administrative Overload and Complexity Stress,legitimacy-winner,1,0.449,0.251,0.167,0.241,0.218,0.024,0.562,0.502,0.301,0.115,0.000,0.629,0.627,0.170
administrative-complexity-stress,Administrative Overload and Complexity Stress,legitimacy-winner,2,0.452,0.253,0.166,0.217,0.217,0.000,0.497,0.488,0.254,0.073,0.000,0.632,0.628,0.178
administrative-complexity-stress,Administrative Overload and Complexity Stress,legitimacy-winner,3,0.455,0.256,0.163,0.191,0.191,0.000,0.444,0.479,0.208,0.047,0.000,0.635,0.630,0.183
administrative-complexity-stress,Administrative Overload and Complexity Stress,legitimacy-winner,4,0.458,0.260,0.159,0.171,0.171,0.000,0.403,0.474,0.163,0.031,0.000,0.637,0.631,0.188
administrative-complexity-stress,Administrative Overload and Complexity Stress,legitimacy-winner,5,0.461,0.265,0.155,0.155,0.155,0.000,0.370,0.471,0.119,0.023,0.000,0.640,0.632,0.195
administrative-complexity-stress,Administrative Overload and Complexity Stress,legitimacy-winner,6,0.463,0.270,0.150,0.141,0.141,0.000,0.345,0.472,0.075,0.018,0.000,0.643,0.633,0.202
administrative-complexity-stress,Administrative Overload and Complexity Stress,legitimacy-winner,7,0.466,0.276,0.145,0.128,0.128,0.000,0.327,0.476,0.033,0.016,0.000,0.646,0.634,0.211
administrative-complexity-stress,Administrative Overload and Complexity Stress,legitimacy-winner,8,0.469,0.283,0.139,0.116,0.116,0.000,0.314,0.480,0.000,0.016,0.000,0.650,0.636,0.220
administrative-complexity-stress,Administrative Overload and Complexity Stress,legitimacy-winner,9,0.471,0.288,0.135,0.107,0.107,0.000,0.305,0.484,0.000,0.017,0.000,0.653,0.637,0.228
administrative-complexity-stress,Administrative Overload and Complexity Stress,legitimacy-winner,10,0.472,0.290,0.134,0.107,0.107,0.000,0.297,0.487,0.000,0.018,0.000,0.656,0.638,0.229
administrative-complexity-stress,Administrative Overload and Complexity Stress,legitimacy-winner,11,0.472,0.291,0.133,0.107,0.107,0.000,0.291,0.490,0.000,0.018,0.000,0.658,0.640,0.231
administrative-complexity-stress,Administrative Overload and Complexity Stress,legitimacy-winner,12,0.473,0.292,0.133,0.107,0.107,0.000,0.287,0.493,0.000,0.018,0.000,0.659,0.640,0.232
administrative-complexity-stress,Administrative Overload and Complexity Stress,legitimacy-winner,13,0.473,0.292,0.133,0.107,0.107,0.000,0.283,0.495,0.000,0.018,0.000,0.660,0.641,0.233
administrative-complexity-stress,Administrative Overload and Complexity Stress,legitimacy-winner,14,0.473,0.293,0.132,0.106,0.106,0.000,0.280,0.496,0.000,0.018,0.000,0.661,0.641,0.234
administrative-complexity-stress,Administrative Overload and Complexity Stress,legitimacy-winner,15,0.473,0.294,0.132,0.106,0.106,0.000,0.278,0.498,0.000,0.018,0.000,0.662,0.642,0.234
administrative-complexity-stress,Administrative Overload and Complexity Stress,legitimacy-winner,16,0.473,0.294,0.132,0.106,0.106,0.000,0.276,0.499,0.000,0.018,0.000,0.662,0.642,0.235
administrative-complexity-stress,Administrative Overload and Complexity Stress,legitimacy-winner,17,0.473,0.294,0.131,0.106,0.106,0.000,0.275,0.500,0.000,0.018,0.000,0.663,0.642,0.235
administrative-complexity-stress,Administrative Overload and Complexity Stress,legitimacy-winner,18,0.474,0.295,0.131,0.106,0.106,0.000,0.274,0.501,0.000,0.018,0.000,0.663,0.642,0.236
administrative-complexity-stress,Administrative Overload and Complexity Stress,legitimacy-winner,19,0.474,0.295,0.131,0.105,0.105,0.000,0.273,0.502,0.000,0.018,0.000,0.664,0.643,0.236
administrative-complexity-stress,Administrative Overload and Complexity Stress,legitimacy-winner,20,0.474,0.295,0.131,0.105,0.105,0.000,0.272,0.503,0.000,0.018,0.000,0.664,0.643,0.236
administrative-complexity-stress,Administrative Overload and Complexity Stress,legitimacy-winner,21,0.474,0.295,0.131,0.105,0.105,0.000,0.272,0.503,0.000,0.018,0.000,0.664,0.643,0.236
administrative-complexity-stress,Administrative Overload and Complexity Stress,legitimacy-winner,22,0.474,0.295,0.131,0.105,0.105,0.000,0.271,0.504,0.000,0.018,0.000,0.664,0.643,0.237
administrative-complexity-stress,Administrative Overload and Complexity Stress,legitimacy-winner,23,0.474,0.296,0.131,0.105,0.105,0.000,0.271,0.504,0.000,0.018,0.000,0.664,0.643,0.237
administrative-complexity-stress,Administrative Overload and Complexity Stress,legitimacy-winner,24,0.474,0.296,0.130,0.105,0.105,0.000,0.271,0.505,0.000,0.018,0.000,0.664,0.643,0.237
administrative-complexity-stress,Administrative Overload and Complexity Stress,efficiency-caution,1,0.538,0.285,0.234,0.335,0.182,0.153,0.498,0.471,0.359,0.247,0.000,0.560,0.589,0.141
administrative-complexity-stress,Administrative Overload and Complexity Stress,efficiency-caution,2,0.538,0.280,0.237,0.345,0.182,0.163,0.437,0.445,0.331,0.279,0.000,0.553,0.586,0.133
administrative-complexity-stress,Administrative Overload and Complexity Stress,efficiency-caution,3,0.537,0.277,0.238,0.353,0.182,0.172,0.386,0.425,0.304,0.306,0.000,0.545,0.583,0.127
administrative-complexity-stress,Administrative Overload and Complexity Stress,efficiency-caution,4,0.537,0.274,0.238,0.359,0.181,0.178,0.346,0.409,0.278,0.330,0.000,0.536,0.580,0.122
administrative-complexity-stress,Administrative Overload and Complexity Stress,efficiency-caution,5,0.536,0.272,0.237,0.363,0.181,0.183,0.313,0.396,0.254,0.349,0.000,0.529,0.577,0.120
administrative-complexity-stress,Administrative Overload and Complexity Stress,efficiency-caution,6,0.536,0.271,0.236,0.366,0.180,0.185,0.287,0.387,0.231,0.364,0.000,0.522,0.573,0.119
administrative-complexity-stress,Administrative Overload and Complexity Stress,efficiency-caution,7,0.535,0.271,0.234,0.366,0.180,0.186,0.267,0.381,0.208,0.376,0.000,0.516,0.570,0.119
administrative-complexity-stress,Administrative Overload and Complexity Stress,efficiency-caution,8,0.535,0.271,0.231,0.365,0.180,0.185,0.251,0.377,0.187,0.383,0.000,0.511,0.568,0.121
administrative-complexity-stress,Administrative Overload and Complexity Stress,efficiency-caution,9,0.535,0.272,0.229,0.362,0.179,0.182,0.240,0.376,0.165,0.386,0.000,0.507,0.566,0.124
administrative-complexity-stress,Administrative Overload and Complexity Stress,efficiency-caution,10,0.535,0.274,0.226,0.357,0.179,0.178,0.232,0.376,0.144,0.385,0.000,0.504,0.564,0.128
administrative-complexity-stress,Administrative Overload and Complexity Stress,efficiency-caution,11,0.535,0.276,0.222,0.351,0.179,0.172,0.227,0.378,0.123,0.380,0.000,0.502,0.563,0.133
administrative-complexity-stress,Administrative Overload and Complexity Stress,efficiency-caution,12,0.536,0.279,0.219,0.343,0.179,0.164,0.225,0.381,0.103,0.372,0.000,0.502,0.562,0.140
administrative-complexity-stress,Administrative Overload and Complexity Stress,efficiency-caution,13,0.537,0.283,0.215,0.333,0.179,0.154,0.225,0.386,0.082,0.360,0.000,0.503,0.562,0.147
administrative-complexity-stress,Administrative Overload and Complexity Stress,efficiency-caution,14,0.538,0.287,0.211,0.322,0.179,0.143,0.227,0.392,0.061,0.344,0.000,0.506,0.563,0.156
administrative-complexity-stress,Administrative Overload and Complexity Stress,efficiency-caution,15,0.540,0.292,0.207,0.309,0.179,0.130,0.230,0.399,0.039,0.325,0.000,0.510,0.564,0.166
administrative-complexity-stress,Administrative Overload and Complexity Stress,efficiency-caution,16,0.542,0.297,0.203,0.295,0.179,0.116,0.236,0.407,0.018,0.302,0.000,0.515,0.565,0.177
administrative-complexity-stress,Administrative Overload and Complexity Stress,efficiency-caution,17,0.544,0.303,0.198,0.279,0.180,0.100,0.242,0.416,0.000,0.276,0.000,0.521,0.568,0.189
administrative-complexity-stress,Administrative Overload and Complexity Stress,efficiency-caution,18,0.547,0.309,0.194,0.263,0.180,0.083,0.249,0.425,0.000,0.248,0.000,0.528,0.570,0.201
administrative-complexity-stress,Administrative Overload and Complexity Stress,efficiency-caution,19,0.548,0.312,0.193,0.251,0.180,0.071,0.256,0.432,0.000,0.220,0.000,0.535,0.573,0.208
administrative-complexity-stress,Administrative Overload and Complexity Stress,efficiency-caution,20,0.550,0.315,0.192,0.240,0.181,0.059,0.262,0.439,0.000,0.193,0.000,0.542,0.576,0.214
administrative-complexity-stress,Administrative Overload and Complexity Stress,efficiency-caution,21,0.551,0.318,0.190,0.229,0.181,0.048,0.267,0.446,0.000,0.167,0.000,0.548,0.579,0.221
administrative-complexity-stress,Administrative Overload and Complexity Stress,efficiency-caution,22,0.553,0.321,0.189,0.218,0.181,0.037,0.273,0.452,0.000,0.142,0.000,0.555,0.581,0.227
administrative-complexity-stress,Administrative Overload and Complexity Stress,efficiency-caution,23,0.554,0.324,0.189,0.208,0.182,0.026,0.278,0.458,0.000,0.118,0.000,0.562,0.584,0.233
administrative-complexity-stress,Administrative Overload and Complexity Stress,efficiency-caution,24,0.556,0.327,0.188,0.198,0.182,0.016,0.282,0.463,0.000,0.095,0.000,0.568,0.587,0.238
administrative-complexity-stress,Administrative Overload and Complexity Stress,current-system-baseline,1,0.267,0.123,0.128,0.261,0.216,0.045,0.441,0.422,0.571,0.137,0.000,0.499,0.599,0.055
administrative-complexity-stress,Administrative Overload and Complexity Stress,current-system-baseline,2,0.266,0.118,0.132,0.246,0.216,0.031,0.364,0.383,0.564,0.099,0.000,0.490,0.595,0.051
administrative-complexity-stress,Administrative Overload and Complexity Stress,current-system-baseline,3,0.266,0.113,0.135,0.233,0.215,0.018,0.300,0.351,0.558,0.065,0.000,0.480,0.591,0.048
administrative-complexity-stress,Administrative Overload and Complexity Stress,current-system-baseline,4,0.265,0.109,0.138,0.222,0.214,0.007,0.247,0.323,0.555,0.036,0.000,0.470,0.587,0.045
administrative-complexity-stress,Administrative Overload and Complexity Stress,current-system-baseline,5,0.264,0.105,0.140,0.212,0.212,0.000,0.202,0.300,0.553,0.011,0.000,0.460,0.583,0.042
administrative-complexity-stress,Administrative Overload and Complexity Stress,current-system-baseline,6,0.262,0.102,0.142,0.203,0.203,0.000,0.164,0.280,0.552,0.000,0.000,0.450,0.579,0.038
administrative-complexity-stress,Administrative Overload and Complexity Stress,current-system-baseline,7,0.261,0.099,0.143,0.200,0.200,0.000,0.132,0.262,0.553,0.000,0.000,0.439,0.575,0.034
administrative-complexity-stress,Administrative Overload and Complexity Stress,current-system-baseline,8,0.260,0.096,0.145,0.201,0.201,0.000,0.105,0.247,0.555,0.000,0.000,0.429,0.570,0.031
administrative-complexity-stress,Administrative Overload and Complexity Stress,current-system-baseline,9,0.258,0.093,0.146,0.202,0.202,0.000,0.082,0.234,0.557,0.000,0.000,0.419,0.566,0.028
administrative-complexity-stress,Administrative Overload and Complexity Stress,current-system-baseline,10,0.257,0.091,0.146,0.204,0.204,0.000,0.063,0.222,0.561,0.000,0.000,0.409,0.562,0.025
administrative-complexity-stress,Administrative Overload and Complexity Stress,current-system-baseline,11,0.256,0.088,0.147,0.205,0.205,0.000,0.046,0.212,0.565,0.000,0.000,0.399,0.558,0.022
administrative-complexity-stress,Administrative Overload and Complexity Stress,current-system-baseline,12,0.254,0.086,0.148,0.206,0.206,0.000,0.033,0.203,0.570,0.000,0.000,0.390,0.554,0.020
administrative-complexity-stress,Administrative Overload and Complexity Stress,current-system-baseline,13,0.253,0.084,0.148,0.207,0.207,0.000,0.021,0.194,0.576,0.000,0.000,0.381,0.550,0.018
administrative-complexity-stress,Administrative Overload and Complexity Stress,current-system-baseline,14,0.251,0.082,0.149,0.208,0.208,0.000,0.010,0.187,0.581,0.000,0.000,0.373,0.546,0.015
administrative-complexity-stress,Administrative Overload and Complexity Stress,current-system-baseline,15,0.250,0.081,0.149,0.210,0.208,0.002,0.001,0.180,0.588,0.000,0.000,0.365,0.543,0.013
administrative-complexity-stress,Administrative Overload and Complexity Stress,current-system-baseline,16,0.249,0.079,0.150,0.211,0.207,0.004,0.000,0.174,0.595,0.000,0.000,0.357,0.540,0.011
administrative-complexity-stress,Administrative Overload and Complexity Stress,current-system-baseline,17,0.247,0.077,0.150,0.212,0.207,0.005,0.000,0.167,0.602,0.000,0.000,0.350,0.537,0.008
administrative-complexity-stress,Administrative Overload and Complexity Stress,current-system-baseline,18,0.246,0.076,0.150,0.214,0.206,0.007,0.000,0.161,0.610,0.000,0.000,0.344,0.534,0.006
administrative-complexity-stress,Administrative Overload and Complexity Stress,current-system-baseline,19,0.245,0.074,0.151,0.215,0.206,0.009,0.000,0.156,0.619,0.000,0.000,0.338,0.531,0.004
administrative-complexity-stress,Administrative Overload and Complexity Stress,current-system-baseline,20,0.244,0.072,0.151,0.217,0.206,0.012,0.000,0.150,0.627,0.000,0.000,0.332,0.528,0.001
administrative-complexity-stress,Administrative Overload and Complexity Stress,current-system-baseline,21,0.243,0.071,0.152,0.219,0.205,0.014,0.000,0.144,0.636,0.000,0.000,0.326,0.526,-0.001
administrative-complexity-stress,Administrative Overload and Complexity Stress,current-system-baseline,22,0.241,0.069,0.152,0.221,0.205,0.016,0.000,0.139,0.646,0.000,0.000,0.320,0.524,-0.003
administrative-complexity-stress,Administrative Overload and Complexity Stress,current-system-baseline,23,0.240,0.068,0.153,0.223,0.205,0.018,0.000,0.133,0.656,0.000,0.000,0.315,0.521,-0.005
administrative-complexity-stress,Administrative Overload and Complexity Stress,current-system-baseline,24,0.239,0.066,0.153,0.225,0.204,0.020,0.000,0.127,0.666,0.001,0.000,0.310,0.519,-0.008
federalism-agency-capacity-stress,Federalism and Agency-Capacity Stress,balanced-winner,1,0.491,0.277,0.186,0.272,0.197,0.075,0.556,0.508,0.314,0.159,0.000,0.608,0.540,0.175
federalism-agency-capacity-stress,Federalism and Agency-Capacity Stress,balanced-winner,2,0.492,0.276,0.186,0.263,0.197,0.066,0.491,0.489,0.278,0.149,0.000,0.604,0.539,0.175
federalism-agency-capacity-stress,Federalism and Agency-Capacity Stress,balanced-winner,3,0.493,0.275,0.185,0.252,0.197,0.056,0.440,0.475,0.244,0.135,0.000,0.600,0.537,0.178
federalism-agency-capacity-stress,Federalism and Agency-Capacity Stress,balanced-winner,4,0.494,0.276,0.183,0.240,0.196,0.043,0.399,0.467,0.210,0.119,0.000,0.597,0.535,0.183
federalism-agency-capacity-stress,Federalism and Agency-Capacity Stress,balanced-winner,5,0.495,0.278,0.180,0.225,0.196,0.029,0.368,0.462,0.176,0.098,0.000,0.595,0.534,0.189
federalism-agency-capacity-stress,Federalism and Agency-Capacity Stress,balanced-winner,6,0.496,0.281,0.177,0.209,0.196,0.013,0.345,0.461,0.144,0.074,0.000,0.595,0.533,0.198
federalism-agency-capacity-stress,Federalism and Agency-Capacity Stress,balanced-winner,7,0.498,0.285,0.173,0.190,0.190,0.000,0.327,0.463,0.111,0.049,0.000,0.596,0.533,0.207
federalism-agency-capacity-stress,Federalism and Agency-Capacity Stress,balanced-winner,8,0.500,0.289,0.168,0.172,0.172,0.000,0.314,0.467,0.080,0.035,0.000,0.597,0.534,0.214
federalism-agency-capacity-stress,Federalism and Agency-Capacity Stress,balanced-winner,9,0.502,0.295,0.163,0.157,0.157,0.000,0.305,0.471,0.048,0.026,0.000,0.600,0.534,0.221
federalism-agency-capacity-stress,Federalism and Agency-Capacity Stress,balanced-winner,10,0.504,0.300,0.158,0.144,0.144,0.000,0.299,0.477,0.017,0.022,0.000,0.603,0.535,0.229
federalism-agency-capacity-stress,Federalism and Agency-Capacity Stress,balanced-winner,11,0.506,0.306,0.153,0.133,0.133,0.000,0.296,0.483,0.000,0.020,0.000,0.606,0.537,0.237
federalism-agency-capacity-stress,Federalism and Agency-Capacity Stress,balanced-winner,12,0.507,0.310,0.149,0.127,0.127,0.000,0.294,0.488,0.000,0.019,0.000,0.609,0.538,0.243
federalism-agency-capacity-stress,Federalism and Agency-Capacity Stress,balanced-winner,13,0.508,0.312,0.149,0.126,0.126,0.000,0.292,0.492,0.000,0.018,0.000,0.611,0.539,0.245
federalism-agency-capacity-stress,Federalism and Agency-Capacity Stress,balanced-winner,14,0.509,0.313,0.148,0.125,0.125,0.000,0.291,0.495,0.000,0.018,0.000,0.613,0.540,0.247
federalism-agency-capacity-stress,Federalism and Agency-Capacity Stress,balanced-winner,15,0.509,0.314,0.147,0.124,0.124,0.000,0.290,0.498,0.000,0.017,0.000,0.615,0.541,0.248
federalism-agency-capacity-stress,Federalism and Agency-Capacity Stress,balanced-winner,16,0.509,0.315,0.147,0.123,0.123,0.000,0.290,0.501,0.000,0.017,0.000,0.617,0.541,0.249
federalism-agency-capacity-stress,Federalism and Agency-Capacity Stress,balanced-winner,17,0.510,0.316,0.146,0.123,0.123,0.000,0.290,0.503,0.000,0.017,0.000,0.618,0.542,0.251
federalism-agency-capacity-stress,Federalism and Agency-Capacity Stress,balanced-winner,18,0.510,0.317,0.146,0.123,0.123,0.000,0.290,0.505,0.000,0.017,0.000,0.619,0.542,0.251
federalism-agency-capacity-stress,Federalism and Agency-Capacity Stress,balanced-winner,19,0.510,0.318,0.145,0.122,0.122,0.000,0.290,0.507,0.000,0.017,0.000,0.621,0.543,0.252
federalism-agency-capacity-stress,Federalism and Agency-Capacity Stress,balanced-winner,20,0.510,0.318,0.145,0.122,0.122,0.000,0.291,0.508,0.000,0.017,0.000,0.621,0.543,0.253
federalism-agency-capacity-stress,Federalism and Agency-Capacity Stress,balanced-winner,21,0.511,0.319,0.145,0.122,0.122,0.000,0.291,0.509,0.000,0.017,0.000,0.622,0.544,0.254
federalism-agency-capacity-stress,Federalism and Agency-Capacity Stress,balanced-winner,22,0.511,0.319,0.145,0.122,0.122,0.000,0.291,0.510,0.000,0.017,0.000,0.623,0.544,0.254
federalism-agency-capacity-stress,Federalism and Agency-Capacity Stress,balanced-winner,23,0.511,0.320,0.145,0.122,0.122,0.000,0.292,0.511,0.000,0.017,0.000,0.624,0.544,0.254
federalism-agency-capacity-stress,Federalism and Agency-Capacity Stress,balanced-winner,24,0.511,0.320,0.144,0.121,0.121,0.000,0.292,0.512,0.000,0.017,0.000,0.624,0.544,0.255
federalism-agency-capacity-stress,Federalism and Agency-Capacity Stress,robustness-winner,1,0.415,0.232,0.155,0.242,0.219,0.023,0.559,0.501,0.296,0.114,0.000,0.617,0.566,0.156
federalism-agency-capacity-stress,Federalism and Agency-Capacity Stress,robustness-winner,2,0.418,0.233,0.154,0.215,0.215,0.000,0.492,0.488,0.249,0.070,0.000,0.618,0.566,0.164
federalism-agency-capacity-stress,Federalism and Agency-Capacity Stress,robustness-winner,3,0.420,0.236,0.151,0.187,0.187,0.000,0.438,0.479,0.203,0.043,0.000,0.619,0.567,0.168
federalism-agency-capacity-stress,Federalism and Agency-Capacity Stress,robustness-winner,4,0.423,0.240,0.148,0.166,0.166,0.000,0.394,0.473,0.158,0.027,0.000,0.619,0.567,0.173
federalism-agency-capacity-stress,Federalism and Agency-Capacity Stress,robustness-winner,5,0.425,0.244,0.144,0.150,0.150,0.000,0.360,0.471,0.115,0.018,0.000,0.620,0.567,0.179
federalism-agency-capacity-stress,Federalism and Agency-Capacity Stress,robustness-winner,6,0.427,0.249,0.139,0.135,0.135,0.000,0.334,0.472,0.072,0.014,0.000,0.622,0.567,0.186
federalism-agency-capacity-stress,Federalism and Agency-Capacity Stress,robustness-winner,7,0.430,0.254,0.134,0.123,0.123,0.000,0.315,0.476,0.030,0.012,0.000,0.624,0.568,0.193
federalism-agency-capacity-stress,Federalism and Agency-Capacity Stress,robustness-winner,8,0.432,0.260,0.129,0.111,0.111,0.000,0.301,0.480,0.000,0.013,0.000,0.626,0.569,0.202
federalism-agency-capacity-stress,Federalism and Agency-Capacity Stress,robustness-winner,9,0.434,0.264,0.125,0.103,0.103,0.000,0.290,0.484,0.000,0.013,0.000,0.628,0.570,0.208
federalism-agency-capacity-stress,Federalism and Agency-Capacity Stress,robustness-winner,10,0.435,0.265,0.124,0.103,0.103,0.000,0.281,0.487,0.000,0.014,0.000,0.629,0.570,0.210
federalism-agency-capacity-stress,Federalism and Agency-Capacity Stress,robustness-winner,11,0.435,0.266,0.124,0.102,0.102,0.000,0.275,0.490,0.000,0.014,0.000,0.630,0.571,0.211
federalism-agency-capacity-stress,Federalism and Agency-Capacity Stress,robustness-winner,12,0.435,0.267,0.123,0.102,0.102,0.000,0.269,0.492,0.000,0.015,0.000,0.630,0.571,0.211
federalism-agency-capacity-stress,Federalism and Agency-Capacity Stress,robustness-winner,13,0.435,0.267,0.123,0.102,0.102,0.000,0.265,0.494,0.000,0.015,0.000,0.631,0.571,0.212
federalism-agency-capacity-stress,Federalism and Agency-Capacity Stress,robustness-winner,14,0.435,0.268,0.122,0.102,0.102,0.000,0.261,0.496,0.000,0.015,0.000,0.631,0.571,0.213
federalism-agency-capacity-stress,Federalism and Agency-Capacity Stress,robustness-winner,15,0.435,0.268,0.122,0.101,0.101,0.000,0.258,0.498,0.000,0.015,0.000,0.631,0.571,0.213
federalism-agency-capacity-stress,Federalism and Agency-Capacity Stress,robustness-winner,16,0.435,0.268,0.122,0.101,0.101,0.000,0.256,0.499,0.000,0.015,0.000,0.631,0.571,0.214
federalism-agency-capacity-stress,Federalism and Agency-Capacity Stress,robustness-winner,17,0.435,0.269,0.122,0.101,0.101,0.000,0.254,0.500,0.000,0.015,0.000,0.630,0.571,0.214
federalism-agency-capacity-stress,Federalism and Agency-Capacity Stress,robustness-winner,18,0.435,0.269,0.121,0.101,0.101,0.000,0.253,0.501,0.000,0.015,0.000,0.630,0.571,0.214
federalism-agency-capacity-stress,Federalism and Agency-Capacity Stress,robustness-winner,19,0.435,0.269,0.121,0.101,0.101,0.000,0.252,0.502,0.000,0.015,0.000,0.630,0.571,0.214
federalism-agency-capacity-stress,Federalism and Agency-Capacity Stress,robustness-winner,20,0.435,0.269,0.121,0.101,0.101,0.000,0.251,0.502,0.000,0.015,0.000,0.630,0.571,0.215
federalism-agency-capacity-stress,Federalism and Agency-Capacity Stress,robustness-winner,21,0.435,0.269,0.121,0.100,0.100,0.000,0.250,0.503,0.000,0.015,0.000,0.629,0.571,0.215
federalism-agency-capacity-stress,Federalism and Agency-Capacity Stress,robustness-winner,22,0.435,0.269,0.121,0.100,0.100,0.000,0.249,0.503,0.000,0.015,0.000,0.629,0.571,0.215
federalism-agency-capacity-stress,Federalism and Agency-Capacity Stress,robustness-winner,23,0.435,0.269,0.121,0.100,0.100,0.000,0.249,0.504,0.000,0.015,0.000,0.629,0.571,0.215
federalism-agency-capacity-stress,Federalism and Agency-Capacity Stress,robustness-winner,24,0.435,0.269,0.121,0.100,0.100,0.000,0.249,0.504,0.000,0.015,0.000,0.629,0.571,0.215
federalism-agency-capacity-stress,Federalism and Agency-Capacity Stress,minimax-regret-winner,1,0.482,0.263,0.201,0.308,0.181,0.126,0.517,0.481,0.312,0.220,0.000,0.579,0.530,0.141
federalism-agency-capacity-stress,Federalism and Agency-Capacity Stress,minimax-regret-winner,2,0.483,0.260,0.201,0.307,0.181,0.126,0.454,0.461,0.275,0.232,0.000,0.571,0.527,0.138
federalism-agency-capacity-stress,Federalism and Agency-Capacity Stress,minimax-regret-winner,3,0.483,0.259,0.200,0.305,0.181,0.124,0.404,0.446,0.239,0.239,0.000,0.563,0.524,0.138
federalism-agency-capacity-stress,Federalism and Agency-Capacity Stress,minimax-regret-winner,4,0.483,0.259,0.198,0.300,0.180,0.120,0.364,0.435,0.205,0.242,0.000,0.557,0.521,0.140
federalism-agency-capacity-stress,Federalism and Agency-Capacity Stress,minimax-regret-winner,5,0.484,0.260,0.195,0.293,0.180,0.113,0.334,0.429,0.171,0.239,0.000,0.552,0.518,0.144
federalism-agency-capacity-stress,Federalism and Agency-Capacity Stress,minimax-regret-winner,6,0.484,0.262,0.192,0.283,0.180,0.104,0.310,0.426,0.138,0.231,0.000,0.548,0.516,0.150
federalism-agency-capacity-stress,Federalism and Agency-Capacity Stress,minimax-regret-winner,7,0.485,0.265,0.188,0.271,0.179,0.092,0.293,0.427,0.106,0.219,0.000,0.546,0.515,0.157
federalism-agency-capacity-stress,Federalism and Agency-Capacity Stress,minimax-regret-winner,8,0.486,0.269,0.183,0.257,0.179,0.078,0.282,0.430,0.074,0.201,0.000,0.546,0.514,0.167
federalism-agency-capacity-stress,Federalism and Agency-Capacity Stress,minimax-regret-winner,9,0.488,0.273,0.179,0.241,0.179,0.062,0.275,0.436,0.042,0.179,0.000,0.548,0.514,0.178
federalism-agency-capacity-stress,Federalism and Agency-Capacity Stress,minimax-regret-winner,10,0.490,0.279,0.173,0.222,0.179,0.043,0.273,0.444,0.009,0.151,0.000,0.552,0.515,0.190
federalism-agency-capacity-stress,Federalism and Agency-Capacity Stress,minimax-regret-winner,11,0.492,0.286,0.168,0.201,0.180,0.022,0.273,0.453,0.000,0.118,0.000,0.557,0.516,0.205
federalism-agency-capacity-stress,Federalism and Agency-Capacity Stress,minimax-regret-winner,12,0.494,0.290,0.165,0.185,0.180,0.005,0.274,0.461,0.000,0.085,0.000,0.563,0.518,0.214
federalism-agency-capacity-stress,Federalism and Agency-Capacity Stress,minimax-regret-winner,13,0.495,0.293,0.164,0.171,0.171,0.000,0.274,0.469,0.000,0.060,0.000,0.568,0.520,0.219
federalism-agency-capacity-stress,Federalism and Agency-Capacity Stress,minimax-regret-winner,14,0.496,0.295,0.163,0.160,0.160,0.000,0.275,0.474,0.000,0.044,0.000,0.572,0.522,0.222
federalism-agency-capacity-stress,Federalism and Agency-Capacity Stress,minimax-regret-winner,15,0.497,0.297,0.162,0.153,0.153,0.000,0.275,0.479,0.000,0.033,0.000,0.576,0.524,0.224
federalism-agency-capacity-stress,Federalism and Agency-Capacity Stress,minimax-regret-winner,16,0.498,0.299,0.161,0.148,0.148,0.000,0.275,0.483,0.000,0.026,0.000,0.580,0.526,0.226
federalism-agency-capacity-stress,Federalism and Agency-Capacity Stress,minimax-regret-winner,17,0.499,0.300,0.160,0.145,0.145,0.000,0.275,0.486,0.000,0.022,0.000,0.583,0.527,0.228
federalism-agency-capacity-stress,Federalism and Agency-Capacity Stress,minimax-regret-winner,18,0.499,0.302,0.160,0.143,0.143,0.000,0.275,0.489,0.000,0.019,0.000,0.586,0.528,0.230
federalism-agency-capacity-stress,Federalism and Agency-Capacity Stress,minimax-regret-winner,19,0.500,0.303,0.159,0.141,0.141,0.000,0.275,0.492,0.000,0.018,0.000,0.588,0.529,0.231
federalism-agency-capacity-stress,Federalism and Agency-Capacity Stress,minimax-regret-winner,20,0.500,0.304,0.159,0.140,0.140,0.000,0.276,0.494,0.000,0.016,0.000,0.590,0.530,0.232
federalism-agency-capacity-stress,Federalism and Agency-Capacity Stress,minimax-regret-winner,21,0.501,0.304,0.159,0.140,0.140,0.000,0.276,0.495,0.000,0.016,0.000,0.592,0.531,0.233
federalism-agency-capacity-stress,Federalism and Agency-Capacity Stress,minimax-regret-winner,22,0.501,0.305,0.159,0.139,0.139,0.000,0.277,0.497,0.000,0.015,0.000,0.594,0.532,0.234
federalism-agency-capacity-stress,Federalism and Agency-Capacity Stress,minimax-regret-winner,23,0.501,0.306,0.158,0.139,0.139,0.000,0.277,0.498,0.000,0.015,0.000,0.595,0.532,0.235
federalism-agency-capacity-stress,Federalism and Agency-Capacity Stress,minimax-regret-winner,24,0.502,0.306,0.158,0.139,0.139,0.000,0.278,0.499,0.000,0.015,0.000,0.597,0.533,0.235
federalism-agency-capacity-stress,Federalism and Agency-Capacity Stress,rights-capture-winner,1,0.426,0.238,0.159,0.244,0.219,0.024,0.561,0.502,0.303,0.113,0.000,0.626,0.568,0.161
federalism-agency-capacity-stress,Federalism and Agency-Capacity Stress,rights-capture-winner,2,0.429,0.239,0.158,0.218,0.218,0.000,0.494,0.488,0.257,0.070,0.000,0.626,0.568,0.169
federalism-agency-capacity-stress,Federalism and Agency-Capacity Stress,rights-capture-winner,3,0.431,0.242,0.155,0.191,0.191,0.000,0.440,0.478,0.213,0.043,0.000,0.626,0.568,0.172
federalism-agency-capacity-stress,Federalism and Agency-Capacity Stress,rights-capture-winner,4,0.433,0.245,0.152,0.171,0.171,0.000,0.397,0.472,0.171,0.027,0.000,0.626,0.568,0.177
federalism-agency-capacity-stress,Federalism and Agency-Capacity Stress,rights-capture-winner,5,0.435,0.249,0.148,0.155,0.155,0.000,0.363,0.470,0.129,0.018,0.000,0.626,0.568,0.182
federalism-agency-capacity-stress,Federalism and Agency-Capacity Stress,rights-capture-winner,6,0.438,0.253,0.144,0.141,0.141,0.000,0.336,0.470,0.088,0.014,0.000,0.627,0.568,0.189
federalism-agency-capacity-stress,Federalism and Agency-Capacity Stress,rights-capture-winner,7,0.440,0.258,0.139,0.129,0.129,0.000,0.317,0.472,0.048,0.012,0.000,0.628,0.568,0.196
federalism-agency-capacity-stress,Federalism and Agency-Capacity Stress,rights-capture-winner,8,0.442,0.264,0.134,0.117,0.117,0.000,0.303,0.477,0.009,0.012,0.000,0.631,0.569,0.203
federalism-agency-capacity-stress,Federalism and Agency-Capacity Stress,rights-capture-winner,9,0.444,0.270,0.129,0.106,0.106,0.000,0.292,0.481,0.000,0.013,0.000,0.633,0.570,0.212
federalism-agency-capacity-stress,Federalism and Agency-Capacity Stress,rights-capture-winner,10,0.445,0.272,0.127,0.104,0.104,0.000,0.284,0.485,0.000,0.014,0.000,0.634,0.571,0.215
federalism-agency-capacity-stress,Federalism and Agency-Capacity Stress,rights-capture-winner,11,0.445,0.273,0.126,0.104,0.104,0.000,0.278,0.488,0.000,0.015,0.000,0.635,0.571,0.216
federalism-agency-capacity-stress,Federalism and Agency-Capacity Stress,rights-capture-winner,12,0.446,0.274,0.126,0.104,0.104,0.000,0.273,0.491,0.000,0.015,0.000,0.636,0.572,0.217
federalism-agency-capacity-stress,Federalism and Agency-Capacity Stress,rights-capture-winner,13,0.446,0.274,0.125,0.104,0.104,0.000,0.269,0.493,0.000,0.015,0.000,0.636,0.572,0.218
federalism-agency-capacity-stress,Federalism and Agency-Capacity Stress,rights-capture-winner,14,0.446,0.275,0.125,0.103,0.103,0.000,0.266,0.495,0.000,0.015,0.000,0.636,0.572,0.218
federalism-agency-capacity-stress,Federalism and Agency-Capacity Stress,rights-capture-winner,15,0.446,0.275,0.125,0.103,0.103,0.000,0.263,0.496,0.000,0.015,0.000,0.636,0.572,0.219
federalism-agency-capacity-stress,Federalism and Agency-Capacity Stress,rights-capture-winner,16,0.446,0.275,0.124,0.103,0.103,0.000,0.261,0.498,0.000,0.015,0.000,0.637,0.572,0.220
federalism-agency-capacity-stress,Federalism and Agency-Capacity Stress,rights-capture-winner,17,0.446,0.276,0.124,0.103,0.103,0.000,0.260,0.499,0.000,0.015,0.000,0.636,0.572,0.220
federalism-agency-capacity-stress,Federalism and Agency-Capacity Stress,rights-capture-winner,18,0.446,0.276,0.124,0.102,0.102,0.000,0.258,0.500,0.000,0.015,0.000,0.636,0.572,0.220
federalism-agency-capacity-stress,Federalism and Agency-Capacity Stress,rights-capture-winner,19,0.446,0.276,0.124,0.102,0.102,0.000,0.257,0.501,0.000,0.015,0.000,0.636,0.572,0.221
federalism-agency-capacity-stress,Federalism and Agency-Capacity Stress,rights-capture-winner,20,0.446,0.276,0.123,0.102,0.102,0.000,0.257,0.502,0.000,0.015,0.000,0.636,0.572,0.221
federalism-agency-capacity-stress,Federalism and Agency-Capacity Stress,rights-capture-winner,21,0.446,0.276,0.123,0.102,0.102,0.000,0.256,0.502,0.000,0.015,0.000,0.636,0.572,0.221
federalism-agency-capacity-stress,Federalism and Agency-Capacity Stress,rights-capture-winner,22,0.446,0.277,0.123,0.102,0.102,0.000,0.256,0.503,0.000,0.015,0.000,0.636,0.572,0.221
federalism-agency-capacity-stress,Federalism and Agency-Capacity Stress,rights-capture-winner,23,0.446,0.277,0.123,0.102,0.102,0.000,0.255,0.503,0.000,0.015,0.000,0.636,0.572,0.221
federalism-agency-capacity-stress,Federalism and Agency-Capacity Stress,rights-capture-winner,24,0.446,0.277,0.123,0.102,0.102,0.000,0.255,0.504,0.000,0.015,0.000,0.636,0.572,0.221
federalism-agency-capacity-stress,Federalism and Agency-Capacity Stress,legitimacy-winner,1,0.426,0.238,0.159,0.244,0.219,0.024,0.561,0.502,0.303,0.113,0.000,0.626,0.568,0.161
federalism-agency-capacity-stress,Federalism and Agency-Capacity Stress,legitimacy-winner,2,0.429,0.239,0.158,0.218,0.218,0.000,0.494,0.488,0.257,0.070,0.000,0.626,0.568,0.169
federalism-agency-capacity-stress,Federalism and Agency-Capacity Stress,legitimacy-winner,3,0.431,0.242,0.155,0.191,0.191,0.000,0.440,0.478,0.213,0.043,0.000,0.626,0.568,0.172
federalism-agency-capacity-stress,Federalism and Agency-Capacity Stress,legitimacy-winner,4,0.433,0.245,0.152,0.171,0.171,0.000,0.397,0.472,0.171,0.027,0.000,0.626,0.568,0.177
federalism-agency-capacity-stress,Federalism and Agency-Capacity Stress,legitimacy-winner,5,0.435,0.249,0.148,0.155,0.155,0.000,0.363,0.470,0.129,0.018,0.000,0.626,0.568,0.182
federalism-agency-capacity-stress,Federalism and Agency-Capacity Stress,legitimacy-winner,6,0.438,0.253,0.144,0.141,0.141,0.000,0.336,0.470,0.088,0.014,0.000,0.627,0.568,0.189
federalism-agency-capacity-stress,Federalism and Agency-Capacity Stress,legitimacy-winner,7,0.440,0.258,0.139,0.129,0.129,0.000,0.317,0.472,0.048,0.012,0.000,0.628,0.568,0.196
federalism-agency-capacity-stress,Federalism and Agency-Capacity Stress,legitimacy-winner,8,0.442,0.264,0.134,0.117,0.117,0.000,0.303,0.477,0.009,0.012,0.000,0.631,0.569,0.203
federalism-agency-capacity-stress,Federalism and Agency-Capacity Stress,legitimacy-winner,9,0.444,0.270,0.129,0.106,0.106,0.000,0.292,0.481,0.000,0.013,0.000,0.633,0.570,0.212
federalism-agency-capacity-stress,Federalism and Agency-Capacity Stress,legitimacy-winner,10,0.445,0.272,0.127,0.104,0.104,0.000,0.284,0.485,0.000,0.014,0.000,0.634,0.571,0.215
federalism-agency-capacity-stress,Federalism and Agency-Capacity Stress,legitimacy-winner,11,0.445,0.273,0.126,0.104,0.104,0.000,0.278,0.488,0.000,0.015,0.000,0.635,0.571,0.216
federalism-agency-capacity-stress,Federalism and Agency-Capacity Stress,legitimacy-winner,12,0.446,0.274,0.126,0.104,0.104,0.000,0.273,0.491,0.000,0.015,0.000,0.636,0.572,0.217
federalism-agency-capacity-stress,Federalism and Agency-Capacity Stress,legitimacy-winner,13,0.446,0.274,0.125,0.104,0.104,0.000,0.269,0.493,0.000,0.015,0.000,0.636,0.572,0.218
federalism-agency-capacity-stress,Federalism and Agency-Capacity Stress,legitimacy-winner,14,0.446,0.275,0.125,0.103,0.103,0.000,0.266,0.495,0.000,0.015,0.000,0.636,0.572,0.218
federalism-agency-capacity-stress,Federalism and Agency-Capacity Stress,legitimacy-winner,15,0.446,0.275,0.125,0.103,0.103,0.000,0.263,0.496,0.000,0.015,0.000,0.636,0.572,0.219
federalism-agency-capacity-stress,Federalism and Agency-Capacity Stress,legitimacy-winner,16,0.446,0.275,0.124,0.103,0.103,0.000,0.261,0.498,0.000,0.015,0.000,0.637,0.572,0.220
federalism-agency-capacity-stress,Federalism and Agency-Capacity Stress,legitimacy-winner,17,0.446,0.276,0.124,0.103,0.103,0.000,0.260,0.499,0.000,0.015,0.000,0.636,0.572,0.220
federalism-agency-capacity-stress,Federalism and Agency-Capacity Stress,legitimacy-winner,18,0.446,0.276,0.124,0.102,0.102,0.000,0.258,0.500,0.000,0.015,0.000,0.636,0.572,0.220
federalism-agency-capacity-stress,Federalism and Agency-Capacity Stress,legitimacy-winner,19,0.446,0.276,0.124,0.102,0.102,0.000,0.257,0.501,0.000,0.015,0.000,0.636,0.572,0.221
federalism-agency-capacity-stress,Federalism and Agency-Capacity Stress,legitimacy-winner,20,0.446,0.276,0.123,0.102,0.102,0.000,0.257,0.502,0.000,0.015,0.000,0.636,0.572,0.221
federalism-agency-capacity-stress,Federalism and Agency-Capacity Stress,legitimacy-winner,21,0.446,0.276,0.123,0.102,0.102,0.000,0.256,0.502,0.000,0.015,0.000,0.636,0.572,0.221
federalism-agency-capacity-stress,Federalism and Agency-Capacity Stress,legitimacy-winner,22,0.446,0.277,0.123,0.102,0.102,0.000,0.256,0.503,0.000,0.015,0.000,0.636,0.572,0.221
federalism-agency-capacity-stress,Federalism and Agency-Capacity Stress,legitimacy-winner,23,0.446,0.277,0.123,0.102,0.102,0.000,0.255,0.503,0.000,0.015,0.000,0.636,0.572,0.221
federalism-agency-capacity-stress,Federalism and Agency-Capacity Stress,legitimacy-winner,24,0.446,0.277,0.123,0.102,0.102,0.000,0.255,0.504,0.000,0.015,0.000,0.636,0.572,0.221
federalism-agency-capacity-stress,Federalism and Agency-Capacity Stress,efficiency-caution,1,0.510,0.270,0.222,0.337,0.183,0.154,0.497,0.469,0.361,0.245,0.000,0.556,0.532,0.132
federalism-agency-capacity-stress,Federalism and Agency-Capacity Stress,efficiency-caution,2,0.509,0.265,0.225,0.347,0.183,0.164,0.434,0.443,0.334,0.275,0.000,0.544,0.528,0.123
federalism-agency-capacity-stress,Federalism and Agency-Capacity Stress,efficiency-caution,3,0.508,0.260,0.226,0.355,0.182,0.173,0.382,0.421,0.310,0.302,0.000,0.532,0.524,0.115
federalism-agency-capacity-stress,Federalism and Agency-Capacity Stress,efficiency-caution,4,0.506,0.256,0.226,0.362,0.181,0.181,0.340,0.403,0.287,0.326,0.000,0.521,0.519,0.109
federalism-agency-capacity-stress,Federalism and Agency-Capacity Stress,efficiency-caution,5,0.505,0.253,0.226,0.367,0.181,0.186,0.306,0.390,0.265,0.346,0.000,0.509,0.515,0.105
federalism-agency-capacity-stress,Federalism and Agency-Capacity Stress,efficiency-caution,6,0.504,0.251,0.225,0.371,0.180,0.190,0.278,0.379,0.245,0.363,0.000,0.499,0.511,0.102
federalism-agency-capacity-stress,Federalism and Agency-Capacity Stress,efficiency-caution,7,0.502,0.250,0.223,0.373,0.180,0.193,0.256,0.371,0.225,0.376,0.000,0.490,0.507,0.101
federalism-agency-capacity-stress,Federalism and Agency-Capacity Stress,efficiency-caution,8,0.501,0.249,0.222,0.373,0.179,0.194,0.239,0.365,0.207,0.386,0.000,0.482,0.503,0.101
federalism-agency-capacity-stress,Federalism and Agency-Capacity Stress,efficiency-caution,9,0.500,0.249,0.220,0.372,0.179,0.193,0.225,0.362,0.189,0.392,0.000,0.475,0.500,0.101
federalism-agency-capacity-stress,Federalism and Agency-Capacity Stress,efficiency-caution,10,0.500,0.249,0.217,0.370,0.178,0.191,0.215,0.360,0.172,0.396,0.000,0.469,0.497,0.103
federalism-agency-capacity-stress,Federalism and Agency-Capacity Stress,efficiency-caution,11,0.499,0.250,0.215,0.366,0.178,0.188,0.208,0.360,0.155,0.396,0.000,0.464,0.495,0.106
federalism-agency-capacity-stress,Federalism and Agency-Capacity Stress,efficiency-caution,12,0.499,0.251,0.212,0.361,0.178,0.183,0.203,0.361,0.139,0.393,0.000,0.461,0.494,0.110
federalism-agency-capacity-stress,Federalism and Agency-Capacity Stress,efficiency-caution,13,0.499,0.253,0.210,0.355,0.178,0.177,0.200,0.363,0.123,0.387,0.000,0.459,0.492,0.114
federalism-agency-capacity-stress,Federalism and Agency-Capacity Stress,efficiency-caution,14,0.500,0.255,0.207,0.348,0.178,0.170,0.199,0.367,0.106,0.378,0.000,0.458,0.492,0.119
federalism-agency-capacity-stress,Federalism and Agency-Capacity Stress,efficiency-caution,15,0.500,0.258,0.204,0.339,0.178,0.161,0.200,0.372,0.090,0.366,0.000,0.459,0.491,0.126
federalism-agency-capacity-stress,Federalism and Agency-Capacity Stress,efficiency-caution,16,0.501,0.261,0.201,0.329,0.178,0.151,0.202,0.377,0.073,0.351,0.000,0.461,0.492,0.133
federalism-agency-capacity-stress,Federalism and Agency-Capacity Stress,efficiency-caution,17,0.503,0.265,0.198,0.318,0.178,0.140,0.206,0.384,0.057,0.334,0.000,0.464,0.492,0.141
federalism-agency-capacity-stress,Federalism and Agency-Capacity Stress,efficiency-caution,18,0.504,0.269,0.195,0.305,0.178,0.128,0.210,0.391,0.039,0.314,0.000,0.469,0.494,0.149
federalism-agency-capacity-stress,Federalism and Agency-Capacity Stress,efficiency-caution,19,0.506,0.274,0.191,0.292,0.178,0.114,0.216,0.400,0.022,0.291,0.000,0.474,0.495,0.159
federalism-agency-capacity-stress,Federalism and Agency-Capacity Stress,efficiency-caution,20,0.508,0.279,0.187,0.277,0.178,0.098,0.223,0.409,0.004,0.265,0.000,0.481,0.497,0.170
federalism-agency-capacity-stress,Federalism and Agency-Capacity Stress,efficiency-caution,21,0.510,0.284,0.184,0.260,0.179,0.081,0.230,0.418,0.000,0.237,0.000,0.488,0.500,0.181
federalism-agency-capacity-stress,Federalism and Agency-Capacity Stress,efficiency-caution,22,0.512,0.288,0.182,0.247,0.179,0.068,0.236,0.426,0.000,0.208,0.000,0.496,0.503,0.189
federalism-agency-capacity-stress,Federalism and Agency-Capacity Stress,efficiency-caution,23,0.514,0.291,0.180,0.235,0.180,0.055,0.243,0.434,0.000,0.180,0.000,0.504,0.506,0.196
federalism-agency-capacity-stress,Federalism and Agency-Capacity Stress,efficiency-caution,24,0.516,0.294,0.179,0.223,0.180,0.043,0.248,0.441,0.000,0.153,0.000,0.511,0.508,0.203
federalism-agency-capacity-stress,Federalism and Agency-Capacity Stress,current-system-baseline,1,0.252,0.117,0.121,0.265,0.217,0.048,0.440,0.422,0.573,0.137,0.000,0.495,0.541,0.050
federalism-agency-capacity-stress,Federalism and Agency-Capacity Stress,current-system-baseline,2,0.251,0.111,0.124,0.250,0.216,0.034,0.363,0.382,0.567,0.099,0.000,0.483,0.536,0.047
federalism-agency-capacity-stress,Federalism and Agency-Capacity Stress,current-system-baseline,3,0.250,0.106,0.128,0.236,0.216,0.021,0.299,0.349,0.564,0.065,0.000,0.471,0.532,0.043
federalism-agency-capacity-stress,Federalism and Agency-Capacity Stress,current-system-baseline,4,0.249,0.102,0.130,0.225,0.215,0.010,0.245,0.321,0.563,0.035,0.000,0.459,0.527,0.041
federalism-agency-capacity-stress,Federalism and Agency-Capacity Stress,current-system-baseline,5,0.247,0.098,0.132,0.214,0.214,0.000,0.200,0.297,0.563,0.009,0.000,0.447,0.522,0.038
federalism-agency-capacity-stress,Federalism and Agency-Capacity Stress,current-system-baseline,6,0.246,0.094,0.134,0.206,0.206,0.000,0.161,0.277,0.565,0.000,0.000,0.434,0.518,0.034
federalism-agency-capacity-stress,Federalism and Agency-Capacity Stress,current-system-baseline,7,0.244,0.091,0.135,0.203,0.203,0.000,0.129,0.258,0.568,0.000,0.000,0.422,0.513,0.030
federalism-agency-capacity-stress,Federalism and Agency-Capacity Stress,current-system-baseline,8,0.243,0.088,0.137,0.205,0.205,0.000,0.101,0.243,0.572,0.000,0.000,0.410,0.508,0.026
federalism-agency-capacity-stress,Federalism and Agency-Capacity Stress,current-system-baseline,9,0.241,0.085,0.138,0.206,0.206,0.000,0.078,0.229,0.578,0.000,0.000,0.399,0.504,0.023
federalism-agency-capacity-stress,Federalism and Agency-Capacity Stress,current-system-baseline,10,0.239,0.082,0.138,0.208,0.208,0.000,0.058,0.216,0.584,0.000,0.000,0.387,0.500,0.020
federalism-agency-capacity-stress,Federalism and Agency-Capacity Stress,current-system-baseline,11,0.238,0.080,0.139,0.210,0.210,0.000,0.041,0.205,0.591,0.000,0.000,0.376,0.495,0.017
federalism-agency-capacity-stress,Federalism and Agency-Capacity Stress,current-system-baseline,12,0.236,0.078,0.140,0.211,0.209,0.002,0.027,0.195,0.598,0.000,0.000,0.366,0.491,0.014
federalism-agency-capacity-stress,Federalism and Agency-Capacity Stress,current-system-baseline,13,0.234,0.075,0.140,0.213,0.208,0.005,0.014,0.186,0.607,0.000,0.000,0.356,0.487,0.011
federalism-agency-capacity-stress,Federalism and Agency-Capacity Stress,current-system-baseline,14,0.233,0.073,0.141,0.215,0.208,0.007,0.002,0.177,0.616,0.000,0.000,0.346,0.483,0.008
federalism-agency-capacity-stress,Federalism and Agency-Capacity Stress,current-system-baseline,15,0.231,0.071,0.141,0.217,0.207,0.010,0.000,0.168,0.626,0.000,0.000,0.336,0.479,0.005
federalism-agency-capacity-stress,Federalism and Agency-Capacity Stress,current-system-baseline,16,0.229,0.069,0.142,0.219,0.206,0.012,0.000,0.160,0.636,0.000,0.000,0.327,0.476,0.002
federalism-agency-capacity-stress,Federalism and Agency-Capacity Stress,current-system-baseline,17,0.228,0.067,0.142,0.221,0.206,0.015,0.000,0.152,0.647,0.000,0.000,0.319,0.473,-0.001
federalism-agency-capacity-stress,Federalism and Agency-Capacity Stress,current-system-baseline,18,0.226,0.065,0.143,0.223,0.205,0.018,0.000,0.144,0.659,0.000,0.000,0.311,0.469,-0.004
federalism-agency-capacity-stress,Federalism and Agency-Capacity Stress,current-system-baseline,19,0.225,0.063,0.143,0.226,0.205,0.021,0.000,0.137,0.671,0.000,0.000,0.303,0.466,-0.006
federalism-agency-capacity-stress,Federalism and Agency-Capacity Stress,current-system-baseline,20,0.223,0.061,0.144,0.228,0.204,0.024,0.000,0.129,0.683,0.001,0.000,0.296,0.463,-0.009
federalism-agency-capacity-stress,Federalism and Agency-Capacity Stress,current-system-baseline,21,0.222,0.059,0.145,0.231,0.204,0.027,0.000,0.121,0.696,0.004,0.000,0.288,0.461,-0.012
federalism-agency-capacity-stress,Federalism and Agency-Capacity Stress,current-system-baseline,22,0.220,0.058,0.145,0.235,0.203,0.031,0.000,0.113,0.710,0.008,0.000,0.281,0.458,-0.016
federalism-agency-capacity-stress,Federalism and Agency-Capacity Stress,current-system-baseline,23,0.219,0.056,0.146,0.239,0.203,0.036,0.000,0.106,0.724,0.014,0.000,0.274,0.455,-0.019
federalism-agency-capacity-stress,Federalism and Agency-Capacity Stress,current-system-baseline,24,0.217,0.054,0.146,0.245,0.203,0.042,0.000,0.098,0.738,0.022,0.000,0.267,0.453,-0.023
