paretoRank,paretoCriterion,rank,overallScore,modelUncertaintyBand,policyDelivery,publicAlignment,rightsSafeguard,captureResistance,legitimacy,complexityScore,resilienceFloor,legislatureKey,legislature,reviewKey,review,antiCaptureKey,antiCapture,tradeoffNote
1,exact,1,0.656,0.092,0.745,0.534,0.724,0.648,0.613,0.554,0.554,expanded-portfolio-hybrid-legislature,Expanded portfolio hybrid legislature,emergency-restraint-court,No emergency relief without merits review,full-anti-capture-bundle,Full anti-capture bundle,strong delivery
2,exact,2,0.655,0.092,0.745,0.534,0.722,0.648,0.614,0.546,0.546,expanded-portfolio-hybrid-legislature,Expanded portfolio hybrid legislature,emergency-integrity-package,Emergency integrity package,full-anti-capture-bundle,Full anti-capture bundle,strong delivery; complexity risk; weak subsystem floor
3,exact,3,0.654,0.092,0.745,0.534,0.721,0.648,0.603,0.551,0.551,expanded-portfolio-hybrid-legislature,Expanded portfolio hybrid legislature,automatic-merits-follow-up,Automatic merits follow-up for emergency relief,full-anti-capture-bundle,Full anti-capture bundle,strong delivery
4,exact,4,0.653,0.092,0.745,0.535,0.715,0.648,0.610,0.538,0.538,expanded-portfolio-hybrid-legislature,Expanded portfolio hybrid legislature,council-concrete-hybrid,Constitutional council with concrete-review backstop,full-anti-capture-bundle,Full anti-capture bundle,strong delivery; complexity risk; weak subsystem floor
5,exact,5,0.652,0.092,0.745,0.535,0.713,0.648,0.608,0.541,0.541,expanded-portfolio-hybrid-legislature,Expanded portfolio hybrid legislature,constitutional-council,Pre-enactment constitutional council,full-anti-capture-bundle,Full anti-capture bundle,strong delivery; complexity risk; weak subsystem floor
6,exact,6,0.652,0.092,0.745,0.534,0.720,0.648,0.598,0.539,0.539,expanded-portfolio-hybrid-legislature,Expanded portfolio hybrid legislature,constitutional-remand,Constitutional remand before invalidation,full-anti-capture-bundle,Full anti-capture bundle,strong delivery; complexity risk; weak subsystem floor
7,exact,7,0.652,0.092,0.745,0.534,0.723,0.648,0.598,0.533,0.533,expanded-portfolio-hybrid-legislature,Expanded portfolio hybrid legislature,remand-override-window-package,Constitutional remand with override window,full-anti-capture-bundle,Full anti-capture bundle,strong delivery; complexity risk; weak subsystem floor
8,exact,8,0.652,0.092,0.745,0.531,0.713,0.648,0.597,0.554,0.554,expanded-portfolio-hybrid-legislature,Expanded portfolio hybrid legislature,panel-en-banc,Three-judge panels with en banc correction,full-anti-capture-bundle,Full anti-capture bundle,strong delivery
9,exact,13,0.651,0.092,0.745,0.532,0.711,0.648,0.585,0.557,0.557,expanded-portfolio-hybrid-legislature,Expanded portfolio hybrid legislature,jurisdiction-stripping-constraints,Jurisdiction stripping constrained by rights carveouts,full-anti-capture-bundle,Full anti-capture bundle,strong delivery
10,exact,15,0.650,0.092,0.745,0.531,0.713,0.648,0.582,0.557,0.557,expanded-portfolio-hybrid-legislature,Expanded portfolio hybrid legislature,nonpartisan-commission,Nonpartisan commission appointments,full-anti-capture-bundle,Full anti-capture bundle,strong delivery
11,exact,16,0.650,0.093,0.745,0.531,0.713,0.648,0.577,0.562,0.562,expanded-portfolio-hybrid-legislature,Expanded portfolio hybrid legislature,term-limited-balanced,18-year staggered terms + regular appointments,full-anti-capture-bundle,Full anti-capture bundle,strong delivery
12,exact,17,0.650,0.092,0.745,0.534,0.710,0.648,0.582,0.557,0.557,expanded-portfolio-hybrid-legislature,Expanded portfolio hybrid legislature,accountability-retention-court,Retention-election accountability court,full-anti-capture-bundle,Full anti-capture bundle,strong delivery
13,exact,18,0.650,0.093,0.745,0.531,0.716,0.648,0.578,0.554,0.554,expanded-portfolio-hybrid-legislature,Expanded portfolio hybrid legislature,mandatory-written-emergency-reasoning,Mandatory written emergency reasoning,full-anti-capture-bundle,Full anti-capture bundle,strong delivery
14,exact,19,0.650,0.092,0.745,0.533,0.710,0.648,0.583,0.556,0.556,expanded-portfolio-hybrid-legislature,Expanded portfolio hybrid legislature,legislative-override-window,Time-limited legislative override window,full-anti-capture-bundle,Full anti-capture bundle,strong delivery
15,exact,21,0.650,0.093,0.745,0.531,0.713,0.648,0.579,0.556,0.556,expanded-portfolio-hybrid-legislature,Expanded portfolio hybrid legislature,recusal-and-emergency-reform,Peer recusal + reasoned emergency docket,full-anti-capture-bundle,Full anti-capture bundle,strong delivery
16,exact,22,0.650,0.092,0.745,0.533,0.709,0.648,0.583,0.556,0.556,expanded-portfolio-hybrid-legislature,Expanded portfolio hybrid legislature,legislative-override,Judicial review with legislative supermajority override,full-anti-capture-bundle,Full anti-capture bundle,strong delivery
17,exact,23,0.650,0.095,0.745,0.506,0.724,0.631,0.593,0.607,0.599,expanded-portfolio-hybrid-legislature,Expanded portfolio hybrid legislature,emergency-restraint-court,No emergency relief without merits review,budgeted-disclosed-lobbying,Budgeted disclosed lobbying,strong delivery
18,exact,24,0.650,0.093,0.745,0.530,0.715,0.648,0.570,0.562,0.562,expanded-portfolio-hybrid-legislature,Expanded portfolio hybrid legislature,supermajority-review,60 percent invalidation threshold,full-anti-capture-bundle,Full anti-capture bundle,strong delivery
19,exact,25,0.650,0.094,0.745,0.533,0.724,0.596,0.606,0.610,0.596,expanded-portfolio-hybrid-legislature,Expanded portfolio hybrid legislature,emergency-restraint-court,No emergency relief without merits review,democracy-vouchers,Democracy vouchers,strong delivery
20,exact,26,0.649,0.094,0.745,0.506,0.722,0.631,0.594,0.600,0.599,expanded-portfolio-hybrid-legislature,Expanded portfolio hybrid legislature,emergency-integrity-package,Emergency integrity package,budgeted-disclosed-lobbying,Budgeted disclosed lobbying,strong delivery
21,exact,27,0.649,0.094,0.745,0.533,0.722,0.596,0.607,0.603,0.596,expanded-portfolio-hybrid-legislature,Expanded portfolio hybrid legislature,emergency-integrity-package,Emergency integrity package,democracy-vouchers,Democracy vouchers,strong delivery
22,exact,28,0.648,0.094,0.745,0.506,0.721,0.631,0.583,0.604,0.599,expanded-portfolio-hybrid-legislature,Expanded portfolio hybrid legislature,automatic-merits-follow-up,Automatic merits follow-up for emergency relief,budgeted-disclosed-lobbying,Budgeted disclosed lobbying,strong delivery
23,exact,30,0.648,0.094,0.745,0.533,0.721,0.596,0.596,0.607,0.596,expanded-portfolio-hybrid-legislature,Expanded portfolio hybrid legislature,automatic-merits-follow-up,Automatic merits follow-up for emergency relief,democracy-vouchers,Democracy vouchers,strong delivery
24,exact,31,0.647,0.094,0.745,0.534,0.715,0.596,0.602,0.595,0.595,expanded-portfolio-hybrid-legislature,Expanded portfolio hybrid legislature,council-concrete-hybrid,Constitutional council with concrete-review backstop,democracy-vouchers,Democracy vouchers,strong delivery
25,exact,32,0.647,0.094,0.745,0.507,0.715,0.631,0.589,0.592,0.592,expanded-portfolio-hybrid-legislature,Expanded portfolio hybrid legislature,council-concrete-hybrid,Constitutional council with concrete-review backstop,budgeted-disclosed-lobbying,Budgeted disclosed lobbying,strong delivery
26,exact,33,0.647,0.094,0.745,0.534,0.720,0.596,0.590,0.596,0.596,expanded-portfolio-hybrid-legislature,Expanded portfolio hybrid legislature,constitutional-remand,Constitutional remand before invalidation,democracy-vouchers,Democracy vouchers,strong delivery
27,exact,34,0.647,0.094,0.745,0.533,0.723,0.596,0.591,0.590,0.590,expanded-portfolio-hybrid-legislature,Expanded portfolio hybrid legislature,remand-override-window-package,Constitutional remand with override window,democracy-vouchers,Democracy vouchers,strong delivery
28,exact,35,0.647,0.094,0.745,0.535,0.713,0.596,0.600,0.598,0.596,expanded-portfolio-hybrid-legislature,Expanded portfolio hybrid legislature,constitutional-council,Pre-enactment constitutional council,democracy-vouchers,Democracy vouchers,strong delivery
29,exact,36,0.647,0.094,0.745,0.508,0.713,0.631,0.587,0.594,0.594,expanded-portfolio-hybrid-legislature,Expanded portfolio hybrid legislature,constitutional-council,Pre-enactment constitutional council,budgeted-disclosed-lobbying,Budgeted disclosed lobbying,strong delivery
30,exact,37,0.647,0.094,0.745,0.507,0.720,0.631,0.578,0.593,0.593,expanded-portfolio-hybrid-legislature,Expanded portfolio hybrid legislature,constitutional-remand,Constitutional remand before invalidation,budgeted-disclosed-lobbying,Budgeted disclosed lobbying,strong delivery
31,exact,39,0.647,0.094,0.745,0.506,0.723,0.631,0.578,0.587,0.587,expanded-portfolio-hybrid-legislature,Expanded portfolio hybrid legislature,remand-override-window-package,Constitutional remand with override window,budgeted-disclosed-lobbying,Budgeted disclosed lobbying,strong delivery
32,exact,40,0.647,0.095,0.745,0.508,0.724,0.626,0.595,0.571,0.571,expanded-portfolio-hybrid-legislature,Expanded portfolio hybrid legislature,emergency-restraint-court,No emergency relief without merits review,randomized-audit-sanctions,Randomized audit and sanctions,strong delivery
33,exact,42,0.646,0.095,0.745,0.504,0.713,0.631,0.577,0.607,0.599,expanded-portfolio-hybrid-legislature,Expanded portfolio hybrid legislature,panel-en-banc,Three-judge panels with en banc correction,budgeted-disclosed-lobbying,Budgeted disclosed lobbying,strong delivery
34,exact,43,0.646,0.095,0.745,0.508,0.722,0.626,0.596,0.563,0.563,expanded-portfolio-hybrid-legislature,Expanded portfolio hybrid legislature,emergency-integrity-package,Emergency integrity package,randomized-audit-sanctions,Randomized audit and sanctions,strong delivery
35,exact,45,0.646,0.094,0.745,0.531,0.713,0.596,0.589,0.610,0.596,expanded-portfolio-hybrid-legislature,Expanded portfolio hybrid legislature,panel-en-banc,Three-judge panels with en banc correction,democracy-vouchers,Democracy vouchers,strong delivery
36,exact,51,0.645,0.095,0.745,0.508,0.721,0.626,0.585,0.567,0.567,expanded-portfolio-hybrid-legislature,Expanded portfolio hybrid legislature,automatic-merits-follow-up,Automatic merits follow-up for emergency relief,randomized-audit-sanctions,Randomized audit and sanctions,strong delivery
37,exact,55,0.645,0.095,0.745,0.505,0.711,0.631,0.565,0.610,0.599,expanded-portfolio-hybrid-legislature,Expanded portfolio hybrid legislature,jurisdiction-stripping-constraints,Jurisdiction stripping constrained by rights carveouts,budgeted-disclosed-lobbying,Budgeted disclosed lobbying,strong delivery
38,exact,56,0.644,0.094,0.745,0.532,0.711,0.596,0.578,0.614,0.596,expanded-portfolio-hybrid-legislature,Expanded portfolio hybrid legislature,jurisdiction-stripping-constraints,Jurisdiction stripping constrained by rights carveouts,democracy-vouchers,Democracy vouchers,strong delivery
39,exact,57,0.644,0.095,0.745,0.504,0.713,0.631,0.562,0.610,0.599,expanded-portfolio-hybrid-legislature,Expanded portfolio hybrid legislature,nonpartisan-commission,Nonpartisan commission appointments,budgeted-disclosed-lobbying,Budgeted disclosed lobbying,strong delivery
40,exact,58,0.644,0.095,0.745,0.503,0.716,0.631,0.558,0.607,0.599,expanded-portfolio-hybrid-legislature,Expanded portfolio hybrid legislature,mandatory-written-emergency-reasoning,Mandatory written emergency reasoning,budgeted-disclosed-lobbying,Budgeted disclosed lobbying,strong delivery
41,exact,59,0.644,0.095,0.745,0.506,0.710,0.631,0.562,0.610,0.599,expanded-portfolio-hybrid-legislature,Expanded portfolio hybrid legislature,accountability-retention-court,Retention-election accountability court,budgeted-disclosed-lobbying,Budgeted disclosed lobbying,strong delivery
42,exact,60,0.644,0.094,0.745,0.531,0.713,0.596,0.574,0.614,0.596,expanded-portfolio-hybrid-legislature,Expanded portfolio hybrid legislature,nonpartisan-commission,Nonpartisan commission appointments,democracy-vouchers,Democracy vouchers,strong delivery
43,exact,61,0.644,0.094,0.745,0.530,0.716,0.596,0.570,0.611,0.596,expanded-portfolio-hybrid-legislature,Expanded portfolio hybrid legislature,mandatory-written-emergency-reasoning,Mandatory written emergency reasoning,democracy-vouchers,Democracy vouchers,strong delivery
44,exact,63,0.644,0.095,0.745,0.505,0.710,0.631,0.562,0.609,0.599,expanded-portfolio-hybrid-legislature,Expanded portfolio hybrid legislature,legislative-override-window,Time-limited legislative override window,budgeted-disclosed-lobbying,Budgeted disclosed lobbying,strong delivery
45,exact,64,0.644,0.095,0.745,0.504,0.713,0.631,0.559,0.609,0.599,expanded-portfolio-hybrid-legislature,Expanded portfolio hybrid legislature,recusal-and-emergency-reform,Peer recusal + reasoned emergency docket,budgeted-disclosed-lobbying,Budgeted disclosed lobbying,strong delivery
46,exact,65,0.644,0.094,0.745,0.533,0.710,0.596,0.575,0.614,0.596,expanded-portfolio-hybrid-legislature,Expanded portfolio hybrid legislature,accountability-retention-court,Retention-election accountability court,democracy-vouchers,Democracy vouchers,strong delivery
47,exact,66,0.644,0.095,0.745,0.505,0.709,0.631,0.563,0.609,0.599,expanded-portfolio-hybrid-legislature,Expanded portfolio hybrid legislature,legislative-override,Judicial review with legislative supermajority override,budgeted-disclosed-lobbying,Budgeted disclosed lobbying,strong delivery
48,exact,68,0.644,0.095,0.745,0.504,0.713,0.631,0.556,0.615,0.599,expanded-portfolio-hybrid-legislature,Expanded portfolio hybrid legislature,term-limited-balanced,18-year staggered terms + regular appointments,budgeted-disclosed-lobbying,Budgeted disclosed lobbying,strong delivery
49,exact,69,0.644,0.094,0.745,0.532,0.710,0.596,0.575,0.612,0.596,expanded-portfolio-hybrid-legislature,Expanded portfolio hybrid legislature,legislative-override-window,Time-limited legislative override window,democracy-vouchers,Democracy vouchers,strong delivery
50,exact,70,0.644,0.094,0.745,0.530,0.713,0.596,0.572,0.613,0.596,expanded-portfolio-hybrid-legislature,Expanded portfolio hybrid legislature,recusal-and-emergency-reform,Peer recusal + reasoned emergency docket,democracy-vouchers,Democracy vouchers,strong delivery
51,exact,71,0.644,0.094,0.745,0.532,0.709,0.596,0.576,0.612,0.596,expanded-portfolio-hybrid-legislature,Expanded portfolio hybrid legislature,legislative-override,Judicial review with legislative supermajority override,democracy-vouchers,Democracy vouchers,strong delivery
52,exact,72,0.644,0.095,0.745,0.507,0.724,0.609,0.594,0.580,0.573,expanded-portfolio-hybrid-legislature,Expanded portfolio hybrid legislature,emergency-restraint-court,No emergency relief without merits review,audit-and-sanctions,Audit and sanctions,strong delivery
53,exact,73,0.644,0.094,0.745,0.530,0.713,0.596,0.569,0.618,0.596,expanded-portfolio-hybrid-legislature,Expanded portfolio hybrid legislature,term-limited-balanced,18-year staggered terms + regular appointments,democracy-vouchers,Democracy vouchers,strong delivery
54,exact,75,0.643,0.095,0.745,0.509,0.715,0.626,0.591,0.555,0.555,expanded-portfolio-hybrid-legislature,Expanded portfolio hybrid legislature,council-concrete-hybrid,Constitutional council with concrete-review backstop,randomized-audit-sanctions,Randomized audit and sanctions,strong delivery
55,exact,76,0.643,0.095,0.745,0.507,0.722,0.609,0.595,0.573,0.573,expanded-portfolio-hybrid-legislature,Expanded portfolio hybrid legislature,emergency-integrity-package,Emergency integrity package,audit-and-sanctions,Audit and sanctions,strong delivery
56,exact,77,0.643,0.095,0.745,0.502,0.715,0.631,0.550,0.616,0.599,expanded-portfolio-hybrid-legislature,Expanded portfolio hybrid legislature,supermajority-review,60 percent invalidation threshold,budgeted-disclosed-lobbying,Budgeted disclosed lobbying,strong delivery
57,exact,78,0.643,0.094,0.745,0.529,0.715,0.596,0.563,0.619,0.596,expanded-portfolio-hybrid-legislature,Expanded portfolio hybrid legislature,supermajority-review,60 percent invalidation threshold,democracy-vouchers,Democracy vouchers,strong delivery
58,exact,79,0.643,0.095,0.745,0.509,0.713,0.626,0.589,0.558,0.558,expanded-portfolio-hybrid-legislature,Expanded portfolio hybrid legislature,constitutional-council,Pre-enactment constitutional council,randomized-audit-sanctions,Randomized audit and sanctions,strong delivery
59,exact,80,0.643,0.095,0.745,0.508,0.720,0.626,0.579,0.556,0.556,expanded-portfolio-hybrid-legislature,Expanded portfolio hybrid legislature,constitutional-remand,Constitutional remand before invalidation,randomized-audit-sanctions,Randomized audit and sanctions,strong delivery
60,exact,89,0.642,0.095,0.745,0.507,0.721,0.609,0.584,0.577,0.573,expanded-portfolio-hybrid-legislature,Expanded portfolio hybrid legislature,automatic-merits-follow-up,Automatic merits follow-up for emergency relief,audit-and-sanctions,Audit and sanctions,strong delivery
61,exact,90,0.642,0.094,0.745,0.532,0.724,0.574,0.612,0.557,0.557,expanded-portfolio-hybrid-legislature,Expanded portfolio hybrid legislature,emergency-restraint-court,No emergency relief without merits review,bundle-with-evasion,Anti-capture bundle with evasion,strong delivery
62,exact,98,0.641,0.094,0.745,0.532,0.722,0.574,0.613,0.550,0.550,expanded-portfolio-hybrid-legislature,Expanded portfolio hybrid legislature,emergency-integrity-package,Emergency integrity package,bundle-with-evasion,Anti-capture bundle with evasion,strong delivery; complexity risk; weak subsystem floor
63,exact,105,0.641,0.095,0.745,0.508,0.715,0.609,0.591,0.565,0.565,expanded-portfolio-hybrid-legislature,Expanded portfolio hybrid legislature,council-concrete-hybrid,Constitutional council with concrete-review backstop,audit-and-sanctions,Audit and sanctions,strong delivery
64,exact,110,0.641,0.095,0.745,0.509,0.713,0.609,0.589,0.567,0.567,expanded-portfolio-hybrid-legislature,Expanded portfolio hybrid legislature,constitutional-council,Pre-enactment constitutional council,audit-and-sanctions,Audit and sanctions,strong delivery
65,exact,111,0.641,0.095,0.745,0.508,0.720,0.609,0.579,0.566,0.566,expanded-portfolio-hybrid-legislature,Expanded portfolio hybrid legislature,constitutional-remand,Constitutional remand before invalidation,audit-and-sanctions,Audit and sanctions,strong delivery
66,exact,119,0.640,0.096,0.759,0.502,0.607,0.663,0.575,0.757,0.607,default-pass,Default pass unless 2/3 block,emergency-restraint-court,No emergency relief without merits review,full-anti-capture-bundle,Full anti-capture bundle,strong delivery
67,exact,125,0.640,0.092,0.635,0.523,0.760,0.650,0.626,0.671,0.635,simple-majority-alternatives-pairwise,Unicameral majority + pairwise alternatives,emergency-restraint-court,No emergency relief without merits review,full-anti-capture-bundle,Full anti-capture bundle,strong rights screen
68,exact,127,0.640,0.096,0.759,0.503,0.605,0.663,0.576,0.750,0.605,default-pass,Default pass unless 2/3 block,emergency-integrity-package,Emergency integrity package,full-anti-capture-bundle,Full anti-capture bundle,strong delivery
69,exact,130,0.640,0.092,0.635,0.523,0.758,0.650,0.627,0.664,0.635,simple-majority-alternatives-pairwise,Unicameral majority + pairwise alternatives,emergency-integrity-package,Emergency integrity package,full-anti-capture-bundle,Full anti-capture bundle,strong rights screen
70,exact,133,0.640,0.092,0.633,0.523,0.760,0.649,0.625,0.672,0.635,pairwise-amendment-tournament-majority,Pairwise amendment tournament + majority,emergency-restraint-court,No emergency relief without merits review,full-anti-capture-bundle,Full anti-capture bundle,strong rights screen
71,exact,136,0.639,0.092,0.633,0.523,0.758,0.649,0.627,0.664,0.635,pairwise-amendment-tournament-majority,Pairwise amendment tournament + majority,emergency-integrity-package,Emergency integrity package,full-anti-capture-bundle,Full anti-capture bundle,strong rights screen
72,exact,143,0.639,0.094,0.745,0.534,0.713,0.574,0.606,0.544,0.544,expanded-portfolio-hybrid-legislature,Expanded portfolio hybrid legislature,constitutional-council,Pre-enactment constitutional council,bundle-with-evasion,Anti-capture bundle with evasion,strong delivery; complexity risk; weak subsystem floor
73,exact,152,0.639,0.096,0.759,0.503,0.604,0.663,0.565,0.754,0.604,default-pass,Default pass unless 2/3 block,automatic-merits-follow-up,Automatic merits follow-up for emergency relief,full-anti-capture-bundle,Full anti-capture bundle,strong delivery
74,exact,153,0.639,0.092,0.635,0.523,0.757,0.650,0.616,0.668,0.635,simple-majority-alternatives-pairwise,Unicameral majority + pairwise alternatives,automatic-merits-follow-up,Automatic merits follow-up for emergency relief,full-anti-capture-bundle,Full anti-capture bundle,strong rights screen
75,exact,176,0.638,0.096,0.759,0.503,0.605,0.663,0.560,0.737,0.605,default-pass,Default pass unless 2/3 block,remand-override-window-package,Constitutional remand with override window,full-anti-capture-bundle,Full anti-capture bundle,strong delivery
76,exact,179,0.638,0.092,0.633,0.523,0.757,0.649,0.615,0.669,0.635,pairwise-amendment-tournament-majority,Pairwise amendment tournament + majority,automatic-merits-follow-up,Automatic merits follow-up for emergency relief,full-anti-capture-bundle,Full anti-capture bundle,strong rights screen
77,exact,181,0.638,0.092,0.635,0.524,0.751,0.650,0.622,0.656,0.635,simple-majority-alternatives-pairwise,Unicameral majority + pairwise alternatives,council-concrete-hybrid,Constitutional council with concrete-review backstop,full-anti-capture-bundle,Full anti-capture bundle,strong rights screen
78,exact,182,0.638,0.092,0.635,0.523,0.759,0.650,0.611,0.651,0.635,simple-majority-alternatives-pairwise,Unicameral majority + pairwise alternatives,remand-override-window-package,Constitutional remand with override window,full-anti-capture-bundle,Full anti-capture bundle,strong rights screen
79,exact,187,0.638,0.096,0.759,0.504,0.597,0.663,0.572,0.742,0.597,default-pass,Default pass unless 2/3 block,council-concrete-hybrid,Constitutional council with concrete-review backstop,full-anti-capture-bundle,Full anti-capture bundle,strong delivery
80,exact,188,0.638,0.092,0.635,0.524,0.756,0.650,0.610,0.657,0.635,simple-majority-alternatives-pairwise,Unicameral majority + pairwise alternatives,constitutional-remand,Constitutional remand before invalidation,full-anti-capture-bundle,Full anti-capture bundle,strong rights screen
81,exact,189,0.638,0.096,0.759,0.503,0.602,0.663,0.560,0.743,0.602,default-pass,Default pass unless 2/3 block,constitutional-remand,Constitutional remand before invalidation,full-anti-capture-bundle,Full anti-capture bundle,strong delivery
82,exact,192,0.637,0.092,0.635,0.525,0.749,0.650,0.620,0.659,0.635,simple-majority-alternatives-pairwise,Unicameral majority + pairwise alternatives,constitutional-council,Pre-enactment constitutional council,full-anti-capture-bundle,Full anti-capture bundle,balanced tradeoff
83,exact,195,0.637,0.092,0.633,0.524,0.751,0.649,0.622,0.656,0.635,pairwise-amendment-tournament-majority,Pairwise amendment tournament + majority,council-concrete-hybrid,Constitutional council with concrete-review backstop,full-anti-capture-bundle,Full anti-capture bundle,strong rights screen
84,exact,196,0.637,0.092,0.633,0.523,0.759,0.649,0.611,0.651,0.635,pairwise-amendment-tournament-majority,Pairwise amendment tournament + majority,remand-override-window-package,Constitutional remand with override window,full-anti-capture-bundle,Full anti-capture bundle,strong rights screen
85,exact,204,0.637,0.096,0.759,0.504,0.595,0.663,0.570,0.744,0.595,default-pass,Default pass unless 2/3 block,constitutional-council,Pre-enactment constitutional council,full-anti-capture-bundle,Full anti-capture bundle,strong delivery
86,exact,208,0.637,0.092,0.633,0.524,0.756,0.649,0.610,0.657,0.635,pairwise-amendment-tournament-majority,Pairwise amendment tournament + majority,constitutional-remand,Constitutional remand before invalidation,full-anti-capture-bundle,Full anti-capture bundle,strong rights screen
87,exact,211,0.637,0.092,0.633,0.525,0.749,0.649,0.620,0.659,0.635,pairwise-amendment-tournament-majority,Pairwise amendment tournament + majority,constitutional-council,Pre-enactment constitutional council,full-anti-capture-bundle,Full anti-capture bundle,balanced tradeoff
88,exact,222,0.636,0.095,0.745,0.519,0.724,0.555,0.606,0.574,0.555,expanded-portfolio-hybrid-legislature,Expanded portfolio hybrid legislature,emergency-restraint-court,No emergency relief without merits review,outside-spending-disclosure-evasion,Outside-spending disclosure evasion,strong delivery
89,exact,223,0.636,0.094,0.745,0.528,0.673,0.648,0.507,0.569,0.569,expanded-portfolio-hybrid-legislature,Expanded portfolio hybrid legislature,current-us-like,Stylized current U.S.-like supreme court,full-anti-capture-bundle,Full anti-capture bundle,strong delivery
90,exact,229,0.636,0.092,0.635,0.521,0.749,0.650,0.609,0.671,0.635,simple-majority-alternatives-pairwise,Unicameral majority + pairwise alternatives,panel-en-banc,Three-judge panels with en banc correction,full-anti-capture-bundle,Full anti-capture bundle,balanced tradeoff
91,exact,232,0.636,0.095,0.745,0.519,0.722,0.555,0.608,0.567,0.555,expanded-portfolio-hybrid-legislature,Expanded portfolio hybrid legislature,emergency-integrity-package,Emergency integrity package,outside-spending-disclosure-evasion,Outside-spending disclosure evasion,strong delivery
92,exact,236,0.636,0.096,0.759,0.500,0.596,0.663,0.559,0.757,0.596,default-pass,Default pass unless 2/3 block,panel-en-banc,Three-judge panels with en banc correction,full-anti-capture-bundle,Full anti-capture bundle,strong delivery
93,exact,240,0.636,0.092,0.633,0.521,0.749,0.649,0.609,0.672,0.635,pairwise-amendment-tournament-majority,Pairwise amendment tournament + majority,panel-en-banc,Three-judge panels with en banc correction,full-anti-capture-bundle,Full anti-capture bundle,balanced tradeoff
94,exact,242,0.635,0.096,0.745,0.521,0.724,0.548,0.607,0.601,0.545,expanded-portfolio-hybrid-legislature,Expanded portfolio hybrid legislature,emergency-restraint-court,No emergency relief without merits review,public-interest-representation-funds,Public-interest representation funds,strong delivery; weak subsystem floor
95,exact,252,0.635,0.096,0.745,0.521,0.722,0.548,0.608,0.593,0.545,expanded-portfolio-hybrid-legislature,Expanded portfolio hybrid legislature,emergency-integrity-package,Emergency integrity package,public-interest-representation-funds,Public-interest representation funds,strong delivery; weak subsystem floor
96,exact,260,0.635,0.092,0.635,0.522,0.747,0.650,0.598,0.675,0.635,simple-majority-alternatives-pairwise,Unicameral majority + pairwise alternatives,jurisdiction-stripping-constraints,Jurisdiction stripping constrained by rights carveouts,full-anti-capture-bundle,Full anti-capture bundle,balanced tradeoff
97,exact,267,0.635,0.092,0.619,0.521,0.753,0.655,0.617,0.692,0.635,portfolio-hybrid-legislature,Portfolio hybrid legislature,emergency-restraint-court,No emergency relief without merits review,full-anti-capture-bundle,Full anti-capture bundle,strong rights screen
98,exact,269,0.635,0.092,0.635,0.521,0.749,0.650,0.594,0.675,0.635,simple-majority-alternatives-pairwise,Unicameral majority + pairwise alternatives,nonpartisan-commission,Nonpartisan commission appointments,full-anti-capture-bundle,Full anti-capture bundle,balanced tradeoff
99,exact,270,0.635,0.092,0.635,0.520,0.752,0.650,0.590,0.672,0.635,simple-majority-alternatives-pairwise,Unicameral majority + pairwise alternatives,mandatory-written-emergency-reasoning,Mandatory written emergency reasoning,full-anti-capture-bundle,Full anti-capture bundle,strong rights screen
100,exact,272,0.635,0.092,0.635,0.523,0.746,0.650,0.595,0.675,0.635,simple-majority-alternatives-pairwise,Unicameral majority + pairwise alternatives,accountability-retention-court,Retention-election accountability court,full-anti-capture-bundle,Full anti-capture bundle,balanced tradeoff
101,exact,275,0.634,0.092,0.635,0.522,0.746,0.650,0.595,0.673,0.635,simple-majority-alternatives-pairwise,Unicameral majority + pairwise alternatives,legislative-override-window,Time-limited legislative override window,full-anti-capture-bundle,Full anti-capture bundle,balanced tradeoff
102,exact,276,0.634,0.092,0.635,0.521,0.749,0.650,0.592,0.673,0.635,simple-majority-alternatives-pairwise,Unicameral majority + pairwise alternatives,recusal-and-emergency-reform,Peer recusal + reasoned emergency docket,full-anti-capture-bundle,Full anti-capture bundle,balanced tradeoff
103,exact,277,0.634,0.096,0.759,0.500,0.598,0.663,0.540,0.757,0.598,default-pass,Default pass unless 2/3 block,mandatory-written-emergency-reasoning,Mandatory written emergency reasoning,full-anti-capture-bundle,Full anti-capture bundle,strong delivery
104,exact,278,0.634,0.092,0.635,0.522,0.745,0.650,0.595,0.673,0.635,simple-majority-alternatives-pairwise,Unicameral majority + pairwise alternatives,legislative-override,Judicial review with legislative supermajority override,full-anti-capture-bundle,Full anti-capture bundle,balanced tradeoff
105,exact,279,0.634,0.092,0.619,0.521,0.751,0.655,0.618,0.685,0.635,portfolio-hybrid-legislature,Portfolio hybrid legislature,emergency-integrity-package,Emergency integrity package,full-anti-capture-bundle,Full anti-capture bundle,strong rights screen
106,exact,280,0.634,0.096,0.759,0.501,0.594,0.663,0.547,0.761,0.594,default-pass,Default pass unless 2/3 block,jurisdiction-stripping-constraints,Jurisdiction stripping constrained by rights carveouts,full-anti-capture-bundle,Full anti-capture bundle,strong delivery
107,exact,281,0.634,0.092,0.635,0.521,0.749,0.650,0.589,0.679,0.635,simple-majority-alternatives-pairwise,Unicameral majority + pairwise alternatives,term-limited-balanced,18-year staggered terms + regular appointments,full-anti-capture-bundle,Full anti-capture bundle,balanced tradeoff
108,exact,282,0.634,0.092,0.633,0.522,0.747,0.649,0.598,0.675,0.635,pairwise-amendment-tournament-majority,Pairwise amendment tournament + majority,jurisdiction-stripping-constraints,Jurisdiction stripping constrained by rights carveouts,full-anti-capture-bundle,Full anti-capture bundle,balanced tradeoff
109,exact,284,0.634,0.096,0.759,0.500,0.595,0.663,0.544,0.761,0.595,default-pass,Default pass unless 2/3 block,nonpartisan-commission,Nonpartisan commission appointments,full-anti-capture-bundle,Full anti-capture bundle,strong delivery
110,exact,287,0.634,0.092,0.633,0.521,0.749,0.649,0.594,0.675,0.635,pairwise-amendment-tournament-majority,Pairwise amendment tournament + majority,nonpartisan-commission,Nonpartisan commission appointments,full-anti-capture-bundle,Full anti-capture bundle,balanced tradeoff
111,exact,288,0.634,0.092,0.633,0.520,0.752,0.649,0.590,0.672,0.635,pairwise-amendment-tournament-majority,Pairwise amendment tournament + majority,mandatory-written-emergency-reasoning,Mandatory written emergency reasoning,full-anti-capture-bundle,Full anti-capture bundle,strong rights screen
112,exact,291,0.634,0.096,0.759,0.500,0.596,0.663,0.541,0.759,0.596,default-pass,Default pass unless 2/3 block,recusal-and-emergency-reform,Peer recusal + reasoned emergency docket,full-anti-capture-bundle,Full anti-capture bundle,strong delivery
113,exact,292,0.634,0.092,0.633,0.523,0.746,0.649,0.595,0.675,0.635,pairwise-amendment-tournament-majority,Pairwise amendment tournament + majority,accountability-retention-court,Retention-election accountability court,full-anti-capture-bundle,Full anti-capture bundle,balanced tradeoff
114,exact,293,0.634,0.096,0.759,0.502,0.592,0.663,0.544,0.760,0.592,default-pass,Default pass unless 2/3 block,accountability-retention-court,Retention-election accountability court,full-anti-capture-bundle,Full anti-capture bundle,strong delivery
115,exact,294,0.634,0.096,0.759,0.500,0.596,0.663,0.539,0.765,0.596,default-pass,Default pass unless 2/3 block,term-limited-balanced,18-year staggered terms + regular appointments,full-anti-capture-bundle,Full anti-capture bundle,strong delivery
116,exact,299,0.634,0.092,0.633,0.522,0.746,0.649,0.595,0.674,0.635,pairwise-amendment-tournament-majority,Pairwise amendment tournament + majority,legislative-override-window,Time-limited legislative override window,full-anti-capture-bundle,Full anti-capture bundle,balanced tradeoff
117,exact,300,0.634,0.092,0.633,0.521,0.749,0.649,0.592,0.674,0.635,pairwise-amendment-tournament-majority,Pairwise amendment tournament + majority,recusal-and-emergency-reform,Peer recusal + reasoned emergency docket,full-anti-capture-bundle,Full anti-capture bundle,balanced tradeoff
118,exact,301,0.634,0.096,0.759,0.502,0.592,0.663,0.545,0.759,0.592,default-pass,Default pass unless 2/3 block,legislative-override-window,Time-limited legislative override window,full-anti-capture-bundle,Full anti-capture bundle,strong delivery
119,exact,302,0.634,0.092,0.633,0.522,0.745,0.649,0.595,0.674,0.635,pairwise-amendment-tournament-majority,Pairwise amendment tournament + majority,legislative-override,Judicial review with legislative supermajority override,full-anti-capture-bundle,Full anti-capture bundle,balanced tradeoff
120,exact,303,0.634,0.092,0.635,0.519,0.751,0.650,0.583,0.680,0.635,simple-majority-alternatives-pairwise,Unicameral majority + pairwise alternatives,supermajority-review,60 percent invalidation threshold,full-anti-capture-bundle,Full anti-capture bundle,strong rights screen
121,exact,305,0.634,0.092,0.633,0.521,0.749,0.649,0.589,0.680,0.635,pairwise-amendment-tournament-majority,Pairwise amendment tournament + majority,term-limited-balanced,18-year staggered terms + regular appointments,full-anti-capture-bundle,Full anti-capture bundle,balanced tradeoff
122,exact,306,0.634,0.096,0.759,0.502,0.592,0.663,0.545,0.759,0.592,default-pass,Default pass unless 2/3 block,legislative-override,Judicial review with legislative supermajority override,full-anti-capture-bundle,Full anti-capture bundle,strong delivery
123,exact,309,0.633,0.096,0.759,0.499,0.598,0.663,0.532,0.766,0.598,default-pass,Default pass unless 2/3 block,supermajority-review,60 percent invalidation threshold,full-anti-capture-bundle,Full anti-capture bundle,strong delivery
124,exact,315,0.633,0.092,0.633,0.519,0.751,0.649,0.583,0.680,0.635,pairwise-amendment-tournament-majority,Pairwise amendment tournament + majority,supermajority-review,60 percent invalidation threshold,full-anti-capture-bundle,Full anti-capture bundle,strong rights screen
125,exact,316,0.633,0.092,0.619,0.521,0.750,0.655,0.607,0.689,0.635,portfolio-hybrid-legislature,Portfolio hybrid legislature,automatic-merits-follow-up,Automatic merits follow-up for emergency relief,full-anti-capture-bundle,Full anti-capture bundle,strong rights screen
126,exact,323,0.633,0.094,0.723,0.508,0.627,0.649,0.587,0.703,0.608,default-pass-multiround-mediation-challenge,Default pass + multi-round mediation + challenge,emergency-restraint-court,No emergency relief without merits review,full-anti-capture-bundle,Full anti-capture bundle,strong delivery
127,exact,327,0.632,0.094,0.723,0.508,0.626,0.649,0.588,0.695,0.608,default-pass-multiround-mediation-challenge,Default pass + multi-round mediation + challenge,emergency-integrity-package,Emergency integrity package,full-anti-capture-bundle,Full anti-capture bundle,strong delivery
128,exact,328,0.632,0.092,0.619,0.522,0.744,0.655,0.614,0.677,0.635,portfolio-hybrid-legislature,Portfolio hybrid legislature,council-concrete-hybrid,Constitutional council with concrete-review backstop,full-anti-capture-bundle,Full anti-capture bundle,balanced tradeoff
129,exact,329,0.632,0.092,0.619,0.522,0.752,0.655,0.602,0.671,0.635,portfolio-hybrid-legislature,Portfolio hybrid legislature,remand-override-window-package,Constitutional remand with override window,full-anti-capture-bundle,Full anti-capture bundle,strong rights screen
130,exact,333,0.632,0.092,0.619,0.522,0.749,0.655,0.602,0.677,0.635,portfolio-hybrid-legislature,Portfolio hybrid legislature,constitutional-remand,Constitutional remand before invalidation,full-anti-capture-bundle,Full anti-capture bundle,balanced tradeoff
131,exact,334,0.632,0.092,0.619,0.523,0.742,0.655,0.611,0.679,0.635,portfolio-hybrid-legislature,Portfolio hybrid legislature,constitutional-council,Pre-enactment constitutional council,full-anti-capture-bundle,Full anti-capture bundle,balanced tradeoff
132,exact,348,0.631,0.098,0.759,0.502,0.607,0.611,0.567,0.814,0.600,default-pass,Default pass unless 2/3 block,emergency-restraint-court,No emergency relief without merits review,democracy-vouchers,Democracy vouchers,strong delivery
133,exact,352,0.631,0.099,0.759,0.475,0.607,0.645,0.555,0.811,0.599,default-pass,Default pass unless 2/3 block,emergency-restraint-court,No emergency relief without merits review,budgeted-disclosed-lobbying,Budgeted disclosed lobbying,strong delivery
134,exact,354,0.631,0.094,0.723,0.508,0.624,0.649,0.577,0.700,0.608,default-pass-multiround-mediation-challenge,Default pass + multi-round mediation + challenge,automatic-merits-follow-up,Automatic merits follow-up for emergency relief,full-anti-capture-bundle,Full anti-capture bundle,strong delivery
135,exact,357,0.631,0.098,0.759,0.502,0.605,0.611,0.569,0.806,0.600,default-pass,Default pass unless 2/3 block,emergency-integrity-package,Emergency integrity package,democracy-vouchers,Democracy vouchers,strong delivery
136,exact,359,0.631,0.099,0.759,0.475,0.605,0.645,0.556,0.803,0.599,default-pass,Default pass unless 2/3 block,emergency-integrity-package,Emergency integrity package,budgeted-disclosed-lobbying,Budgeted disclosed lobbying,strong delivery
137,exact,369,0.631,0.092,0.619,0.519,0.742,0.655,0.601,0.692,0.635,portfolio-hybrid-legislature,Portfolio hybrid legislature,panel-en-banc,Three-judge panels with en banc correction,full-anti-capture-bundle,Full anti-capture bundle,balanced tradeoff
138,exact,372,0.631,0.094,0.723,0.509,0.618,0.649,0.583,0.687,0.608,default-pass-multiround-mediation-challenge,Default pass + multi-round mediation + challenge,council-concrete-hybrid,Constitutional council with concrete-review backstop,full-anti-capture-bundle,Full anti-capture bundle,strong delivery
139,exact,375,0.631,0.094,0.723,0.508,0.626,0.649,0.572,0.682,0.608,default-pass-multiround-mediation-challenge,Default pass + multi-round mediation + challenge,remand-override-window-package,Constitutional remand with override window,full-anti-capture-bundle,Full anti-capture bundle,strong delivery
140,exact,387,0.630,0.094,0.723,0.509,0.623,0.649,0.571,0.688,0.608,default-pass-multiround-mediation-challenge,Default pass + multi-round mediation + challenge,constitutional-remand,Constitutional remand before invalidation,full-anti-capture-bundle,Full anti-capture bundle,strong delivery
141,exact,391,0.630,0.094,0.723,0.510,0.616,0.649,0.581,0.690,0.608,default-pass-multiround-mediation-challenge,Default pass + multi-round mediation + challenge,constitutional-council,Pre-enactment constitutional council,full-anti-capture-bundle,Full anti-capture bundle,strong delivery
142,exact,403,0.630,0.098,0.759,0.502,0.604,0.611,0.558,0.811,0.600,default-pass,Default pass unless 2/3 block,automatic-merits-follow-up,Automatic merits follow-up for emergency relief,democracy-vouchers,Democracy vouchers,strong delivery
143,exact,406,0.630,0.099,0.759,0.475,0.604,0.645,0.545,0.807,0.599,default-pass,Default pass unless 2/3 block,automatic-merits-follow-up,Automatic merits follow-up for emergency relief,budgeted-disclosed-lobbying,Budgeted disclosed lobbying,strong delivery
144,exact,417,0.630,0.096,0.745,0.501,0.673,0.631,0.487,0.623,0.599,expanded-portfolio-hybrid-legislature,Expanded portfolio hybrid legislature,current-us-like,Stylized current U.S.-like supreme court,budgeted-disclosed-lobbying,Budgeted disclosed lobbying,strong delivery
145,exact,419,0.629,0.094,0.635,0.496,0.760,0.632,0.605,0.725,0.599,simple-majority-alternatives-pairwise,Unicameral majority + pairwise alternatives,emergency-restraint-court,No emergency relief without merits review,budgeted-disclosed-lobbying,Budgeted disclosed lobbying,strong rights screen
146,exact,420,0.629,0.092,0.619,0.520,0.740,0.655,0.589,0.695,0.635,portfolio-hybrid-legislature,Portfolio hybrid legislature,jurisdiction-stripping-constraints,Jurisdiction stripping constrained by rights carveouts,full-anti-capture-bundle,Full anti-capture bundle,balanced tradeoff
147,exact,423,0.629,0.096,0.745,0.527,0.673,0.596,0.500,0.626,0.596,expanded-portfolio-hybrid-legislature,Expanded portfolio hybrid legislature,current-us-like,Stylized current U.S.-like supreme court,democracy-vouchers,Democracy vouchers,strong delivery
148,exact,424,0.629,0.094,0.635,0.522,0.760,0.598,0.618,0.728,0.598,simple-majority-alternatives-pairwise,Unicameral majority + pairwise alternatives,emergency-restraint-court,No emergency relief without merits review,democracy-vouchers,Democracy vouchers,strong rights screen
149,exact,426,0.629,0.092,0.619,0.519,0.742,0.655,0.586,0.695,0.635,portfolio-hybrid-legislature,Portfolio hybrid legislature,nonpartisan-commission,Nonpartisan commission appointments,full-anti-capture-bundle,Full anti-capture bundle,balanced tradeoff
150,exact,427,0.629,0.092,0.619,0.519,0.745,0.655,0.582,0.692,0.635,portfolio-hybrid-legislature,Portfolio hybrid legislature,mandatory-written-emergency-reasoning,Mandatory written emergency reasoning,full-anti-capture-bundle,Full anti-capture bundle,balanced tradeoff
151,exact,428,0.629,0.098,0.759,0.502,0.605,0.611,0.553,0.793,0.600,default-pass,Default pass unless 2/3 block,remand-override-window-package,Constitutional remand with override window,democracy-vouchers,Democracy vouchers,strong delivery
152,exact,430,0.629,0.092,0.619,0.521,0.739,0.655,0.586,0.695,0.635,portfolio-hybrid-legislature,Portfolio hybrid legislature,accountability-retention-court,Retention-election accountability court,full-anti-capture-bundle,Full anti-capture bundle,balanced tradeoff
153,exact,431,0.629,0.098,0.759,0.475,0.605,0.645,0.540,0.790,0.599,default-pass,Default pass unless 2/3 block,remand-override-window-package,Constitutional remand with override window,budgeted-disclosed-lobbying,Budgeted disclosed lobbying,strong delivery
154,exact,433,0.629,0.094,0.635,0.496,0.758,0.632,0.607,0.717,0.599,simple-majority-alternatives-pairwise,Unicameral majority + pairwise alternatives,emergency-integrity-package,Emergency integrity package,budgeted-disclosed-lobbying,Budgeted disclosed lobbying,strong rights screen
155,exact,437,0.629,0.098,0.759,0.476,0.597,0.645,0.551,0.795,0.597,default-pass,Default pass unless 2/3 block,council-concrete-hybrid,Constitutional council with concrete-review backstop,budgeted-disclosed-lobbying,Budgeted disclosed lobbying,strong delivery
156,exact,439,0.629,0.098,0.759,0.503,0.597,0.611,0.564,0.798,0.597,default-pass,Default pass unless 2/3 block,council-concrete-hybrid,Constitutional council with concrete-review backstop,democracy-vouchers,Democracy vouchers,strong delivery
157,exact,441,0.629,0.094,0.635,0.523,0.758,0.598,0.619,0.720,0.598,simple-majority-alternatives-pairwise,Unicameral majority + pairwise alternatives,emergency-integrity-package,Emergency integrity package,democracy-vouchers,Democracy vouchers,strong rights screen
158,exact,442,0.629,0.098,0.759,0.476,0.607,0.640,0.556,0.774,0.584,default-pass,Default pass unless 2/3 block,emergency-restraint-court,No emergency relief without merits review,randomized-audit-sanctions,Randomized audit and sanctions,strong delivery
159,exact,443,0.629,0.092,0.619,0.521,0.739,0.655,0.587,0.694,0.635,portfolio-hybrid-legislature,Portfolio hybrid legislature,legislative-override-window,Time-limited legislative override window,full-anti-capture-bundle,Full anti-capture bundle,balanced tradeoff
160,exact,444,0.629,0.092,0.619,0.519,0.742,0.655,0.583,0.694,0.635,portfolio-hybrid-legislature,Portfolio hybrid legislature,recusal-and-emergency-reform,Peer recusal + reasoned emergency docket,full-anti-capture-bundle,Full anti-capture bundle,balanced tradeoff
161,exact,445,0.629,0.092,0.619,0.520,0.738,0.655,0.587,0.694,0.635,portfolio-hybrid-legislature,Portfolio hybrid legislature,legislative-override,Judicial review with legislative supermajority override,full-anti-capture-bundle,Full anti-capture bundle,balanced tradeoff
162,exact,447,0.629,0.094,0.723,0.506,0.616,0.649,0.570,0.703,0.608,default-pass-multiround-mediation-challenge,Default pass + multi-round mediation + challenge,panel-en-banc,Three-judge panels with en banc correction,full-anti-capture-bundle,Full anti-capture bundle,strong delivery
163,exact,448,0.629,0.092,0.619,0.519,0.742,0.655,0.580,0.700,0.635,portfolio-hybrid-legislature,Portfolio hybrid legislature,term-limited-balanced,18-year staggered terms + regular appointments,full-anti-capture-bundle,Full anti-capture bundle,balanced tradeoff
164,exact,449,0.629,0.098,0.759,0.502,0.602,0.611,0.552,0.799,0.600,default-pass,Default pass unless 2/3 block,constitutional-remand,Constitutional remand before invalidation,democracy-vouchers,Democracy vouchers,strong delivery
165,exact,450,0.629,0.094,0.633,0.496,0.760,0.632,0.605,0.725,0.599,pairwise-amendment-tournament-majority,Pairwise amendment tournament + majority,emergency-restraint-court,No emergency relief without merits review,budgeted-disclosed-lobbying,Budgeted disclosed lobbying,strong rights screen
166,exact,452,0.629,0.099,0.759,0.476,0.602,0.645,0.540,0.796,0.599,default-pass,Default pass unless 2/3 block,constitutional-remand,Constitutional remand before invalidation,budgeted-disclosed-lobbying,Budgeted disclosed lobbying,strong delivery
167,exact,454,0.629,0.094,0.633,0.522,0.760,0.598,0.618,0.728,0.598,pairwise-amendment-tournament-majority,Pairwise amendment tournament + majority,emergency-restraint-court,No emergency relief without merits review,democracy-vouchers,Democracy vouchers,strong rights screen
168,exact,458,0.629,0.098,0.759,0.477,0.605,0.640,0.558,0.766,0.584,default-pass,Default pass unless 2/3 block,emergency-integrity-package,Emergency integrity package,randomized-audit-sanctions,Randomized audit and sanctions,strong delivery
169,exact,461,0.628,0.098,0.759,0.477,0.595,0.645,0.549,0.798,0.595,default-pass,Default pass unless 2/3 block,constitutional-council,Pre-enactment constitutional council,budgeted-disclosed-lobbying,Budgeted disclosed lobbying,strong delivery
170,exact,462,0.628,0.094,0.633,0.496,0.758,0.632,0.607,0.718,0.599,pairwise-amendment-tournament-majority,Pairwise amendment tournament + majority,emergency-integrity-package,Emergency integrity package,budgeted-disclosed-lobbying,Budgeted disclosed lobbying,strong rights screen
171,exact,463,0.628,0.098,0.759,0.504,0.595,0.611,0.562,0.801,0.595,default-pass,Default pass unless 2/3 block,constitutional-council,Pre-enactment constitutional council,democracy-vouchers,Democracy vouchers,strong delivery
172,exact,465,0.628,0.094,0.633,0.523,0.758,0.598,0.619,0.721,0.598,pairwise-amendment-tournament-majority,Pairwise amendment tournament + majority,emergency-integrity-package,Emergency integrity package,democracy-vouchers,Democracy vouchers,strong rights screen
173,exact,466,0.628,0.093,0.619,0.517,0.744,0.655,0.574,0.700,0.635,portfolio-hybrid-legislature,Portfolio hybrid legislature,supermajority-review,60 percent invalidation threshold,full-anti-capture-bundle,Full anti-capture bundle,balanced tradeoff
174,exact,475,0.628,0.094,0.635,0.496,0.757,0.632,0.595,0.722,0.599,simple-majority-alternatives-pairwise,Unicameral majority + pairwise alternatives,automatic-merits-follow-up,Automatic merits follow-up for emergency relief,budgeted-disclosed-lobbying,Budgeted disclosed lobbying,strong rights screen
175,exact,479,0.628,0.094,0.635,0.523,0.757,0.598,0.608,0.725,0.598,simple-majority-alternatives-pairwise,Unicameral majority + pairwise alternatives,automatic-merits-follow-up,Automatic merits follow-up for emergency relief,democracy-vouchers,Democracy vouchers,strong rights screen
176,exact,484,0.628,0.094,0.723,0.507,0.614,0.649,0.559,0.706,0.608,default-pass-multiround-mediation-challenge,Default pass + multi-round mediation + challenge,jurisdiction-stripping-constraints,Jurisdiction stripping constrained by rights carveouts,full-anti-capture-bundle,Full anti-capture bundle,strong delivery
177,exact,489,0.627,0.098,0.759,0.477,0.604,0.640,0.547,0.771,0.584,default-pass,Default pass unless 2/3 block,automatic-merits-follow-up,Automatic merits follow-up for emergency relief,randomized-audit-sanctions,Randomized audit and sanctions,strong delivery
178,exact,491,0.627,0.094,0.723,0.506,0.616,0.649,0.555,0.706,0.608,default-pass-multiround-mediation-challenge,Default pass + multi-round mediation + challenge,nonpartisan-commission,Nonpartisan commission appointments,full-anti-capture-bundle,Full anti-capture bundle,strong delivery
179,exact,492,0.627,0.094,0.723,0.505,0.619,0.649,0.551,0.703,0.608,default-pass-multiround-mediation-challenge,Default pass + multi-round mediation + challenge,mandatory-written-emergency-reasoning,Mandatory written emergency reasoning,full-anti-capture-bundle,Full anti-capture bundle,strong delivery
180,exact,498,0.627,0.094,0.723,0.508,0.613,0.649,0.556,0.706,0.608,default-pass-multiround-mediation-challenge,Default pass + multi-round mediation + challenge,accountability-retention-court,Retention-election accountability court,full-anti-capture-bundle,Full anti-capture bundle,strong delivery
181,exact,499,0.627,0.094,0.633,0.496,0.757,0.632,0.595,0.722,0.599,pairwise-amendment-tournament-majority,Pairwise amendment tournament + majority,automatic-merits-follow-up,Automatic merits follow-up for emergency relief,budgeted-disclosed-lobbying,Budgeted disclosed lobbying,strong rights screen
182,exact,503,0.627,0.094,0.635,0.497,0.751,0.632,0.602,0.709,0.599,simple-majority-alternatives-pairwise,Unicameral majority + pairwise alternatives,council-concrete-hybrid,Constitutional council with concrete-review backstop,budgeted-disclosed-lobbying,Budgeted disclosed lobbying,strong rights screen
183,exact,506,0.627,0.099,0.759,0.473,0.596,0.645,0.539,0.811,0.596,default-pass,Default pass unless 2/3 block,panel-en-banc,Three-judge panels with en banc correction,budgeted-disclosed-lobbying,Budgeted disclosed lobbying,strong delivery
184,exact,507,0.627,0.094,0.635,0.496,0.759,0.632,0.591,0.704,0.599,simple-majority-alternatives-pairwise,Unicameral majority + pairwise alternatives,remand-override-window-package,Constitutional remand with override window,budgeted-disclosed-lobbying,Budgeted disclosed lobbying,strong rights screen
185,exact,509,0.627,0.098,0.759,0.499,0.596,0.611,0.551,0.814,0.596,default-pass,Default pass unless 2/3 block,panel-en-banc,Three-judge panels with en banc correction,democracy-vouchers,Democracy vouchers,strong delivery
186,exact,510,0.627,0.094,0.633,0.523,0.757,0.598,0.608,0.725,0.598,pairwise-amendment-tournament-majority,Pairwise amendment tournament + majority,automatic-merits-follow-up,Automatic merits follow-up for emergency relief,democracy-vouchers,Democracy vouchers,strong rights screen
187,exact,513,0.627,0.093,0.635,0.524,0.751,0.598,0.615,0.712,0.598,simple-majority-alternatives-pairwise,Unicameral majority + pairwise alternatives,council-concrete-hybrid,Constitutional council with concrete-review backstop,democracy-vouchers,Democracy vouchers,strong rights screen
188,exact,515,0.627,0.094,0.723,0.507,0.613,0.649,0.556,0.705,0.608,default-pass-multiround-mediation-challenge,Default pass + multi-round mediation + challenge,legislative-override-window,Time-limited legislative override window,full-anti-capture-bundle,Full anti-capture bundle,strong delivery
189,exact,517,0.627,0.094,0.635,0.523,0.759,0.598,0.603,0.707,0.598,simple-majority-alternatives-pairwise,Unicameral majority + pairwise alternatives,remand-override-window-package,Constitutional remand with override window,democracy-vouchers,Democracy vouchers,strong rights screen
190,exact,518,0.627,0.094,0.723,0.506,0.616,0.649,0.553,0.705,0.608,default-pass-multiround-mediation-challenge,Default pass + multi-round mediation + challenge,recusal-and-emergency-reform,Peer recusal + reasoned emergency docket,full-anti-capture-bundle,Full anti-capture bundle,strong delivery
191,exact,519,0.627,0.095,0.635,0.497,0.760,0.627,0.607,0.688,0.584,simple-majority-alternatives-pairwise,Unicameral majority + pairwise alternatives,emergency-restraint-court,No emergency relief without merits review,randomized-audit-sanctions,Randomized audit and sanctions,strong rights screen
192,exact,520,0.627,0.094,0.723,0.507,0.612,0.649,0.557,0.705,0.608,default-pass-multiround-mediation-challenge,Default pass + multi-round mediation + challenge,legislative-override,Judicial review with legislative supermajority override,full-anti-capture-bundle,Full anti-capture bundle,strong delivery
193,exact,523,0.627,0.094,0.723,0.505,0.616,0.649,0.550,0.711,0.608,default-pass-multiround-mediation-challenge,Default pass + multi-round mediation + challenge,term-limited-balanced,18-year staggered terms + regular appointments,full-anti-capture-bundle,Full anti-capture bundle,strong delivery
194,exact,527,0.627,0.094,0.635,0.496,0.756,0.632,0.590,0.710,0.599,simple-majority-alternatives-pairwise,Unicameral majority + pairwise alternatives,constitutional-remand,Constitutional remand before invalidation,budgeted-disclosed-lobbying,Budgeted disclosed lobbying,strong rights screen
195,exact,531,0.627,0.094,0.635,0.523,0.756,0.598,0.603,0.713,0.598,simple-majority-alternatives-pairwise,Unicameral majority + pairwise alternatives,constitutional-remand,Constitutional remand before invalidation,democracy-vouchers,Democracy vouchers,strong rights screen
196,exact,532,0.627,0.094,0.635,0.497,0.749,0.632,0.600,0.712,0.599,simple-majority-alternatives-pairwise,Unicameral majority + pairwise alternatives,constitutional-council,Pre-enactment constitutional council,budgeted-disclosed-lobbying,Budgeted disclosed lobbying,balanced tradeoff
197,exact,533,0.627,0.098,0.759,0.478,0.597,0.640,0.553,0.758,0.584,default-pass,Default pass unless 2/3 block,council-concrete-hybrid,Constitutional council with concrete-review backstop,randomized-audit-sanctions,Randomized audit and sanctions,strong delivery
198,exact,538,0.627,0.093,0.635,0.524,0.749,0.598,0.613,0.715,0.598,simple-majority-alternatives-pairwise,Unicameral majority + pairwise alternatives,constitutional-council,Pre-enactment constitutional council,democracy-vouchers,Democracy vouchers,balanced tradeoff
199,exact,539,0.627,0.094,0.635,0.497,0.758,0.627,0.608,0.681,0.584,simple-majority-alternatives-pairwise,Unicameral majority + pairwise alternatives,emergency-integrity-package,Emergency integrity package,randomized-audit-sanctions,Randomized audit and sanctions,strong rights screen
200,exact,543,0.627,0.094,0.633,0.497,0.751,0.632,0.602,0.710,0.599,pairwise-amendment-tournament-majority,Pairwise amendment tournament + majority,council-concrete-hybrid,Constitutional council with concrete-review backstop,budgeted-disclosed-lobbying,Budgeted disclosed lobbying,strong rights screen
201,exact,545,0.627,0.094,0.633,0.496,0.759,0.632,0.590,0.705,0.599,pairwise-amendment-tournament-majority,Pairwise amendment tournament + majority,remand-override-window-package,Constitutional remand with override window,budgeted-disclosed-lobbying,Budgeted disclosed lobbying,strong rights screen
202,exact,547,0.626,0.093,0.633,0.524,0.751,0.598,0.615,0.713,0.598,pairwise-amendment-tournament-majority,Pairwise amendment tournament + majority,council-concrete-hybrid,Constitutional council with concrete-review backstop,democracy-vouchers,Democracy vouchers,strong rights screen
203,exact,549,0.626,0.094,0.633,0.523,0.759,0.598,0.603,0.708,0.598,pairwise-amendment-tournament-majority,Pairwise amendment tournament + majority,remand-override-window-package,Constitutional remand with override window,democracy-vouchers,Democracy vouchers,strong rights screen
204,exact,550,0.626,0.095,0.633,0.497,0.760,0.627,0.607,0.689,0.584,pairwise-amendment-tournament-majority,Pairwise amendment tournament + majority,emergency-restraint-court,No emergency relief without merits review,randomized-audit-sanctions,Randomized audit and sanctions,strong rights screen
205,exact,553,0.626,0.095,0.723,0.504,0.618,0.649,0.544,0.711,0.608,default-pass-multiround-mediation-challenge,Default pass + multi-round mediation + challenge,supermajority-review,60 percent invalidation threshold,full-anti-capture-bundle,Full anti-capture bundle,strong delivery
206,exact,554,0.626,0.098,0.759,0.477,0.602,0.640,0.541,0.759,0.584,default-pass,Default pass unless 2/3 block,constitutional-remand,Constitutional remand before invalidation,randomized-audit-sanctions,Randomized audit and sanctions,strong delivery
207,exact,561,0.626,0.098,0.759,0.478,0.595,0.640,0.551,0.761,0.584,default-pass,Default pass unless 2/3 block,constitutional-council,Pre-enactment constitutional council,randomized-audit-sanctions,Randomized audit and sanctions,strong delivery
208,exact,567,0.626,0.094,0.633,0.496,0.756,0.632,0.590,0.711,0.599,pairwise-amendment-tournament-majority,Pairwise amendment tournament + majority,constitutional-remand,Constitutional remand before invalidation,budgeted-disclosed-lobbying,Budgeted disclosed lobbying,strong rights screen
209,exact,570,0.626,0.094,0.633,0.523,0.756,0.598,0.603,0.714,0.598,pairwise-amendment-tournament-majority,Pairwise amendment tournament + majority,constitutional-remand,Constitutional remand before invalidation,democracy-vouchers,Democracy vouchers,strong rights screen
210,exact,572,0.626,0.094,0.633,0.497,0.749,0.632,0.600,0.712,0.599,pairwise-amendment-tournament-majority,Pairwise amendment tournament + majority,constitutional-council,Pre-enactment constitutional council,budgeted-disclosed-lobbying,Budgeted disclosed lobbying,balanced tradeoff
211,exact,575,0.626,0.094,0.633,0.497,0.758,0.627,0.608,0.681,0.584,pairwise-amendment-tournament-majority,Pairwise amendment tournament + majority,emergency-integrity-package,Emergency integrity package,randomized-audit-sanctions,Randomized audit and sanctions,strong rights screen
212,exact,577,0.626,0.093,0.633,0.524,0.749,0.598,0.613,0.716,0.598,pairwise-amendment-tournament-majority,Pairwise amendment tournament + majority,constitutional-council,Pre-enactment constitutional council,democracy-vouchers,Democracy vouchers,balanced tradeoff
213,exact,582,0.626,0.099,0.759,0.472,0.598,0.645,0.520,0.811,0.598,default-pass,Default pass unless 2/3 block,mandatory-written-emergency-reasoning,Mandatory written emergency reasoning,budgeted-disclosed-lobbying,Budgeted disclosed lobbying,strong delivery
214,exact,584,0.626,0.098,0.759,0.499,0.598,0.611,0.532,0.814,0.598,default-pass,Default pass unless 2/3 block,mandatory-written-emergency-reasoning,Mandatory written emergency reasoning,democracy-vouchers,Democracy vouchers,strong delivery
215,exact,585,0.626,0.099,0.759,0.474,0.594,0.645,0.527,0.814,0.594,default-pass,Default pass unless 2/3 block,jurisdiction-stripping-constraints,Jurisdiction stripping constrained by rights carveouts,budgeted-disclosed-lobbying,Budgeted disclosed lobbying,strong delivery
216,exact,587,0.626,0.098,0.759,0.500,0.594,0.611,0.540,0.817,0.594,default-pass,Default pass unless 2/3 block,jurisdiction-stripping-constraints,Jurisdiction stripping constrained by rights carveouts,democracy-vouchers,Democracy vouchers,strong delivery
217,exact,590,0.626,0.097,0.759,0.501,0.607,0.588,0.574,0.760,0.588,default-pass,Default pass unless 2/3 block,emergency-restraint-court,No emergency relief without merits review,bundle-with-evasion,Anti-capture bundle with evasion,strong delivery
218,exact,591,0.626,0.099,0.759,0.473,0.595,0.645,0.524,0.814,0.595,default-pass,Default pass unless 2/3 block,nonpartisan-commission,Nonpartisan commission appointments,budgeted-disclosed-lobbying,Budgeted disclosed lobbying,strong delivery
219,exact,592,0.626,0.098,0.759,0.499,0.595,0.611,0.536,0.817,0.595,default-pass,Default pass unless 2/3 block,nonpartisan-commission,Nonpartisan commission appointments,democracy-vouchers,Democracy vouchers,strong delivery
220,exact,598,0.625,0.094,0.635,0.497,0.757,0.627,0.597,0.685,0.584,simple-majority-alternatives-pairwise,Unicameral majority + pairwise alternatives,automatic-merits-follow-up,Automatic merits follow-up for emergency relief,randomized-audit-sanctions,Randomized audit and sanctions,strong rights screen
221,exact,602,0.625,0.094,0.635,0.493,0.749,0.632,0.589,0.725,0.599,simple-majority-alternatives-pairwise,Unicameral majority + pairwise alternatives,panel-en-banc,Three-judge panels with en banc correction,budgeted-disclosed-lobbying,Budgeted disclosed lobbying,balanced tradeoff
222,exact,606,0.625,0.094,0.635,0.520,0.749,0.598,0.602,0.728,0.598,simple-majority-alternatives-pairwise,Unicameral majority + pairwise alternatives,panel-en-banc,Three-judge panels with en banc correction,democracy-vouchers,Democracy vouchers,balanced tradeoff
223,exact,607,0.625,0.099,0.759,0.473,0.596,0.645,0.521,0.813,0.596,default-pass,Default pass unless 2/3 block,recusal-and-emergency-reform,Peer recusal + reasoned emergency docket,budgeted-disclosed-lobbying,Budgeted disclosed lobbying,strong delivery
224,exact,608,0.625,0.098,0.759,0.499,0.596,0.611,0.534,0.816,0.596,default-pass,Default pass unless 2/3 block,recusal-and-emergency-reform,Peer recusal + reasoned emergency docket,democracy-vouchers,Democracy vouchers,strong delivery
225,exact,609,0.625,0.099,0.759,0.476,0.607,0.623,0.556,0.783,0.573,default-pass,Default pass unless 2/3 block,emergency-restraint-court,No emergency relief without merits review,audit-and-sanctions,Audit and sanctions,strong delivery
226,exact,610,0.625,0.099,0.759,0.475,0.592,0.645,0.524,0.814,0.592,default-pass,Default pass unless 2/3 block,accountability-retention-court,Retention-election accountability court,budgeted-disclosed-lobbying,Budgeted disclosed lobbying,strong delivery
227,exact,612,0.625,0.099,0.759,0.472,0.596,0.645,0.518,0.818,0.596,default-pass,Default pass unless 2/3 block,term-limited-balanced,18-year staggered terms + regular appointments,budgeted-disclosed-lobbying,Budgeted disclosed lobbying,strong delivery
228,exact,613,0.625,0.098,0.759,0.502,0.592,0.611,0.537,0.817,0.592,default-pass,Default pass unless 2/3 block,accountability-retention-court,Retention-election accountability court,democracy-vouchers,Democracy vouchers,strong delivery
229,exact,614,0.625,0.098,0.759,0.499,0.596,0.611,0.531,0.822,0.596,default-pass,Default pass unless 2/3 block,term-limited-balanced,18-year staggered terms + regular appointments,democracy-vouchers,Democracy vouchers,strong delivery
230,exact,617,0.625,0.097,0.759,0.501,0.605,0.588,0.575,0.753,0.588,default-pass,Default pass unless 2/3 block,emergency-integrity-package,Emergency integrity package,bundle-with-evasion,Anti-capture bundle with evasion,strong delivery
231,exact,620,0.625,0.099,0.759,0.474,0.592,0.645,0.524,0.812,0.592,default-pass,Default pass unless 2/3 block,legislative-override-window,Time-limited legislative override window,budgeted-disclosed-lobbying,Budgeted disclosed lobbying,strong delivery
232,exact,621,0.625,0.098,0.759,0.501,0.592,0.611,0.537,0.816,0.592,default-pass,Default pass unless 2/3 block,legislative-override-window,Time-limited legislative override window,democracy-vouchers,Democracy vouchers,strong delivery
233,exact,623,0.625,0.099,0.759,0.474,0.592,0.645,0.525,0.812,0.592,default-pass,Default pass unless 2/3 block,legislative-override,Judicial review with legislative supermajority override,budgeted-disclosed-lobbying,Budgeted disclosed lobbying,strong delivery
234,exact,624,0.625,0.098,0.759,0.501,0.592,0.611,0.537,0.816,0.592,default-pass,Default pass unless 2/3 block,legislative-override,Judicial review with legislative supermajority override,democracy-vouchers,Democracy vouchers,strong delivery
235,exact,631,0.625,0.099,0.759,0.476,0.605,0.623,0.557,0.776,0.573,default-pass,Default pass unless 2/3 block,emergency-integrity-package,Emergency integrity package,audit-and-sanctions,Audit and sanctions,strong delivery
236,exact,636,0.625,0.094,0.633,0.497,0.757,0.627,0.597,0.685,0.584,pairwise-amendment-tournament-majority,Pairwise amendment tournament + majority,automatic-merits-follow-up,Automatic merits follow-up for emergency relief,randomized-audit-sanctions,Randomized audit and sanctions,strong rights screen
237,exact,640,0.625,0.099,0.759,0.471,0.598,0.645,0.512,0.819,0.598,default-pass,Default pass unless 2/3 block,supermajority-review,60 percent invalidation threshold,budgeted-disclosed-lobbying,Budgeted disclosed lobbying,strong delivery
238,exact,643,0.625,0.094,0.633,0.493,0.749,0.632,0.589,0.725,0.599,pairwise-amendment-tournament-majority,Pairwise amendment tournament + majority,panel-en-banc,Three-judge panels with en banc correction,budgeted-disclosed-lobbying,Budgeted disclosed lobbying,balanced tradeoff
239,exact,644,0.625,0.094,0.635,0.498,0.751,0.627,0.604,0.673,0.584,simple-majority-alternatives-pairwise,Unicameral majority + pairwise alternatives,council-concrete-hybrid,Constitutional council with concrete-review backstop,randomized-audit-sanctions,Randomized audit and sanctions,strong rights screen
240,exact,645,0.625,0.099,0.759,0.498,0.598,0.611,0.525,0.822,0.598,default-pass,Default pass unless 2/3 block,supermajority-review,60 percent invalidation threshold,democracy-vouchers,Democracy vouchers,strong delivery
241,exact,650,0.625,0.094,0.633,0.520,0.749,0.598,0.602,0.728,0.598,pairwise-amendment-tournament-majority,Pairwise amendment tournament + majority,panel-en-banc,Three-judge panels with en banc correction,democracy-vouchers,Democracy vouchers,balanced tradeoff
242,exact,658,0.624,0.094,0.635,0.498,0.756,0.627,0.592,0.673,0.584,simple-majority-alternatives-pairwise,Unicameral majority + pairwise alternatives,constitutional-remand,Constitutional remand before invalidation,randomized-audit-sanctions,Randomized audit and sanctions,strong rights screen
243,exact,665,0.624,0.094,0.635,0.499,0.749,0.627,0.602,0.675,0.584,simple-majority-alternatives-pairwise,Unicameral majority + pairwise alternatives,constitutional-council,Pre-enactment constitutional council,randomized-audit-sanctions,Randomized audit and sanctions,balanced tradeoff
244,exact,675,0.624,0.094,0.633,0.498,0.751,0.627,0.604,0.673,0.584,pairwise-amendment-tournament-majority,Pairwise amendment tournament + majority,council-concrete-hybrid,Constitutional council with concrete-review backstop,randomized-audit-sanctions,Randomized audit and sanctions,strong rights screen
245,exact,678,0.624,0.094,0.635,0.494,0.747,0.632,0.578,0.728,0.599,simple-majority-alternatives-pairwise,Unicameral majority + pairwise alternatives,jurisdiction-stripping-constraints,Jurisdiction stripping constrained by rights carveouts,budgeted-disclosed-lobbying,Budgeted disclosed lobbying,balanced tradeoff
246,exact,679,0.624,0.094,0.635,0.521,0.747,0.598,0.590,0.731,0.598,simple-majority-alternatives-pairwise,Unicameral majority + pairwise alternatives,jurisdiction-stripping-constraints,Jurisdiction stripping constrained by rights carveouts,democracy-vouchers,Democracy vouchers,balanced tradeoff
247,exact,681,0.624,0.094,0.619,0.521,0.753,0.603,0.609,0.749,0.600,portfolio-hybrid-legislature,Portfolio hybrid legislature,emergency-restraint-court,No emergency relief without merits review,democracy-vouchers,Democracy vouchers,strong rights screen
248,exact,683,0.624,0.095,0.619,0.494,0.753,0.637,0.597,0.745,0.599,portfolio-hybrid-legislature,Portfolio hybrid legislature,emergency-restraint-court,No emergency relief without merits review,budgeted-disclosed-lobbying,Budgeted disclosed lobbying,strong rights screen
249,exact,686,0.624,0.095,0.635,0.493,0.749,0.632,0.574,0.728,0.599,simple-majority-alternatives-pairwise,Unicameral majority + pairwise alternatives,nonpartisan-commission,Nonpartisan commission appointments,budgeted-disclosed-lobbying,Budgeted disclosed lobbying,balanced tradeoff
250,exact,687,0.624,0.095,0.635,0.493,0.752,0.632,0.570,0.725,0.599,simple-majority-alternatives-pairwise,Unicameral majority + pairwise alternatives,mandatory-written-emergency-reasoning,Mandatory written emergency reasoning,budgeted-disclosed-lobbying,Budgeted disclosed lobbying,strong rights screen
251,exact,689,0.624,0.094,0.633,0.498,0.756,0.627,0.592,0.674,0.584,pairwise-amendment-tournament-majority,Pairwise amendment tournament + majority,constitutional-remand,Constitutional remand before invalidation,randomized-audit-sanctions,Randomized audit and sanctions,strong rights screen
252,exact,690,0.624,0.094,0.635,0.520,0.749,0.598,0.587,0.731,0.598,simple-majority-alternatives-pairwise,Unicameral majority + pairwise alternatives,nonpartisan-commission,Nonpartisan commission appointments,democracy-vouchers,Democracy vouchers,balanced tradeoff
253,exact,691,0.624,0.094,0.635,0.520,0.752,0.598,0.583,0.728,0.598,simple-majority-alternatives-pairwise,Unicameral majority + pairwise alternatives,mandatory-written-emergency-reasoning,Mandatory written emergency reasoning,democracy-vouchers,Democracy vouchers,strong rights screen
254,exact,693,0.624,0.094,0.635,0.496,0.746,0.632,0.575,0.728,0.599,simple-majority-alternatives-pairwise,Unicameral majority + pairwise alternatives,accountability-retention-court,Retention-election accountability court,budgeted-disclosed-lobbying,Budgeted disclosed lobbying,balanced tradeoff
255,exact,694,0.624,0.094,0.633,0.499,0.749,0.627,0.602,0.676,0.584,pairwise-amendment-tournament-majority,Pairwise amendment tournament + majority,constitutional-council,Pre-enactment constitutional council,randomized-audit-sanctions,Randomized audit and sanctions,balanced tradeoff
256,exact,696,0.624,0.099,0.759,0.476,0.604,0.623,0.546,0.780,0.573,default-pass,Default pass unless 2/3 block,automatic-merits-follow-up,Automatic merits follow-up for emergency relief,audit-and-sanctions,Audit and sanctions,strong delivery
257,exact,697,0.624,0.094,0.635,0.522,0.746,0.598,0.587,0.731,0.598,simple-majority-alternatives-pairwise,Unicameral majority + pairwise alternatives,accountability-retention-court,Retention-election accountability court,democracy-vouchers,Democracy vouchers,balanced tradeoff
258,exact,699,0.624,0.097,0.723,0.480,0.627,0.632,0.566,0.756,0.599,default-pass-multiround-mediation-challenge,Default pass + multi-round mediation + challenge,emergency-restraint-court,No emergency relief without merits review,budgeted-disclosed-lobbying,Budgeted disclosed lobbying,strong delivery
259,exact,703,0.624,0.094,0.619,0.521,0.751,0.603,0.611,0.741,0.600,portfolio-hybrid-legislature,Portfolio hybrid legislature,emergency-integrity-package,Emergency integrity package,democracy-vouchers,Democracy vouchers,strong rights screen
260,exact,704,0.624,0.094,0.635,0.495,0.746,0.632,0.575,0.726,0.599,simple-majority-alternatives-pairwise,Unicameral majority + pairwise alternatives,legislative-override-window,Time-limited legislative override window,budgeted-disclosed-lobbying,Budgeted disclosed lobbying,balanced tradeoff
261,exact,705,0.624,0.095,0.635,0.493,0.749,0.632,0.572,0.727,0.599,simple-majority-alternatives-pairwise,Unicameral majority + pairwise alternatives,recusal-and-emergency-reform,Peer recusal + reasoned emergency docket,budgeted-disclosed-lobbying,Budgeted disclosed lobbying,balanced tradeoff
262,exact,706,0.624,0.094,0.635,0.495,0.745,0.632,0.575,0.726,0.599,simple-majority-alternatives-pairwise,Unicameral majority + pairwise alternatives,legislative-override,Judicial review with legislative supermajority override,budgeted-disclosed-lobbying,Budgeted disclosed lobbying,balanced tradeoff
263,exact,708,0.624,0.094,0.635,0.522,0.746,0.598,0.588,0.730,0.598,simple-majority-alternatives-pairwise,Unicameral majority + pairwise alternatives,legislative-override-window,Time-limited legislative override window,democracy-vouchers,Democracy vouchers,balanced tradeoff
264,exact,709,0.624,0.096,0.723,0.507,0.627,0.598,0.579,0.759,0.598,default-pass-multiround-mediation-challenge,Default pass + multi-round mediation + challenge,emergency-restraint-court,No emergency relief without merits review,democracy-vouchers,Democracy vouchers,strong delivery
265,exact,711,0.624,0.094,0.619,0.494,0.751,0.637,0.598,0.738,0.599,portfolio-hybrid-legislature,Portfolio hybrid legislature,emergency-integrity-package,Emergency integrity package,budgeted-disclosed-lobbying,Budgeted disclosed lobbying,strong rights screen
266,exact,712,0.624,0.094,0.635,0.520,0.749,0.598,0.584,0.730,0.598,simple-majority-alternatives-pairwise,Unicameral majority + pairwise alternatives,recusal-and-emergency-reform,Peer recusal + reasoned emergency docket,democracy-vouchers,Democracy vouchers,balanced tradeoff
267,exact,713,0.624,0.095,0.635,0.493,0.749,0.632,0.569,0.732,0.599,simple-majority-alternatives-pairwise,Unicameral majority + pairwise alternatives,term-limited-balanced,18-year staggered terms + regular appointments,budgeted-disclosed-lobbying,Budgeted disclosed lobbying,balanced tradeoff
268,exact,714,0.624,0.094,0.635,0.522,0.745,0.598,0.588,0.730,0.598,simple-majority-alternatives-pairwise,Unicameral majority + pairwise alternatives,legislative-override,Judicial review with legislative supermajority override,democracy-vouchers,Democracy vouchers,balanced tradeoff
269,exact,717,0.624,0.094,0.633,0.494,0.747,0.632,0.577,0.728,0.599,pairwise-amendment-tournament-majority,Pairwise amendment tournament + majority,jurisdiction-stripping-constraints,Jurisdiction stripping constrained by rights carveouts,budgeted-disclosed-lobbying,Budgeted disclosed lobbying,balanced tradeoff
270,exact,718,0.623,0.094,0.635,0.520,0.749,0.598,0.582,0.736,0.598,simple-majority-alternatives-pairwise,Unicameral majority + pairwise alternatives,term-limited-balanced,18-year staggered terms + regular appointments,democracy-vouchers,Democracy vouchers,balanced tradeoff
271,exact,724,0.623,0.094,0.633,0.521,0.747,0.598,0.590,0.732,0.598,pairwise-amendment-tournament-majority,Pairwise amendment tournament + majority,jurisdiction-stripping-constraints,Jurisdiction stripping constrained by rights carveouts,democracy-vouchers,Democracy vouchers,balanced tradeoff
272,exact,725,0.623,0.095,0.635,0.497,0.760,0.610,0.606,0.698,0.573,simple-majority-alternatives-pairwise,Unicameral majority + pairwise alternatives,emergency-restraint-court,No emergency relief without merits review,audit-and-sanctions,Audit and sanctions,strong rights screen
273,exact,729,0.623,0.096,0.723,0.481,0.626,0.632,0.568,0.749,0.599,default-pass-multiround-mediation-challenge,Default pass + multi-round mediation + challenge,emergency-integrity-package,Emergency integrity package,budgeted-disclosed-lobbying,Budgeted disclosed lobbying,strong delivery
274,exact,730,0.623,0.095,0.633,0.493,0.749,0.632,0.574,0.728,0.599,pairwise-amendment-tournament-majority,Pairwise amendment tournament + majority,nonpartisan-commission,Nonpartisan commission appointments,budgeted-disclosed-lobbying,Budgeted disclosed lobbying,balanced tradeoff
275,exact,731,0.623,0.095,0.633,0.493,0.752,0.632,0.570,0.725,0.599,pairwise-amendment-tournament-majority,Pairwise amendment tournament + majority,mandatory-written-emergency-reasoning,Mandatory written emergency reasoning,budgeted-disclosed-lobbying,Budgeted disclosed lobbying,strong rights screen
276,exact,734,0.623,0.096,0.723,0.507,0.626,0.598,0.581,0.752,0.598,default-pass-multiround-mediation-challenge,Default pass + multi-round mediation + challenge,emergency-integrity-package,Emergency integrity package,democracy-vouchers,Democracy vouchers,strong delivery
277,exact,736,0.623,0.094,0.633,0.520,0.749,0.598,0.587,0.732,0.598,pairwise-amendment-tournament-majority,Pairwise amendment tournament + majority,nonpartisan-commission,Nonpartisan commission appointments,democracy-vouchers,Democracy vouchers,balanced tradeoff
278,exact,737,0.623,0.094,0.633,0.520,0.752,0.598,0.583,0.729,0.598,pairwise-amendment-tournament-majority,Pairwise amendment tournament + majority,mandatory-written-emergency-reasoning,Mandatory written emergency reasoning,democracy-vouchers,Democracy vouchers,strong rights screen
279,exact,739,0.623,0.094,0.633,0.496,0.746,0.632,0.575,0.728,0.599,pairwise-amendment-tournament-majority,Pairwise amendment tournament + majority,accountability-retention-court,Retention-election accountability court,budgeted-disclosed-lobbying,Budgeted disclosed lobbying,balanced tradeoff
280,exact,744,0.623,0.094,0.633,0.522,0.746,0.598,0.587,0.732,0.598,pairwise-amendment-tournament-majority,Pairwise amendment tournament + majority,accountability-retention-court,Retention-election accountability court,democracy-vouchers,Democracy vouchers,balanced tradeoff
281,exact,747,0.623,0.098,0.759,0.477,0.597,0.623,0.553,0.768,0.573,default-pass,Default pass unless 2/3 block,council-concrete-hybrid,Constitutional council with concrete-review backstop,audit-and-sanctions,Audit and sanctions,strong delivery
282,exact,751,0.623,0.095,0.635,0.497,0.758,0.610,0.608,0.690,0.573,simple-majority-alternatives-pairwise,Unicameral majority + pairwise alternatives,emergency-integrity-package,Emergency integrity package,audit-and-sanctions,Audit and sanctions,strong rights screen
283,exact,752,0.623,0.094,0.633,0.495,0.746,0.632,0.575,0.727,0.599,pairwise-amendment-tournament-majority,Pairwise amendment tournament + majority,legislative-override-window,Time-limited legislative override window,budgeted-disclosed-lobbying,Budgeted disclosed lobbying,balanced tradeoff
284,exact,756,0.623,0.095,0.633,0.493,0.749,0.632,0.571,0.727,0.599,pairwise-amendment-tournament-majority,Pairwise amendment tournament + majority,recusal-and-emergency-reform,Peer recusal + reasoned emergency docket,budgeted-disclosed-lobbying,Budgeted disclosed lobbying,balanced tradeoff
285,exact,757,0.623,0.094,0.633,0.495,0.745,0.632,0.575,0.727,0.599,pairwise-amendment-tournament-majority,Pairwise amendment tournament + majority,legislative-override,Judicial review with legislative supermajority override,budgeted-disclosed-lobbying,Budgeted disclosed lobbying,balanced tradeoff
286,exact,758,0.623,0.095,0.635,0.492,0.751,0.632,0.562,0.733,0.599,simple-majority-alternatives-pairwise,Unicameral majority + pairwise alternatives,supermajority-review,60 percent invalidation threshold,budgeted-disclosed-lobbying,Budgeted disclosed lobbying,strong rights screen
287,exact,760,0.623,0.094,0.633,0.522,0.746,0.598,0.588,0.730,0.598,pairwise-amendment-tournament-majority,Pairwise amendment tournament + majority,legislative-override-window,Time-limited legislative override window,democracy-vouchers,Democracy vouchers,balanced tradeoff
288,exact,761,0.623,0.095,0.633,0.493,0.749,0.632,0.569,0.733,0.599,pairwise-amendment-tournament-majority,Pairwise amendment tournament + majority,term-limited-balanced,18-year staggered terms + regular appointments,budgeted-disclosed-lobbying,Budgeted disclosed lobbying,balanced tradeoff
289,exact,762,0.623,0.094,0.633,0.520,0.749,0.598,0.584,0.731,0.598,pairwise-amendment-tournament-majority,Pairwise amendment tournament + majority,recusal-and-emergency-reform,Peer recusal + reasoned emergency docket,democracy-vouchers,Democracy vouchers,balanced tradeoff
290,exact,763,0.623,0.097,0.759,0.503,0.595,0.588,0.568,0.748,0.588,default-pass,Default pass unless 2/3 block,constitutional-council,Pre-enactment constitutional council,bundle-with-evasion,Anti-capture bundle with evasion,strong delivery
291,exact,765,0.623,0.094,0.635,0.518,0.751,0.598,0.575,0.736,0.598,simple-majority-alternatives-pairwise,Unicameral majority + pairwise alternatives,supermajority-review,60 percent invalidation threshold,democracy-vouchers,Democracy vouchers,strong rights screen
292,exact,766,0.623,0.094,0.633,0.522,0.745,0.598,0.588,0.730,0.598,pairwise-amendment-tournament-majority,Pairwise amendment tournament + majority,legislative-override,Judicial review with legislative supermajority override,democracy-vouchers,Democracy vouchers,balanced tradeoff
293,exact,767,0.623,0.094,0.635,0.522,0.760,0.575,0.624,0.675,0.575,simple-majority-alternatives-pairwise,Unicameral majority + pairwise alternatives,emergency-restraint-court,No emergency relief without merits review,bundle-with-evasion,Anti-capture bundle with evasion,strong rights screen
294,exact,771,0.623,0.094,0.633,0.520,0.749,0.598,0.582,0.736,0.598,pairwise-amendment-tournament-majority,Pairwise amendment tournament + majority,term-limited-balanced,18-year staggered terms + regular appointments,democracy-vouchers,Democracy vouchers,balanced tradeoff
295,exact,776,0.623,0.095,0.633,0.497,0.760,0.610,0.606,0.698,0.573,pairwise-amendment-tournament-majority,Pairwise amendment tournament + majority,emergency-restraint-court,No emergency relief without merits review,audit-and-sanctions,Audit and sanctions,strong rights screen
296,exact,778,0.623,0.099,0.759,0.477,0.602,0.623,0.541,0.769,0.573,default-pass,Default pass unless 2/3 block,constitutional-remand,Constitutional remand before invalidation,audit-and-sanctions,Audit and sanctions,strong delivery
297,exact,783,0.623,0.098,0.759,0.478,0.595,0.623,0.550,0.771,0.573,default-pass,Default pass unless 2/3 block,constitutional-council,Pre-enactment constitutional council,audit-and-sanctions,Audit and sanctions,strong delivery
298,exact,792,0.623,0.094,0.635,0.522,0.758,0.575,0.626,0.667,0.575,simple-majority-alternatives-pairwise,Unicameral majority + pairwise alternatives,emergency-integrity-package,Emergency integrity package,bundle-with-evasion,Anti-capture bundle with evasion,strong rights screen
299,exact,801,0.622,0.094,0.619,0.521,0.750,0.603,0.599,0.745,0.600,portfolio-hybrid-legislature,Portfolio hybrid legislature,automatic-merits-follow-up,Automatic merits follow-up for emergency relief,democracy-vouchers,Democracy vouchers,strong rights screen
300,exact,802,0.622,0.095,0.633,0.497,0.758,0.610,0.608,0.691,0.573,pairwise-amendment-tournament-majority,Pairwise amendment tournament + majority,emergency-integrity-package,Emergency integrity package,audit-and-sanctions,Audit and sanctions,strong rights screen
301,exact,804,0.622,0.095,0.633,0.492,0.751,0.632,0.562,0.734,0.599,pairwise-amendment-tournament-majority,Pairwise amendment tournament + majority,supermajority-review,60 percent invalidation threshold,budgeted-disclosed-lobbying,Budgeted disclosed lobbying,strong rights screen
302,exact,805,0.622,0.095,0.619,0.494,0.750,0.637,0.587,0.742,0.599,portfolio-hybrid-legislature,Portfolio hybrid legislature,automatic-merits-follow-up,Automatic merits follow-up for emergency relief,budgeted-disclosed-lobbying,Budgeted disclosed lobbying,strong rights screen
303,exact,809,0.622,0.094,0.633,0.518,0.751,0.598,0.575,0.737,0.598,pairwise-amendment-tournament-majority,Pairwise amendment tournament + majority,supermajority-review,60 percent invalidation threshold,democracy-vouchers,Democracy vouchers,strong rights screen
304,exact,811,0.622,0.094,0.633,0.522,0.760,0.575,0.624,0.675,0.575,pairwise-amendment-tournament-majority,Pairwise amendment tournament + majority,emergency-restraint-court,No emergency relief without merits review,bundle-with-evasion,Anti-capture bundle with evasion,strong rights screen
305,exact,819,0.622,0.097,0.723,0.481,0.624,0.632,0.556,0.753,0.599,default-pass-multiround-mediation-challenge,Default pass + multi-round mediation + challenge,automatic-merits-follow-up,Automatic merits follow-up for emergency relief,budgeted-disclosed-lobbying,Budgeted disclosed lobbying,strong delivery
306,exact,826,0.622,0.096,0.723,0.507,0.624,0.598,0.569,0.756,0.598,default-pass-multiround-mediation-challenge,Default pass + multi-round mediation + challenge,automatic-merits-follow-up,Automatic merits follow-up for emergency relief,democracy-vouchers,Democracy vouchers,strong delivery
307,exact,833,0.622,0.094,0.633,0.522,0.758,0.575,0.626,0.668,0.575,pairwise-amendment-tournament-majority,Pairwise amendment tournament + majority,emergency-integrity-package,Emergency integrity package,bundle-with-evasion,Anti-capture bundle with evasion,strong rights screen
308,exact,837,0.622,0.095,0.635,0.497,0.757,0.610,0.597,0.695,0.573,simple-majority-alternatives-pairwise,Unicameral majority + pairwise alternatives,automatic-merits-follow-up,Automatic merits follow-up for emergency relief,audit-and-sanctions,Audit and sanctions,strong rights screen
309,exact,840,0.622,0.094,0.619,0.522,0.744,0.603,0.606,0.733,0.600,portfolio-hybrid-legislature,Portfolio hybrid legislature,council-concrete-hybrid,Constitutional council with concrete-review backstop,democracy-vouchers,Democracy vouchers,balanced tradeoff
310,exact,842,0.622,0.094,0.619,0.521,0.752,0.603,0.595,0.728,0.600,portfolio-hybrid-legislature,Portfolio hybrid legislature,remand-override-window-package,Constitutional remand with override window,democracy-vouchers,Democracy vouchers,strong rights screen
311,exact,847,0.622,0.094,0.619,0.495,0.744,0.637,0.593,0.730,0.599,portfolio-hybrid-legislature,Portfolio hybrid legislature,council-concrete-hybrid,Constitutional council with concrete-review backstop,budgeted-disclosed-lobbying,Budgeted disclosed lobbying,balanced tradeoff
312,exact,851,0.622,0.095,0.619,0.494,0.752,0.637,0.582,0.725,0.599,portfolio-hybrid-legislature,Portfolio hybrid legislature,remand-override-window-package,Constitutional remand with override window,budgeted-disclosed-lobbying,Budgeted disclosed lobbying,strong rights screen
313,exact,864,0.621,0.094,0.619,0.521,0.749,0.603,0.594,0.734,0.600,portfolio-hybrid-legislature,Portfolio hybrid legislature,constitutional-remand,Constitutional remand before invalidation,democracy-vouchers,Democracy vouchers,balanced tradeoff
314,exact,865,0.621,0.096,0.723,0.482,0.618,0.632,0.563,0.741,0.599,default-pass-multiround-mediation-challenge,Default pass + multi-round mediation + challenge,council-concrete-hybrid,Constitutional council with concrete-review backstop,budgeted-disclosed-lobbying,Budgeted disclosed lobbying,strong delivery
315,exact,867,0.621,0.096,0.723,0.481,0.626,0.632,0.552,0.735,0.599,default-pass-multiround-mediation-challenge,Default pass + multi-round mediation + challenge,remand-override-window-package,Constitutional remand with override window,budgeted-disclosed-lobbying,Budgeted disclosed lobbying,strong delivery
316,exact,871,0.621,0.095,0.619,0.495,0.749,0.637,0.582,0.731,0.599,portfolio-hybrid-legislature,Portfolio hybrid legislature,constitutional-remand,Constitutional remand before invalidation,budgeted-disclosed-lobbying,Budgeted disclosed lobbying,balanced tradeoff
317,exact,872,0.621,0.094,0.619,0.522,0.742,0.603,0.604,0.736,0.600,portfolio-hybrid-legislature,Portfolio hybrid legislature,constitutional-council,Pre-enactment constitutional council,democracy-vouchers,Democracy vouchers,balanced tradeoff
318,exact,874,0.621,0.095,0.723,0.508,0.618,0.598,0.576,0.744,0.598,default-pass-multiround-mediation-challenge,Default pass + multi-round mediation + challenge,council-concrete-hybrid,Constitutional council with concrete-review backstop,democracy-vouchers,Democracy vouchers,strong delivery
319,exact,879,0.621,0.095,0.723,0.507,0.626,0.598,0.564,0.739,0.598,default-pass-multiround-mediation-challenge,Default pass + multi-round mediation + challenge,remand-override-window-package,Constitutional remand with override window,democracy-vouchers,Democracy vouchers,strong delivery
320,exact,880,0.621,0.096,0.723,0.482,0.627,0.627,0.568,0.719,0.584,default-pass-multiround-mediation-challenge,Default pass + multi-round mediation + challenge,emergency-restraint-court,No emergency relief without merits review,randomized-audit-sanctions,Randomized audit and sanctions,strong delivery
321,exact,884,0.621,0.094,0.619,0.496,0.742,0.637,0.591,0.732,0.599,portfolio-hybrid-legislature,Portfolio hybrid legislature,constitutional-council,Pre-enactment constitutional council,budgeted-disclosed-lobbying,Budgeted disclosed lobbying,balanced tradeoff
322,exact,890,0.621,0.095,0.633,0.497,0.757,0.610,0.596,0.695,0.573,pairwise-amendment-tournament-majority,Pairwise amendment tournament + majority,automatic-merits-follow-up,Automatic merits follow-up for emergency relief,audit-and-sanctions,Audit and sanctions,strong rights screen
323,exact,895,0.621,0.094,0.635,0.498,0.751,0.610,0.603,0.682,0.573,simple-majority-alternatives-pairwise,Unicameral majority + pairwise alternatives,council-concrete-hybrid,Constitutional council with concrete-review backstop,audit-and-sanctions,Audit and sanctions,strong rights screen
324,exact,901,0.621,0.096,0.723,0.481,0.623,0.632,0.551,0.741,0.599,default-pass-multiround-mediation-challenge,Default pass + multi-round mediation + challenge,constitutional-remand,Constitutional remand before invalidation,budgeted-disclosed-lobbying,Budgeted disclosed lobbying,strong delivery
325,exact,907,0.621,0.096,0.723,0.508,0.623,0.598,0.564,0.745,0.598,default-pass-multiround-mediation-challenge,Default pass + multi-round mediation + challenge,constitutional-remand,Constitutional remand before invalidation,democracy-vouchers,Democracy vouchers,strong delivery
326,exact,908,0.621,0.096,0.723,0.482,0.616,0.632,0.561,0.743,0.599,default-pass-multiround-mediation-challenge,Default pass + multi-round mediation + challenge,constitutional-council,Pre-enactment constitutional council,budgeted-disclosed-lobbying,Budgeted disclosed lobbying,strong delivery
327,exact,910,0.621,0.096,0.723,0.482,0.626,0.627,0.569,0.712,0.584,default-pass-multiround-mediation-challenge,Default pass + multi-round mediation + challenge,emergency-integrity-package,Emergency integrity package,randomized-audit-sanctions,Randomized audit and sanctions,strong delivery
328,exact,911,0.621,0.095,0.723,0.509,0.616,0.598,0.574,0.747,0.598,default-pass-multiround-mediation-challenge,Default pass + multi-round mediation + challenge,constitutional-council,Pre-enactment constitutional council,democracy-vouchers,Democracy vouchers,strong delivery
329,exact,917,0.621,0.095,0.635,0.497,0.756,0.610,0.591,0.683,0.573,simple-majority-alternatives-pairwise,Unicameral majority + pairwise alternatives,constitutional-remand,Constitutional remand before invalidation,audit-and-sanctions,Audit and sanctions,strong rights screen
330,exact,922,0.621,0.094,0.635,0.498,0.749,0.610,0.601,0.685,0.573,simple-majority-alternatives-pairwise,Unicameral majority + pairwise alternatives,constitutional-council,Pre-enactment constitutional council,audit-and-sanctions,Audit and sanctions,balanced tradeoff
331,exact,942,0.621,0.094,0.633,0.498,0.751,0.610,0.603,0.683,0.573,pairwise-amendment-tournament-majority,Pairwise amendment tournament + majority,council-concrete-hybrid,Constitutional council with concrete-review backstop,audit-and-sanctions,Audit and sanctions,strong rights screen
332,exact,959,0.620,0.094,0.635,0.524,0.749,0.575,0.619,0.662,0.575,simple-majority-alternatives-pairwise,Unicameral majority + pairwise alternatives,constitutional-council,Pre-enactment constitutional council,bundle-with-evasion,Anti-capture bundle with evasion,balanced tradeoff
333,exact,960,0.620,0.095,0.633,0.497,0.756,0.610,0.591,0.684,0.573,pairwise-amendment-tournament-majority,Pairwise amendment tournament + majority,constitutional-remand,Constitutional remand before invalidation,audit-and-sanctions,Audit and sanctions,strong rights screen
334,exact,966,0.620,0.094,0.633,0.498,0.749,0.610,0.601,0.685,0.573,pairwise-amendment-tournament-majority,Pairwise amendment tournament + majority,constitutional-council,Pre-enactment constitutional council,audit-and-sanctions,Audit and sanctions,balanced tradeoff
335,exact,978,0.620,0.094,0.619,0.518,0.742,0.603,0.593,0.749,0.600,portfolio-hybrid-legislature,Portfolio hybrid legislature,panel-en-banc,Three-judge panels with en banc correction,democracy-vouchers,Democracy vouchers,balanced tradeoff
336,exact,986,0.620,0.095,0.619,0.492,0.742,0.637,0.580,0.745,0.599,portfolio-hybrid-legislature,Portfolio hybrid legislature,panel-en-banc,Three-judge panels with en banc correction,budgeted-disclosed-lobbying,Budgeted disclosed lobbying,balanced tradeoff
337,exact,1008,0.620,0.096,0.723,0.482,0.624,0.627,0.558,0.716,0.584,default-pass-multiround-mediation-challenge,Default pass + multi-round mediation + challenge,automatic-merits-follow-up,Automatic merits follow-up for emergency relief,randomized-audit-sanctions,Randomized audit and sanctions,strong delivery
338,exact,1014,0.620,0.097,0.723,0.478,0.616,0.632,0.550,0.756,0.599,default-pass-multiround-mediation-challenge,Default pass + multi-round mediation + challenge,panel-en-banc,Three-judge panels with en banc correction,budgeted-disclosed-lobbying,Budgeted disclosed lobbying,strong delivery
339,exact,1021,0.620,0.094,0.633,0.524,0.749,0.575,0.619,0.662,0.575,pairwise-amendment-tournament-majority,Pairwise amendment tournament + majority,constitutional-council,Pre-enactment constitutional council,bundle-with-evasion,Anti-capture bundle with evasion,balanced tradeoff
340,exact,1023,0.620,0.096,0.723,0.505,0.616,0.598,0.563,0.759,0.598,default-pass-multiround-mediation-challenge,Default pass + multi-round mediation + challenge,panel-en-banc,Three-judge panels with en banc correction,democracy-vouchers,Democracy vouchers,strong delivery
341,exact,1082,0.619,0.093,0.635,0.518,0.709,0.650,0.520,0.687,0.623,simple-majority-alternatives-pairwise,Unicameral majority + pairwise alternatives,current-us-like,Stylized current U.S.-like supreme court,full-anti-capture-bundle,Full anti-capture bundle,balanced tradeoff
342,exact,1087,0.619,0.096,0.723,0.483,0.618,0.627,0.565,0.704,0.584,default-pass-multiround-mediation-challenge,Default pass + multi-round mediation + challenge,council-concrete-hybrid,Constitutional council with concrete-review backstop,randomized-audit-sanctions,Randomized audit and sanctions,strong delivery
343,exact,1116,0.619,0.096,0.723,0.483,0.623,0.627,0.553,0.705,0.584,default-pass-multiround-mediation-challenge,Default pass + multi-round mediation + challenge,constitutional-remand,Constitutional remand before invalidation,randomized-audit-sanctions,Randomized audit and sanctions,strong delivery
344,exact,1121,0.619,0.094,0.619,0.519,0.740,0.603,0.582,0.752,0.600,portfolio-hybrid-legislature,Portfolio hybrid legislature,jurisdiction-stripping-constraints,Jurisdiction stripping constrained by rights carveouts,democracy-vouchers,Democracy vouchers,balanced tradeoff
345,exact,1122,0.619,0.099,0.759,0.488,0.607,0.570,0.568,0.778,0.570,default-pass,Default pass unless 2/3 block,emergency-restraint-court,No emergency relief without merits review,outside-spending-disclosure-evasion,Outside-spending disclosure evasion,strong delivery
346,exact,1126,0.619,0.096,0.723,0.484,0.616,0.627,0.563,0.707,0.584,default-pass-multiround-mediation-challenge,Default pass + multi-round mediation + challenge,constitutional-council,Pre-enactment constitutional council,randomized-audit-sanctions,Randomized audit and sanctions,strong delivery
347,exact,1127,0.619,0.095,0.619,0.493,0.740,0.637,0.569,0.749,0.599,portfolio-hybrid-legislature,Portfolio hybrid legislature,jurisdiction-stripping-constraints,Jurisdiction stripping constrained by rights carveouts,budgeted-disclosed-lobbying,Budgeted disclosed lobbying,balanced tradeoff
348,exact,1136,0.619,0.093,0.633,0.518,0.709,0.649,0.520,0.687,0.623,pairwise-amendment-tournament-majority,Pairwise amendment tournament + majority,current-us-like,Stylized current U.S.-like supreme court,full-anti-capture-bundle,Full anti-capture bundle,balanced tradeoff
349,exact,1138,0.619,0.094,0.619,0.518,0.742,0.603,0.578,0.752,0.600,portfolio-hybrid-legislature,Portfolio hybrid legislature,nonpartisan-commission,Nonpartisan commission appointments,democracy-vouchers,Democracy vouchers,balanced tradeoff
350,exact,1139,0.618,0.094,0.619,0.518,0.745,0.603,0.574,0.749,0.600,portfolio-hybrid-legislature,Portfolio hybrid legislature,mandatory-written-emergency-reasoning,Mandatory written emergency reasoning,democracy-vouchers,Democracy vouchers,balanced tradeoff
351,exact,1146,0.618,0.095,0.619,0.492,0.742,0.637,0.566,0.749,0.599,portfolio-hybrid-legislature,Portfolio hybrid legislature,nonpartisan-commission,Nonpartisan commission appointments,budgeted-disclosed-lobbying,Budgeted disclosed lobbying,balanced tradeoff
352,exact,1147,0.618,0.095,0.619,0.491,0.745,0.637,0.561,0.745,0.599,portfolio-hybrid-legislature,Portfolio hybrid legislature,mandatory-written-emergency-reasoning,Mandatory written emergency reasoning,budgeted-disclosed-lobbying,Budgeted disclosed lobbying,balanced tradeoff
353,exact,1151,0.618,0.094,0.619,0.521,0.739,0.603,0.579,0.752,0.600,portfolio-hybrid-legislature,Portfolio hybrid legislature,accountability-retention-court,Retention-election accountability court,democracy-vouchers,Democracy vouchers,balanced tradeoff
354,exact,1152,0.618,0.097,0.723,0.479,0.614,0.632,0.539,0.759,0.599,default-pass-multiround-mediation-challenge,Default pass + multi-round mediation + challenge,jurisdiction-stripping-constraints,Jurisdiction stripping constrained by rights carveouts,budgeted-disclosed-lobbying,Budgeted disclosed lobbying,strong delivery
355,exact,1157,0.618,0.098,0.759,0.488,0.605,0.570,0.570,0.770,0.570,default-pass,Default pass unless 2/3 block,emergency-integrity-package,Emergency integrity package,outside-spending-disclosure-evasion,Outside-spending disclosure evasion,strong delivery
356,exact,1160,0.618,0.095,0.619,0.494,0.739,0.637,0.566,0.748,0.599,portfolio-hybrid-legislature,Portfolio hybrid legislature,accountability-retention-court,Retention-election accountability court,budgeted-disclosed-lobbying,Budgeted disclosed lobbying,balanced tradeoff
357,exact,1161,0.618,0.096,0.723,0.506,0.614,0.598,0.551,0.763,0.598,default-pass-multiround-mediation-challenge,Default pass + multi-round mediation + challenge,jurisdiction-stripping-constraints,Jurisdiction stripping constrained by rights carveouts,democracy-vouchers,Democracy vouchers,strong delivery
358,exact,1164,0.618,0.094,0.619,0.520,0.739,0.603,0.579,0.750,0.600,portfolio-hybrid-legislature,Portfolio hybrid legislature,legislative-override-window,Time-limited legislative override window,democracy-vouchers,Democracy vouchers,balanced tradeoff
359,exact,1166,0.618,0.094,0.619,0.518,0.742,0.603,0.576,0.751,0.600,portfolio-hybrid-legislature,Portfolio hybrid legislature,recusal-and-emergency-reform,Peer recusal + reasoned emergency docket,democracy-vouchers,Democracy vouchers,balanced tradeoff
360,exact,1167,0.618,0.094,0.619,0.520,0.738,0.603,0.579,0.750,0.600,portfolio-hybrid-legislature,Portfolio hybrid legislature,legislative-override,Judicial review with legislative supermajority override,democracy-vouchers,Democracy vouchers,balanced tradeoff
361,exact,1171,0.618,0.095,0.619,0.493,0.739,0.637,0.566,0.747,0.599,portfolio-hybrid-legislature,Portfolio hybrid legislature,legislative-override-window,Time-limited legislative override window,budgeted-disclosed-lobbying,Budgeted disclosed lobbying,balanced tradeoff
362,exact,1172,0.618,0.095,0.619,0.518,0.742,0.603,0.573,0.756,0.600,portfolio-hybrid-legislature,Portfolio hybrid legislature,term-limited-balanced,18-year staggered terms + regular appointments,democracy-vouchers,Democracy vouchers,balanced tradeoff
363,exact,1173,0.618,0.097,0.723,0.478,0.616,0.632,0.535,0.759,0.599,default-pass-multiround-mediation-challenge,Default pass + multi-round mediation + challenge,nonpartisan-commission,Nonpartisan commission appointments,budgeted-disclosed-lobbying,Budgeted disclosed lobbying,strong delivery
364,exact,1174,0.618,0.097,0.723,0.478,0.619,0.632,0.531,0.756,0.599,default-pass-multiround-mediation-challenge,Default pass + multi-round mediation + challenge,mandatory-written-emergency-reasoning,Mandatory written emergency reasoning,budgeted-disclosed-lobbying,Budgeted disclosed lobbying,strong delivery
365,exact,1175,0.618,0.095,0.619,0.491,0.742,0.637,0.563,0.747,0.599,portfolio-hybrid-legislature,Portfolio hybrid legislature,recusal-and-emergency-reform,Peer recusal + reasoned emergency docket,budgeted-disclosed-lobbying,Budgeted disclosed lobbying,balanced tradeoff
366,exact,1177,0.618,0.095,0.619,0.493,0.738,0.637,0.567,0.747,0.599,portfolio-hybrid-legislature,Portfolio hybrid legislature,legislative-override,Judicial review with legislative supermajority override,budgeted-disclosed-lobbying,Budgeted disclosed lobbying,balanced tradeoff
367,exact,1182,0.618,0.095,0.619,0.491,0.742,0.637,0.560,0.753,0.599,portfolio-hybrid-legislature,Portfolio hybrid legislature,term-limited-balanced,18-year staggered terms + regular appointments,budgeted-disclosed-lobbying,Budgeted disclosed lobbying,balanced tradeoff
368,exact,1184,0.618,0.096,0.723,0.505,0.616,0.598,0.548,0.763,0.598,default-pass-multiround-mediation-challenge,Default pass + multi-round mediation + challenge,nonpartisan-commission,Nonpartisan commission appointments,democracy-vouchers,Democracy vouchers,strong delivery
369,exact,1186,0.618,0.096,0.723,0.504,0.619,0.598,0.544,0.759,0.598,default-pass-multiround-mediation-challenge,Default pass + multi-round mediation + challenge,mandatory-written-emergency-reasoning,Mandatory written emergency reasoning,democracy-vouchers,Democracy vouchers,strong delivery
370,exact,1187,0.618,0.097,0.723,0.480,0.613,0.632,0.536,0.759,0.599,default-pass-multiround-mediation-challenge,Default pass + multi-round mediation + challenge,accountability-retention-court,Retention-election accountability court,budgeted-disclosed-lobbying,Budgeted disclosed lobbying,strong delivery
371,exact,1191,0.618,0.096,0.723,0.507,0.613,0.598,0.548,0.762,0.598,default-pass-multiround-mediation-challenge,Default pass + multi-round mediation + challenge,accountability-retention-court,Retention-election accountability court,democracy-vouchers,Democracy vouchers,strong delivery
372,exact,1194,0.618,0.097,0.723,0.480,0.613,0.632,0.536,0.758,0.599,default-pass-multiround-mediation-challenge,Default pass + multi-round mediation + challenge,legislative-override-window,Time-limited legislative override window,budgeted-disclosed-lobbying,Budgeted disclosed lobbying,strong delivery
373,exact,1198,0.618,0.097,0.723,0.478,0.616,0.632,0.533,0.758,0.599,default-pass-multiround-mediation-challenge,Default pass + multi-round mediation + challenge,recusal-and-emergency-reform,Peer recusal + reasoned emergency docket,budgeted-disclosed-lobbying,Budgeted disclosed lobbying,strong delivery
374,exact,1204,0.618,0.097,0.723,0.480,0.612,0.632,0.536,0.758,0.599,default-pass-multiround-mediation-challenge,Default pass + multi-round mediation + challenge,legislative-override,Judicial review with legislative supermajority override,budgeted-disclosed-lobbying,Budgeted disclosed lobbying,strong delivery
375,exact,1211,0.618,0.096,0.723,0.506,0.613,0.598,0.549,0.761,0.598,default-pass-multiround-mediation-challenge,Default pass + multi-round mediation + challenge,legislative-override-window,Time-limited legislative override window,democracy-vouchers,Democracy vouchers,strong delivery
376,exact,1212,0.618,0.097,0.723,0.478,0.616,0.632,0.530,0.764,0.599,default-pass-multiround-mediation-challenge,Default pass + multi-round mediation + challenge,term-limited-balanced,18-year staggered terms + regular appointments,budgeted-disclosed-lobbying,Budgeted disclosed lobbying,strong delivery
377,exact,1214,0.618,0.096,0.723,0.505,0.616,0.598,0.545,0.761,0.598,default-pass-multiround-mediation-challenge,Default pass + multi-round mediation + challenge,recusal-and-emergency-reform,Peer recusal + reasoned emergency docket,democracy-vouchers,Democracy vouchers,strong delivery
378,exact,1216,0.618,0.096,0.723,0.506,0.612,0.598,0.549,0.761,0.598,default-pass-multiround-mediation-challenge,Default pass + multi-round mediation + challenge,legislative-override,Judicial review with legislative supermajority override,democracy-vouchers,Democracy vouchers,strong delivery
379,exact,1223,0.618,0.096,0.723,0.505,0.616,0.598,0.543,0.767,0.598,default-pass-multiround-mediation-challenge,Default pass + multi-round mediation + challenge,term-limited-balanced,18-year staggered terms + regular appointments,democracy-vouchers,Democracy vouchers,strong delivery
380,exact,1227,0.618,0.097,0.723,0.481,0.627,0.610,0.568,0.729,0.573,default-pass-multiround-mediation-challenge,Default pass + multi-round mediation + challenge,emergency-restraint-court,No emergency relief without merits review,audit-and-sanctions,Audit and sanctions,strong delivery
381,exact,1234,0.618,0.095,0.619,0.517,0.744,0.603,0.567,0.757,0.600,portfolio-hybrid-legislature,Portfolio hybrid legislature,supermajority-review,60 percent invalidation threshold,democracy-vouchers,Democracy vouchers,balanced tradeoff
382,exact,1242,0.618,0.095,0.619,0.490,0.744,0.637,0.554,0.754,0.599,portfolio-hybrid-legislature,Portfolio hybrid legislature,supermajority-review,60 percent invalidation threshold,budgeted-disclosed-lobbying,Budgeted disclosed lobbying,balanced tradeoff
383,exact,1258,0.617,0.097,0.723,0.482,0.626,0.610,0.569,0.722,0.573,default-pass-multiround-mediation-challenge,Default pass + multi-round mediation + challenge,emergency-integrity-package,Emergency integrity package,audit-and-sanctions,Audit and sanctions,strong delivery
384,exact,1268,0.617,0.097,0.723,0.476,0.618,0.632,0.524,0.764,0.599,default-pass-multiround-mediation-challenge,Default pass + multi-round mediation + challenge,supermajority-review,60 percent invalidation threshold,budgeted-disclosed-lobbying,Budgeted disclosed lobbying,strong delivery
385,exact,1277,0.617,0.096,0.723,0.503,0.618,0.598,0.536,0.768,0.598,default-pass-multiround-mediation-challenge,Default pass + multi-round mediation + challenge,supermajority-review,60 percent invalidation threshold,democracy-vouchers,Democracy vouchers,strong delivery
386,exact,1281,0.617,0.095,0.723,0.507,0.627,0.575,0.585,0.706,0.575,default-pass-multiround-mediation-challenge,Default pass + multi-round mediation + challenge,emergency-restraint-court,No emergency relief without merits review,bundle-with-evasion,Anti-capture bundle with evasion,strong delivery
387,exact,1292,0.617,0.097,0.759,0.497,0.556,0.663,0.469,0.773,0.556,default-pass,Default pass unless 2/3 block,current-us-like,Stylized current U.S.-like supreme court,full-anti-capture-bundle,Full anti-capture bundle,strong delivery
388,exact,1302,0.617,0.100,0.759,0.490,0.607,0.562,0.568,0.804,0.545,default-pass,Default pass unless 2/3 block,emergency-restraint-court,No emergency relief without merits review,public-interest-representation-funds,Public-interest representation funds,strong delivery; weak subsystem floor
389,exact,1314,0.617,0.095,0.723,0.507,0.626,0.575,0.587,0.699,0.575,default-pass-multiround-mediation-challenge,Default pass + multi-round mediation + challenge,emergency-integrity-package,Emergency integrity package,bundle-with-evasion,Anti-capture bundle with evasion,strong delivery
390,exact,1332,0.617,0.100,0.759,0.490,0.605,0.562,0.570,0.797,0.545,default-pass,Default pass unless 2/3 block,emergency-integrity-package,Emergency integrity package,public-interest-representation-funds,Public-interest representation funds,strong delivery; weak subsystem floor
391,exact,1378,0.616,0.097,0.723,0.482,0.624,0.610,0.558,0.726,0.573,default-pass-multiround-mediation-challenge,Default pass + multi-round mediation + challenge,automatic-merits-follow-up,Automatic merits follow-up for emergency relief,audit-and-sanctions,Audit and sanctions,strong delivery
392,exact,1386,0.616,0.095,0.635,0.508,0.760,0.557,0.619,0.692,0.557,simple-majority-alternatives-pairwise,Unicameral majority + pairwise alternatives,emergency-restraint-court,No emergency relief without merits review,outside-spending-disclosure-evasion,Outside-spending disclosure evasion,strong rights screen
393,exact,1397,0.616,0.095,0.659,0.500,0.641,0.650,0.579,0.743,0.594,default-pass-challenge,Default pass + challenge vouchers,emergency-restraint-court,No emergency relief without merits review,full-anti-capture-bundle,Full anti-capture bundle,balanced tradeoff
394,exact,1408,0.616,0.100,0.745,0.504,0.724,0.478,0.592,0.642,0.478,expanded-portfolio-hybrid-legislature,Expanded portfolio hybrid legislature,emergency-restraint-court,No emergency relief without merits review,open-access-lobbying,Open access lobbying,strong delivery; weak subsystem floor
395,exact,1416,0.616,0.095,0.635,0.508,0.758,0.557,0.620,0.684,0.557,simple-majority-alternatives-pairwise,Unicameral majority + pairwise alternatives,emergency-integrity-package,Emergency integrity package,outside-spending-disclosure-evasion,Outside-spending disclosure evasion,strong rights screen
396,exact,1420,0.616,0.093,0.583,0.519,0.701,0.653,0.605,0.757,0.635,citizen-initiative-referendum,Citizen initiative and referendum,emergency-restraint-court,No emergency relief without merits review,full-anti-capture-bundle,Full anti-capture bundle,balanced tradeoff
397,exact,1431,0.615,0.095,0.659,0.500,0.639,0.650,0.580,0.735,0.594,default-pass-challenge,Default pass + challenge vouchers,emergency-integrity-package,Emergency integrity package,full-anti-capture-bundle,Full anti-capture bundle,balanced tradeoff
398,exact,1437,0.615,0.096,0.723,0.483,0.618,0.610,0.564,0.714,0.573,default-pass-multiround-mediation-challenge,Default pass + multi-round mediation + challenge,council-concrete-hybrid,Constitutional council with concrete-review backstop,audit-and-sanctions,Audit and sanctions,strong delivery
399,exact,1439,0.615,0.095,0.633,0.508,0.760,0.557,0.619,0.692,0.557,pairwise-amendment-tournament-majority,Pairwise amendment tournament + majority,emergency-restraint-court,No emergency relief without merits review,outside-spending-disclosure-evasion,Outside-spending disclosure evasion,strong rights screen
400,exact,1445,0.615,0.100,0.745,0.505,0.722,0.478,0.593,0.634,0.478,expanded-portfolio-hybrid-legislature,Expanded portfolio hybrid legislature,emergency-integrity-package,Emergency integrity package,open-access-lobbying,Open access lobbying,strong delivery; weak subsystem floor
401,exact,1450,0.615,0.093,0.583,0.519,0.699,0.653,0.606,0.750,0.635,citizen-initiative-referendum,Citizen initiative and referendum,emergency-integrity-package,Emergency integrity package,full-anti-capture-bundle,Full anti-capture bundle,balanced tradeoff
402,exact,1459,0.615,0.097,0.723,0.482,0.623,0.610,0.552,0.714,0.573,default-pass-multiround-mediation-challenge,Default pass + multi-round mediation + challenge,constitutional-remand,Constitutional remand before invalidation,audit-and-sanctions,Audit and sanctions,strong delivery
403,exact,1468,0.615,0.095,0.633,0.508,0.758,0.557,0.620,0.685,0.557,pairwise-amendment-tournament-majority,Pairwise amendment tournament + majority,emergency-integrity-package,Emergency integrity package,outside-spending-disclosure-evasion,Outside-spending disclosure evasion,strong rights screen
404,exact,1470,0.615,0.096,0.635,0.510,0.760,0.549,0.619,0.718,0.545,simple-majority-alternatives-pairwise,Unicameral majority + pairwise alternatives,emergency-restraint-court,No emergency relief without merits review,public-interest-representation-funds,Public-interest representation funds,strong rights screen; weak subsystem floor
405,exact,1471,0.615,0.096,0.723,0.483,0.616,0.610,0.562,0.716,0.573,default-pass-multiround-mediation-challenge,Default pass + multi-round mediation + challenge,constitutional-council,Pre-enactment constitutional council,audit-and-sanctions,Audit and sanctions,strong delivery
406,exact,1493,0.615,0.096,0.635,0.510,0.758,0.549,0.620,0.711,0.545,simple-majority-alternatives-pairwise,Unicameral majority + pairwise alternatives,emergency-integrity-package,Emergency integrity package,public-interest-representation-funds,Public-interest representation funds,strong rights screen; weak subsystem floor
407,exact,1511,0.614,0.095,0.723,0.509,0.616,0.575,0.580,0.693,0.575,default-pass-multiround-mediation-challenge,Default pass + multi-round mediation + challenge,constitutional-council,Pre-enactment constitutional council,bundle-with-evasion,Anti-capture bundle with evasion,strong delivery
408,exact,1516,0.614,0.096,0.633,0.510,0.760,0.549,0.619,0.719,0.545,pairwise-amendment-tournament-majority,Pairwise amendment tournament + majority,emergency-restraint-court,No emergency relief without merits review,public-interest-representation-funds,Public-interest representation funds,strong rights screen; weak subsystem floor
409,exact,1532,0.614,0.095,0.659,0.500,0.638,0.650,0.569,0.740,0.594,default-pass-challenge,Default pass + challenge vouchers,automatic-merits-follow-up,Automatic merits follow-up for emergency relief,full-anti-capture-bundle,Full anti-capture bundle,balanced tradeoff
410,exact,1540,0.614,0.100,0.745,0.505,0.721,0.478,0.582,0.639,0.478,expanded-portfolio-hybrid-legislature,Expanded portfolio hybrid legislature,automatic-merits-follow-up,Automatic merits follow-up for emergency relief,open-access-lobbying,Open access lobbying,strong delivery; weak subsystem floor
411,exact,1546,0.614,0.096,0.633,0.510,0.758,0.549,0.620,0.711,0.545,pairwise-amendment-tournament-majority,Pairwise amendment tournament + majority,emergency-integrity-package,Emergency integrity package,public-interest-representation-funds,Public-interest representation funds,strong rights screen; weak subsystem floor
412,exact,1548,0.614,0.093,0.583,0.519,0.698,0.653,0.595,0.754,0.635,citizen-initiative-referendum,Citizen initiative and referendum,automatic-merits-follow-up,Automatic merits follow-up for emergency relief,full-anti-capture-bundle,Full anti-capture bundle,balanced tradeoff
413,exact,1587,0.614,0.093,0.619,0.516,0.702,0.655,0.511,0.707,0.623,portfolio-hybrid-legislature,Portfolio hybrid legislature,current-us-like,Stylized current U.S.-like supreme court,full-anti-capture-bundle,Full anti-capture bundle,balanced tradeoff
414,exact,1592,0.614,0.094,0.659,0.501,0.631,0.650,0.575,0.727,0.594,default-pass-challenge,Default pass + challenge vouchers,council-concrete-hybrid,Constitutional council with concrete-review backstop,full-anti-capture-bundle,Full anti-capture bundle,balanced tradeoff
415,exact,1594,0.614,0.094,0.659,0.500,0.639,0.650,0.564,0.722,0.594,default-pass-challenge,Default pass + challenge vouchers,remand-override-window-package,Constitutional remand with override window,full-anti-capture-bundle,Full anti-capture bundle,balanced tradeoff
416,exact,1597,0.613,0.100,0.745,0.506,0.715,0.478,0.588,0.626,0.478,expanded-portfolio-hybrid-legislature,Expanded portfolio hybrid legislature,council-concrete-hybrid,Constitutional council with concrete-review backstop,open-access-lobbying,Open access lobbying,strong delivery; weak subsystem floor
417,exact,1600,0.613,0.100,0.745,0.505,0.723,0.478,0.577,0.621,0.478,expanded-portfolio-hybrid-legislature,Expanded portfolio hybrid legislature,remand-override-window-package,Constitutional remand with override window,open-access-lobbying,Open access lobbying,strong delivery; weak subsystem floor
418,exact,1604,0.613,0.092,0.583,0.520,0.692,0.653,0.601,0.742,0.635,citizen-initiative-referendum,Citizen initiative and referendum,council-concrete-hybrid,Constitutional council with concrete-review backstop,full-anti-capture-bundle,Full anti-capture bundle,balanced tradeoff
419,exact,1606,0.613,0.092,0.583,0.519,0.699,0.653,0.590,0.737,0.635,citizen-initiative-referendum,Citizen initiative and referendum,remand-override-window-package,Constitutional remand with override window,full-anti-capture-bundle,Full anti-capture bundle,balanced tradeoff
420,exact,1611,0.613,0.095,0.659,0.501,0.636,0.650,0.564,0.728,0.594,default-pass-challenge,Default pass + challenge vouchers,constitutional-remand,Constitutional remand before invalidation,full-anti-capture-bundle,Full anti-capture bundle,balanced tradeoff
421,exact,1617,0.613,0.094,0.659,0.502,0.629,0.650,0.573,0.730,0.594,default-pass-challenge,Default pass + challenge vouchers,constitutional-council,Pre-enactment constitutional council,full-anti-capture-bundle,Full anti-capture bundle,balanced tradeoff
422,exact,1623,0.613,0.100,0.745,0.505,0.720,0.478,0.577,0.627,0.478,expanded-portfolio-hybrid-legislature,Expanded portfolio hybrid legislature,constitutional-remand,Constitutional remand before invalidation,open-access-lobbying,Open access lobbying,strong delivery; weak subsystem floor
423,exact,1631,0.613,0.100,0.745,0.506,0.713,0.478,0.586,0.629,0.478,expanded-portfolio-hybrid-legislature,Expanded portfolio hybrid legislature,constitutional-council,Pre-enactment constitutional council,open-access-lobbying,Open access lobbying,strong delivery; weak subsystem floor
424,exact,1632,0.613,0.093,0.583,0.520,0.697,0.653,0.590,0.743,0.635,citizen-initiative-referendum,Citizen initiative and referendum,constitutional-remand,Constitutional remand before invalidation,full-anti-capture-bundle,Full anti-capture bundle,balanced tradeoff
425,exact,1638,0.613,0.092,0.583,0.521,0.689,0.653,0.599,0.744,0.635,citizen-initiative-referendum,Citizen initiative and referendum,constitutional-council,Pre-enactment constitutional council,full-anti-capture-bundle,Full anti-capture bundle,balanced tradeoff
426,exact,1698,0.612,0.093,0.598,0.508,0.708,0.630,0.599,0.718,0.622,risk-routed-majority,Risk-routed majority legislature,emergency-restraint-court,No emergency relief without merits review,full-anti-capture-bundle,Full anti-capture bundle,balanced tradeoff
427,exact,1744,0.612,0.095,0.659,0.498,0.630,0.650,0.562,0.743,0.594,default-pass-challenge,Default pass + challenge vouchers,panel-en-banc,Three-judge panels with en banc correction,full-anti-capture-bundle,Full anti-capture bundle,balanced tradeoff
428,exact,1746,0.612,0.092,0.598,0.508,0.706,0.630,0.601,0.710,0.622,risk-routed-majority,Risk-routed majority legislature,emergency-integrity-package,Emergency integrity package,full-anti-capture-bundle,Full anti-capture bundle,balanced tradeoff
429,exact,1765,0.612,0.100,0.745,0.502,0.713,0.478,0.576,0.642,0.478,expanded-portfolio-hybrid-legislature,Expanded portfolio hybrid legislature,panel-en-banc,Three-judge panels with en banc correction,open-access-lobbying,Open access lobbying,strong delivery; weak subsystem floor
430,exact,1777,0.612,0.093,0.583,0.517,0.690,0.653,0.588,0.757,0.635,citizen-initiative-referendum,Citizen initiative and referendum,panel-en-banc,Three-judge panels with en banc correction,full-anti-capture-bundle,Full anti-capture bundle,balanced tradeoff
431,exact,1879,0.611,0.092,0.598,0.508,0.705,0.630,0.590,0.715,0.622,risk-routed-majority,Risk-routed majority legislature,automatic-merits-follow-up,Automatic merits follow-up for emergency relief,full-anti-capture-bundle,Full anti-capture bundle,balanced tradeoff
432,exact,1886,0.611,0.095,0.659,0.499,0.628,0.650,0.551,0.746,0.594,default-pass-challenge,Default pass + challenge vouchers,jurisdiction-stripping-constraints,Jurisdiction stripping constrained by rights carveouts,full-anti-capture-bundle,Full anti-capture bundle,balanced tradeoff
433,exact,1898,0.610,0.100,0.745,0.503,0.711,0.478,0.564,0.645,0.478,expanded-portfolio-hybrid-legislature,Expanded portfolio hybrid legislature,jurisdiction-stripping-constraints,Jurisdiction stripping constrained by rights carveouts,open-access-lobbying,Open access lobbying,strong delivery; weak subsystem floor
434,exact,1906,0.610,0.095,0.659,0.498,0.629,0.650,0.548,0.746,0.594,default-pass-challenge,Default pass + challenge vouchers,nonpartisan-commission,Nonpartisan commission appointments,full-anti-capture-bundle,Full anti-capture bundle,balanced tradeoff
435,exact,1908,0.610,0.095,0.659,0.497,0.632,0.650,0.543,0.743,0.594,default-pass-challenge,Default pass + challenge vouchers,mandatory-written-emergency-reasoning,Mandatory written emergency reasoning,full-anti-capture-bundle,Full anti-capture bundle,balanced tradeoff
436,exact,1911,0.610,0.093,0.583,0.518,0.688,0.653,0.577,0.761,0.635,citizen-initiative-referendum,Citizen initiative and referendum,jurisdiction-stripping-constraints,Jurisdiction stripping constrained by rights carveouts,full-anti-capture-bundle,Full anti-capture bundle,balanced tradeoff
437,exact,1921,0.610,0.096,0.723,0.493,0.627,0.557,0.580,0.723,0.557,default-pass-multiround-mediation-challenge,Default pass + multi-round mediation + challenge,emergency-restraint-court,No emergency relief without merits review,outside-spending-disclosure-evasion,Outside-spending disclosure evasion,strong delivery
438,exact,1924,0.610,0.095,0.659,0.500,0.626,0.650,0.548,0.746,0.594,default-pass-challenge,Default pass + challenge vouchers,accountability-retention-court,Retention-election accountability court,full-anti-capture-bundle,Full anti-capture bundle,balanced tradeoff
439,exact,1928,0.610,0.100,0.745,0.502,0.713,0.478,0.561,0.645,0.478,expanded-portfolio-hybrid-legislature,Expanded portfolio hybrid legislature,nonpartisan-commission,Nonpartisan commission appointments,open-access-lobbying,Open access lobbying,strong delivery; weak subsystem floor
440,exact,1929,0.610,0.100,0.745,0.502,0.716,0.478,0.557,0.642,0.478,expanded-portfolio-hybrid-legislature,Expanded portfolio hybrid legislature,mandatory-written-emergency-reasoning,Mandatory written emergency reasoning,open-access-lobbying,Open access lobbying,strong delivery; weak subsystem floor
441,exact,1937,0.610,0.095,0.659,0.499,0.626,0.650,0.548,0.744,0.594,default-pass-challenge,Default pass + challenge vouchers,legislative-override-window,Time-limited legislative override window,full-anti-capture-bundle,Full anti-capture bundle,balanced tradeoff
442,exact,1938,0.610,0.093,0.583,0.517,0.689,0.653,0.574,0.761,0.635,citizen-initiative-referendum,Citizen initiative and referendum,nonpartisan-commission,Nonpartisan commission appointments,full-anti-capture-bundle,Full anti-capture bundle,balanced tradeoff
443,exact,1939,0.610,0.100,0.745,0.504,0.710,0.478,0.561,0.645,0.478,expanded-portfolio-hybrid-legislature,Expanded portfolio hybrid legislature,accountability-retention-court,Retention-election accountability court,open-access-lobbying,Open access lobbying,strong delivery; weak subsystem floor
444,exact,1940,0.610,0.093,0.583,0.516,0.693,0.653,0.569,0.757,0.635,citizen-initiative-referendum,Citizen initiative and referendum,mandatory-written-emergency-reasoning,Mandatory written emergency reasoning,full-anti-capture-bundle,Full anti-capture bundle,balanced tradeoff
445,exact,1942,0.610,0.095,0.659,0.498,0.630,0.650,0.545,0.745,0.594,default-pass-challenge,Default pass + challenge vouchers,recusal-and-emergency-reform,Peer recusal + reasoned emergency docket,full-anti-capture-bundle,Full anti-capture bundle,balanced tradeoff
446,exact,1944,0.610,0.095,0.659,0.499,0.626,0.650,0.549,0.744,0.594,default-pass-challenge,Default pass + challenge vouchers,legislative-override,Judicial review with legislative supermajority override,full-anti-capture-bundle,Full anti-capture bundle,balanced tradeoff
447,exact,1954,0.610,0.095,0.659,0.498,0.630,0.650,0.542,0.750,0.594,default-pass-challenge,Default pass + challenge vouchers,term-limited-balanced,18-year staggered terms + regular appointments,full-anti-capture-bundle,Full anti-capture bundle,balanced tradeoff
448,exact,1955,0.610,0.093,0.583,0.519,0.686,0.653,0.574,0.760,0.635,citizen-initiative-referendum,Citizen initiative and referendum,accountability-retention-court,Retention-election accountability court,full-anti-capture-bundle,Full anti-capture bundle,balanced tradeoff
449,exact,1958,0.610,0.092,0.598,0.509,0.698,0.630,0.596,0.702,0.622,risk-routed-majority,Risk-routed majority legislature,council-concrete-hybrid,Constitutional council with concrete-review backstop,full-anti-capture-bundle,Full anti-capture bundle,balanced tradeoff
450,exact,1961,0.610,0.100,0.745,0.504,0.710,0.478,0.561,0.644,0.478,expanded-portfolio-hybrid-legislature,Expanded portfolio hybrid legislature,legislative-override-window,Time-limited legislative override window,open-access-lobbying,Open access lobbying,strong delivery; weak subsystem floor
451,exact,1963,0.610,0.092,0.598,0.508,0.706,0.630,0.585,0.697,0.622,risk-routed-majority,Risk-routed majority legislature,remand-override-window-package,Constitutional remand with override window,full-anti-capture-bundle,Full anti-capture bundle,balanced tradeoff
452,exact,1966,0.610,0.100,0.745,0.502,0.713,0.478,0.558,0.644,0.478,expanded-portfolio-hybrid-legislature,Expanded portfolio hybrid legislature,recusal-and-emergency-reform,Peer recusal + reasoned emergency docket,open-access-lobbying,Open access lobbying,strong delivery; weak subsystem floor
453,exact,1969,0.610,0.100,0.745,0.504,0.709,0.478,0.562,0.644,0.478,expanded-portfolio-hybrid-legislature,Expanded portfolio hybrid legislature,legislative-override,Judicial review with legislative supermajority override,open-access-lobbying,Open access lobbying,strong delivery; weak subsystem floor
454,exact,1972,0.610,0.096,0.723,0.493,0.626,0.557,0.581,0.716,0.557,default-pass-multiround-mediation-challenge,Default pass + multi-round mediation + challenge,emergency-integrity-package,Emergency integrity package,outside-spending-disclosure-evasion,Outside-spending disclosure evasion,strong delivery
455,exact,1976,0.610,0.100,0.745,0.502,0.713,0.478,0.555,0.650,0.478,expanded-portfolio-hybrid-legislature,Expanded portfolio hybrid legislature,term-limited-balanced,18-year staggered terms + regular appointments,open-access-lobbying,Open access lobbying,strong delivery; weak subsystem floor
456,exact,1979,0.610,0.093,0.583,0.518,0.686,0.653,0.574,0.759,0.635,citizen-initiative-referendum,Citizen initiative and referendum,legislative-override-window,Time-limited legislative override window,full-anti-capture-bundle,Full anti-capture bundle,balanced tradeoff
457,exact,1981,0.610,0.093,0.583,0.517,0.690,0.653,0.571,0.759,0.635,citizen-initiative-referendum,Citizen initiative and referendum,recusal-and-emergency-reform,Peer recusal + reasoned emergency docket,full-anti-capture-bundle,Full anti-capture bundle,balanced tradeoff
458,exact,1983,0.610,0.093,0.583,0.518,0.686,0.653,0.575,0.759,0.635,citizen-initiative-referendum,Citizen initiative and referendum,legislative-override,Judicial review with legislative supermajority override,full-anti-capture-bundle,Full anti-capture bundle,balanced tradeoff
459,exact,1985,0.610,0.093,0.583,0.517,0.690,0.653,0.568,0.765,0.635,citizen-initiative-referendum,Citizen initiative and referendum,term-limited-balanced,18-year staggered terms + regular appointments,full-anti-capture-bundle,Full anti-capture bundle,balanced tradeoff
460,exact,1994,0.610,0.092,0.598,0.509,0.703,0.630,0.584,0.703,0.622,risk-routed-majority,Risk-routed majority legislature,constitutional-remand,Constitutional remand before invalidation,full-anti-capture-bundle,Full anti-capture bundle,balanced tradeoff
461,exact,2010,0.610,0.092,0.598,0.510,0.696,0.630,0.594,0.705,0.622,risk-routed-majority,Risk-routed majority legislature,constitutional-council,Pre-enactment constitutional council,full-anti-capture-bundle,Full anti-capture bundle,balanced tradeoff
462,exact,2012,0.610,0.096,0.619,0.508,0.753,0.554,0.610,0.739,0.545,portfolio-hybrid-legislature,Portfolio hybrid legislature,emergency-restraint-court,No emergency relief without merits review,public-interest-representation-funds,Public-interest representation funds,strong rights screen; weak subsystem floor
463,exact,2025,0.609,0.095,0.659,0.496,0.631,0.650,0.536,0.751,0.594,default-pass-challenge,Default pass + challenge vouchers,supermajority-review,60 percent invalidation threshold,full-anti-capture-bundle,Full anti-capture bundle,balanced tradeoff
464,exact,2042,0.609,0.098,0.723,0.495,0.627,0.549,0.580,0.749,0.545,default-pass-multiround-mediation-challenge,Default pass + multi-round mediation + challenge,emergency-restraint-court,No emergency relief without merits review,public-interest-representation-funds,Public-interest representation funds,strong delivery; weak subsystem floor
465,exact,2043,0.609,0.100,0.745,0.500,0.715,0.478,0.549,0.650,0.478,expanded-portfolio-hybrid-legislature,Expanded portfolio hybrid legislature,supermajority-review,60 percent invalidation threshold,open-access-lobbying,Open access lobbying,strong delivery; weak subsystem floor
466,exact,2056,0.609,0.093,0.583,0.515,0.692,0.653,0.562,0.766,0.635,citizen-initiative-referendum,Citizen initiative and referendum,supermajority-review,60 percent invalidation threshold,full-anti-capture-bundle,Full anti-capture bundle,balanced tradeoff
467,exact,2057,0.609,0.096,0.619,0.509,0.751,0.554,0.612,0.731,0.545,portfolio-hybrid-legislature,Portfolio hybrid legislature,emergency-integrity-package,Emergency integrity package,public-interest-representation-funds,Public-interest representation funds,strong rights screen; weak subsystem floor
468,exact,2070,0.609,0.095,0.635,0.490,0.709,0.632,0.500,0.740,0.599,simple-majority-alternatives-pairwise,Unicameral majority + pairwise alternatives,current-us-like,Stylized current U.S.-like supreme court,budgeted-disclosed-lobbying,Budgeted disclosed lobbying,balanced tradeoff
469,exact,2076,0.609,0.095,0.635,0.517,0.709,0.598,0.512,0.743,0.598,simple-majority-alternatives-pairwise,Unicameral majority + pairwise alternatives,current-us-like,Stylized current U.S.-like supreme court,democracy-vouchers,Democracy vouchers,balanced tradeoff
470,exact,2084,0.609,0.093,0.622,0.508,0.668,0.626,0.597,0.701,0.604,long-horizon-learning-majority,Long-horizon strategic learning,emergency-restraint-court,No emergency relief without merits review,full-anti-capture-bundle,Full anti-capture bundle,balanced tradeoff
471,exact,2093,0.609,0.098,0.723,0.495,0.626,0.549,0.581,0.742,0.545,default-pass-multiround-mediation-challenge,Default pass + multi-round mediation + challenge,emergency-integrity-package,Emergency integrity package,public-interest-representation-funds,Public-interest representation funds,strong delivery; weak subsystem floor
472,exact,2137,0.609,0.093,0.622,0.508,0.666,0.626,0.599,0.694,0.604,long-horizon-learning-majority,Long-horizon strategic learning,emergency-integrity-package,Emergency integrity package,full-anti-capture-bundle,Full anti-capture bundle,balanced tradeoff
473,exact,2157,0.608,0.095,0.633,0.490,0.709,0.632,0.500,0.741,0.599,pairwise-amendment-tournament-majority,Pairwise amendment tournament + majority,current-us-like,Stylized current U.S.-like supreme court,budgeted-disclosed-lobbying,Budgeted disclosed lobbying,balanced tradeoff
474,exact,2160,0.608,0.099,0.759,0.469,0.556,0.645,0.449,0.826,0.556,default-pass,Default pass unless 2/3 block,current-us-like,Stylized current U.S.-like supreme court,budgeted-disclosed-lobbying,Budgeted disclosed lobbying,strong delivery
475,exact,2162,0.608,0.099,0.759,0.496,0.556,0.611,0.462,0.829,0.556,default-pass,Default pass unless 2/3 block,current-us-like,Stylized current U.S.-like supreme court,democracy-vouchers,Democracy vouchers,strong delivery
476,exact,2165,0.608,0.095,0.633,0.517,0.709,0.598,0.512,0.744,0.598,pairwise-amendment-tournament-majority,Pairwise amendment tournament + majority,current-us-like,Stylized current U.S.-like supreme court,democracy-vouchers,Democracy vouchers,balanced tradeoff
477,exact,2188,0.608,0.092,0.598,0.506,0.697,0.630,0.583,0.718,0.622,risk-routed-majority,Risk-routed majority legislature,panel-en-banc,Three-judge panels with en banc correction,full-anti-capture-bundle,Full anti-capture bundle,balanced tradeoff
478,exact,2257,0.607,0.093,0.622,0.508,0.665,0.626,0.587,0.698,0.604,long-horizon-learning-majority,Long-horizon strategic learning,automatic-merits-follow-up,Automatic merits follow-up for emergency relief,full-anti-capture-bundle,Full anti-capture bundle,balanced tradeoff
479,exact,2268,0.607,0.098,0.659,0.473,0.641,0.633,0.558,0.796,0.594,default-pass-challenge,Default pass + challenge vouchers,emergency-restraint-court,No emergency relief without merits review,budgeted-disclosed-lobbying,Budgeted disclosed lobbying,balanced tradeoff
480,exact,2269,0.607,0.097,0.659,0.499,0.641,0.598,0.571,0.799,0.594,default-pass-challenge,Default pass + challenge vouchers,emergency-restraint-court,No emergency relief without merits review,democracy-vouchers,Democracy vouchers,balanced tradeoff
481,exact,2296,0.607,0.093,0.598,0.507,0.695,0.630,0.572,0.721,0.622,risk-routed-majority,Risk-routed majority legislature,jurisdiction-stripping-constraints,Jurisdiction stripping constrained by rights carveouts,full-anti-capture-bundle,Full anti-capture bundle,balanced tradeoff
482,exact,2300,0.607,0.097,0.659,0.473,0.639,0.633,0.560,0.788,0.594,default-pass-challenge,Default pass + challenge vouchers,emergency-integrity-package,Emergency integrity package,budgeted-disclosed-lobbying,Budgeted disclosed lobbying,balanced tradeoff
483,exact,2303,0.607,0.097,0.659,0.500,0.639,0.598,0.573,0.792,0.594,default-pass-challenge,Default pass + challenge vouchers,emergency-integrity-package,Emergency integrity package,democracy-vouchers,Democracy vouchers,balanced tradeoff
484,exact,2313,0.607,0.092,0.622,0.509,0.659,0.626,0.594,0.686,0.604,long-horizon-learning-majority,Long-horizon strategic learning,council-concrete-hybrid,Constitutional council with concrete-review backstop,full-anti-capture-bundle,Full anti-capture bundle,balanced tradeoff
485,exact,2321,0.607,0.093,0.598,0.506,0.696,0.630,0.568,0.721,0.622,risk-routed-majority,Risk-routed majority legislature,nonpartisan-commission,Nonpartisan commission appointments,full-anti-capture-bundle,Full anti-capture bundle,balanced tradeoff
486,exact,2322,0.607,0.092,0.622,0.508,0.667,0.626,0.583,0.681,0.604,long-horizon-learning-majority,Long-horizon strategic learning,remand-override-window-package,Constitutional remand with override window,full-anti-capture-bundle,Full anti-capture bundle,balanced tradeoff
487,exact,2323,0.607,0.093,0.598,0.505,0.699,0.630,0.564,0.718,0.622,risk-routed-majority,Risk-routed majority legislature,mandatory-written-emergency-reasoning,Mandatory written emergency reasoning,full-anti-capture-bundle,Full anti-capture bundle,balanced tradeoff
488,exact,2335,0.607,0.093,0.598,0.508,0.693,0.630,0.569,0.721,0.622,risk-routed-majority,Risk-routed majority legislature,accountability-retention-court,Retention-election accountability court,full-anti-capture-bundle,Full anti-capture bundle,balanced tradeoff
489,exact,2347,0.606,0.093,0.598,0.507,0.693,0.630,0.569,0.719,0.622,risk-routed-majority,Risk-routed majority legislature,legislative-override-window,Time-limited legislative override window,full-anti-capture-bundle,Full anti-capture bundle,balanced tradeoff
490,exact,2348,0.606,0.093,0.598,0.506,0.697,0.630,0.566,0.720,0.622,risk-routed-majority,Risk-routed majority legislature,recusal-and-emergency-reform,Peer recusal + reasoned emergency docket,full-anti-capture-bundle,Full anti-capture bundle,balanced tradeoff
491,exact,2351,0.606,0.093,0.598,0.507,0.693,0.630,0.569,0.719,0.622,risk-routed-majority,Risk-routed majority legislature,legislative-override,Judicial review with legislative supermajority override,full-anti-capture-bundle,Full anti-capture bundle,balanced tradeoff
492,exact,2354,0.606,0.092,0.622,0.509,0.664,0.626,0.582,0.687,0.604,long-horizon-learning-majority,Long-horizon strategic learning,constitutional-remand,Constitutional remand before invalidation,full-anti-capture-bundle,Full anti-capture bundle,balanced tradeoff
493,exact,2359,0.606,0.093,0.598,0.506,0.697,0.630,0.563,0.725,0.622,risk-routed-majority,Risk-routed majority legislature,term-limited-balanced,18-year staggered terms + regular appointments,full-anti-capture-bundle,Full anti-capture bundle,balanced tradeoff
494,exact,2364,0.606,0.092,0.622,0.510,0.657,0.626,0.592,0.688,0.604,long-horizon-learning-majority,Long-horizon strategic learning,constitutional-council,Pre-enactment constitutional council,full-anti-capture-bundle,Full anti-capture bundle,balanced tradeoff
495,exact,2421,0.606,0.093,0.598,0.504,0.699,0.630,0.557,0.726,0.622,risk-routed-majority,Risk-routed majority legislature,supermajority-review,60 percent invalidation threshold,full-anti-capture-bundle,Full anti-capture bundle,balanced tradeoff
496,exact,2426,0.606,0.098,0.659,0.473,0.638,0.633,0.548,0.793,0.594,default-pass-challenge,Default pass + challenge vouchers,automatic-merits-follow-up,Automatic merits follow-up for emergency relief,budgeted-disclosed-lobbying,Budgeted disclosed lobbying,balanced tradeoff
497,exact,2427,0.606,0.097,0.659,0.500,0.638,0.598,0.561,0.796,0.594,default-pass-challenge,Default pass + challenge vouchers,automatic-merits-follow-up,Automatic merits follow-up for emergency relief,democracy-vouchers,Democracy vouchers,balanced tradeoff
498,exact,2481,0.605,0.097,0.659,0.474,0.641,0.628,0.560,0.759,0.584,default-pass-challenge,Default pass + challenge vouchers,emergency-restraint-court,No emergency relief without merits review,randomized-audit-sanctions,Randomized audit and sanctions,balanced tradeoff
499,exact,2497,0.605,0.097,0.659,0.474,0.631,0.633,0.555,0.780,0.594,default-pass-challenge,Default pass + challenge vouchers,council-concrete-hybrid,Constitutional council with concrete-review backstop,budgeted-disclosed-lobbying,Budgeted disclosed lobbying,balanced tradeoff
500,exact,2499,0.605,0.096,0.659,0.501,0.631,0.598,0.568,0.784,0.594,default-pass-challenge,Default pass + challenge vouchers,council-concrete-hybrid,Constitutional council with concrete-review backstop,democracy-vouchers,Democracy vouchers,balanced tradeoff
501,exact,2501,0.605,0.097,0.659,0.473,0.639,0.633,0.544,0.775,0.594,default-pass-challenge,Default pass + challenge vouchers,remand-override-window-package,Constitutional remand with override window,budgeted-disclosed-lobbying,Budgeted disclosed lobbying,balanced tradeoff
502,exact,2506,0.605,0.096,0.659,0.500,0.639,0.598,0.556,0.779,0.594,default-pass-challenge,Default pass + challenge vouchers,remand-override-window-package,Constitutional remand with override window,democracy-vouchers,Democracy vouchers,balanced tradeoff
503,exact,2507,0.605,0.093,0.622,0.506,0.657,0.626,0.581,0.701,0.604,long-horizon-learning-majority,Long-horizon strategic learning,panel-en-banc,Three-judge panels with en banc correction,full-anti-capture-bundle,Full anti-capture bundle,balanced tradeoff
504,exact,2513,0.605,0.096,0.583,0.518,0.701,0.601,0.597,0.814,0.600,citizen-initiative-referendum,Citizen initiative and referendum,emergency-restraint-court,No emergency relief without merits review,democracy-vouchers,Democracy vouchers,balanced tradeoff
505,exact,2519,0.605,0.097,0.583,0.492,0.701,0.636,0.584,0.811,0.599,citizen-initiative-referendum,Citizen initiative and referendum,emergency-restraint-court,No emergency relief without merits review,budgeted-disclosed-lobbying,Budgeted disclosed lobbying,balanced tradeoff
506,exact,2528,0.605,0.096,0.659,0.474,0.639,0.628,0.562,0.752,0.584,default-pass-challenge,Default pass + challenge vouchers,emergency-integrity-package,Emergency integrity package,randomized-audit-sanctions,Randomized audit and sanctions,balanced tradeoff
507,exact,2541,0.605,0.097,0.659,0.473,0.636,0.633,0.543,0.781,0.594,default-pass-challenge,Default pass + challenge vouchers,constitutional-remand,Constitutional remand before invalidation,budgeted-disclosed-lobbying,Budgeted disclosed lobbying,balanced tradeoff
508,exact,2543,0.605,0.097,0.659,0.500,0.636,0.598,0.556,0.785,0.594,default-pass-challenge,Default pass + challenge vouchers,constitutional-remand,Constitutional remand before invalidation,democracy-vouchers,Democracy vouchers,balanced tradeoff
509,exact,2554,0.605,0.097,0.659,0.474,0.629,0.633,0.553,0.783,0.594,default-pass-challenge,Default pass + challenge vouchers,constitutional-council,Pre-enactment constitutional council,budgeted-disclosed-lobbying,Budgeted disclosed lobbying,balanced tradeoff
510,exact,2555,0.605,0.096,0.659,0.501,0.629,0.598,0.566,0.786,0.594,default-pass-challenge,Default pass + challenge vouchers,constitutional-council,Pre-enactment constitutional council,democracy-vouchers,Democracy vouchers,balanced tradeoff
511,exact,2556,0.605,0.096,0.583,0.519,0.699,0.601,0.599,0.806,0.600,citizen-initiative-referendum,Citizen initiative and referendum,emergency-integrity-package,Emergency integrity package,democracy-vouchers,Democracy vouchers,balanced tradeoff
512,exact,2572,0.604,0.096,0.583,0.492,0.699,0.636,0.586,0.803,0.599,citizen-initiative-referendum,Citizen initiative and referendum,emergency-integrity-package,Emergency integrity package,budgeted-disclosed-lobbying,Budgeted disclosed lobbying,balanced tradeoff
513,exact,2634,0.604,0.093,0.528,0.508,0.729,0.653,0.607,0.759,0.635,anti-capture-majority-bundle,Majority + anti-capture bundle,emergency-restraint-court,No emergency relief without merits review,full-anti-capture-bundle,Full anti-capture bundle,balanced tradeoff
514,exact,2665,0.604,0.096,0.619,0.515,0.702,0.603,0.504,0.764,0.600,portfolio-hybrid-legislature,Portfolio hybrid legislature,current-us-like,Stylized current U.S.-like supreme court,democracy-vouchers,Democracy vouchers,balanced tradeoff
515,exact,2669,0.604,0.093,0.622,0.507,0.655,0.626,0.570,0.705,0.604,long-horizon-learning-majority,Long-horizon strategic learning,jurisdiction-stripping-constraints,Jurisdiction stripping constrained by rights carveouts,full-anti-capture-bundle,Full anti-capture bundle,balanced tradeoff
516,exact,2675,0.604,0.096,0.619,0.488,0.702,0.637,0.491,0.761,0.599,portfolio-hybrid-legislature,Portfolio hybrid legislature,current-us-like,Stylized current U.S.-like supreme court,budgeted-disclosed-lobbying,Budgeted disclosed lobbying,balanced tradeoff
517,exact,2679,0.604,0.093,0.528,0.508,0.727,0.653,0.609,0.752,0.635,anti-capture-majority-bundle,Majority + anti-capture bundle,emergency-integrity-package,Emergency integrity package,full-anti-capture-bundle,Full anti-capture bundle,balanced tradeoff
518,exact,2681,0.604,0.097,0.659,0.474,0.638,0.628,0.550,0.756,0.584,default-pass-challenge,Default pass + challenge vouchers,automatic-merits-follow-up,Automatic merits follow-up for emergency relief,randomized-audit-sanctions,Randomized audit and sanctions,balanced tradeoff
519,exact,2692,0.603,0.093,0.622,0.506,0.657,0.626,0.566,0.705,0.604,long-horizon-learning-majority,Long-horizon strategic learning,nonpartisan-commission,Nonpartisan commission appointments,full-anti-capture-bundle,Full anti-capture bundle,balanced tradeoff
520,exact,2693,0.603,0.093,0.622,0.505,0.660,0.626,0.562,0.701,0.604,long-horizon-learning-majority,Long-horizon strategic learning,mandatory-written-emergency-reasoning,Mandatory written emergency reasoning,full-anti-capture-bundle,Full anti-capture bundle,balanced tradeoff
521,exact,2700,0.603,0.096,0.583,0.519,0.698,0.601,0.587,0.811,0.600,citizen-initiative-referendum,Citizen initiative and referendum,automatic-merits-follow-up,Automatic merits follow-up for emergency relief,democracy-vouchers,Democracy vouchers,balanced tradeoff
522,exact,2701,0.603,0.093,0.622,0.508,0.654,0.626,0.567,0.704,0.604,long-horizon-learning-majority,Long-horizon strategic learning,accountability-retention-court,Retention-election accountability court,full-anti-capture-bundle,Full anti-capture bundle,balanced tradeoff
523,exact,2708,0.603,0.097,0.583,0.492,0.698,0.636,0.574,0.807,0.599,citizen-initiative-referendum,Citizen initiative and referendum,automatic-merits-follow-up,Automatic merits follow-up for emergency relief,budgeted-disclosed-lobbying,Budgeted disclosed lobbying,balanced tradeoff
524,exact,2711,0.603,0.098,0.659,0.470,0.630,0.633,0.542,0.796,0.594,default-pass-challenge,Default pass + challenge vouchers,panel-en-banc,Three-judge panels with en banc correction,budgeted-disclosed-lobbying,Budgeted disclosed lobbying,balanced tradeoff
525,exact,2714,0.603,0.097,0.659,0.497,0.630,0.598,0.555,0.799,0.594,default-pass-challenge,Default pass + challenge vouchers,panel-en-banc,Three-judge panels with en banc correction,democracy-vouchers,Democracy vouchers,balanced tradeoff
526,exact,2717,0.603,0.093,0.622,0.507,0.654,0.626,0.567,0.703,0.604,long-horizon-learning-majority,Long-horizon strategic learning,legislative-override-window,Time-limited legislative override window,full-anti-capture-bundle,Full anti-capture bundle,balanced tradeoff
527,exact,2720,0.603,0.093,0.622,0.505,0.657,0.626,0.564,0.703,0.604,long-horizon-learning-majority,Long-horizon strategic learning,recusal-and-emergency-reform,Peer recusal + reasoned emergency docket,full-anti-capture-bundle,Full anti-capture bundle,balanced tradeoff
528,exact,2723,0.603,0.093,0.622,0.507,0.653,0.626,0.567,0.703,0.604,long-horizon-learning-majority,Long-horizon strategic learning,legislative-override,Judicial review with legislative supermajority override,full-anti-capture-bundle,Full anti-capture bundle,balanced tradeoff
529,exact,2728,0.603,0.093,0.622,0.505,0.657,0.626,0.561,0.709,0.604,long-horizon-learning-majority,Long-horizon strategic learning,term-limited-balanced,18-year staggered terms + regular appointments,full-anti-capture-bundle,Full anti-capture bundle,balanced tradeoff
530,exact,2741,0.603,0.096,0.659,0.475,0.631,0.628,0.557,0.744,0.584,default-pass-challenge,Default pass + challenge vouchers,council-concrete-hybrid,Constitutional council with concrete-review backstop,randomized-audit-sanctions,Randomized audit and sanctions,balanced tradeoff
531,exact,2754,0.603,0.095,0.583,0.520,0.692,0.601,0.594,0.798,0.600,citizen-initiative-referendum,Citizen initiative and referendum,council-concrete-hybrid,Constitutional council with concrete-review backstop,democracy-vouchers,Democracy vouchers,balanced tradeoff
532,exact,2756,0.603,0.095,0.583,0.519,0.699,0.601,0.582,0.793,0.600,citizen-initiative-referendum,Citizen initiative and referendum,remand-override-window-package,Constitutional remand with override window,democracy-vouchers,Democracy vouchers,balanced tradeoff
533,exact,2759,0.603,0.096,0.583,0.493,0.692,0.636,0.581,0.795,0.599,citizen-initiative-referendum,Citizen initiative and referendum,council-concrete-hybrid,Constitutional council with concrete-review backstop,budgeted-disclosed-lobbying,Budgeted disclosed lobbying,balanced tradeoff
534,exact,2761,0.603,0.096,0.659,0.475,0.636,0.628,0.545,0.745,0.584,default-pass-challenge,Default pass + challenge vouchers,constitutional-remand,Constitutional remand before invalidation,randomized-audit-sanctions,Randomized audit and sanctions,balanced tradeoff
535,exact,2763,0.603,0.096,0.583,0.492,0.699,0.636,0.570,0.790,0.599,citizen-initiative-referendum,Citizen initiative and referendum,remand-override-window-package,Constitutional remand with override window,budgeted-disclosed-lobbying,Budgeted disclosed lobbying,balanced tradeoff
536,exact,2770,0.603,0.093,0.622,0.504,0.659,0.626,0.555,0.710,0.604,long-horizon-learning-majority,Long-horizon strategic learning,supermajority-review,60 percent invalidation threshold,full-anti-capture-bundle,Full anti-capture bundle,balanced tradeoff
537,exact,2775,0.603,0.096,0.659,0.476,0.629,0.628,0.555,0.746,0.584,default-pass-challenge,Default pass + challenge vouchers,constitutional-council,Pre-enactment constitutional council,randomized-audit-sanctions,Randomized audit and sanctions,balanced tradeoff
538,exact,2776,0.602,0.096,0.583,0.493,0.701,0.631,0.586,0.774,0.584,citizen-initiative-referendum,Citizen initiative and referendum,emergency-restraint-court,No emergency relief without merits review,randomized-audit-sanctions,Randomized audit and sanctions,balanced tradeoff
539,exact,2789,0.602,0.093,0.528,0.508,0.726,0.653,0.597,0.756,0.635,anti-capture-majority-bundle,Majority + anti-capture bundle,automatic-merits-follow-up,Automatic merits follow-up for emergency relief,full-anti-capture-bundle,Full anti-capture bundle,balanced tradeoff
540,exact,2790,0.602,0.096,0.583,0.519,0.697,0.601,0.582,0.799,0.600,citizen-initiative-referendum,Citizen initiative and referendum,constitutional-remand,Constitutional remand before invalidation,democracy-vouchers,Democracy vouchers,balanced tradeoff
541,exact,2799,0.602,0.096,0.583,0.492,0.697,0.636,0.569,0.796,0.599,citizen-initiative-referendum,Citizen initiative and referendum,constitutional-remand,Constitutional remand before invalidation,budgeted-disclosed-lobbying,Budgeted disclosed lobbying,balanced tradeoff
542,exact,2800,0.602,0.095,0.583,0.520,0.689,0.601,0.592,0.801,0.600,citizen-initiative-referendum,Citizen initiative and referendum,constitutional-council,Pre-enactment constitutional council,democracy-vouchers,Democracy vouchers,balanced tradeoff
543,exact,2804,0.602,0.096,0.598,0.481,0.708,0.612,0.579,0.771,0.599,risk-routed-majority,Risk-routed majority legislature,emergency-restraint-court,No emergency relief without merits review,budgeted-disclosed-lobbying,Budgeted disclosed lobbying,balanced tradeoff
544,exact,2811,0.602,0.096,0.583,0.493,0.689,0.636,0.579,0.798,0.599,citizen-initiative-referendum,Citizen initiative and referendum,constitutional-council,Pre-enactment constitutional council,budgeted-disclosed-lobbying,Budgeted disclosed lobbying,balanced tradeoff
545,exact,2815,0.602,0.096,0.583,0.493,0.699,0.631,0.588,0.766,0.584,citizen-initiative-referendum,Citizen initiative and referendum,emergency-integrity-package,Emergency integrity package,randomized-audit-sanctions,Randomized audit and sanctions,balanced tradeoff
546,exact,2834,0.602,0.098,0.659,0.471,0.628,0.633,0.531,0.799,0.594,default-pass-challenge,Default pass + challenge vouchers,jurisdiction-stripping-constraints,Jurisdiction stripping constrained by rights carveouts,budgeted-disclosed-lobbying,Budgeted disclosed lobbying,balanced tradeoff
547,exact,2836,0.602,0.097,0.659,0.498,0.628,0.598,0.543,0.802,0.594,default-pass-challenge,Default pass + challenge vouchers,jurisdiction-stripping-constraints,Jurisdiction stripping constrained by rights carveouts,democracy-vouchers,Democracy vouchers,balanced tradeoff
548,exact,2844,0.602,0.096,0.598,0.481,0.706,0.612,0.581,0.763,0.599,risk-routed-majority,Risk-routed majority legislature,emergency-integrity-package,Emergency integrity package,budgeted-disclosed-lobbying,Budgeted disclosed lobbying,balanced tradeoff
549,exact,2861,0.602,0.098,0.659,0.470,0.629,0.633,0.527,0.799,0.594,default-pass-challenge,Default pass + challenge vouchers,nonpartisan-commission,Nonpartisan commission appointments,budgeted-disclosed-lobbying,Budgeted disclosed lobbying,balanced tradeoff
550,exact,2862,0.602,0.098,0.659,0.470,0.632,0.633,0.523,0.796,0.594,default-pass-challenge,Default pass + challenge vouchers,mandatory-written-emergency-reasoning,Mandatory written emergency reasoning,budgeted-disclosed-lobbying,Budgeted disclosed lobbying,balanced tradeoff
551,exact,2864,0.602,0.097,0.659,0.497,0.629,0.598,0.540,0.802,0.594,default-pass-challenge,Default pass + challenge vouchers,nonpartisan-commission,Nonpartisan commission appointments,democracy-vouchers,Democracy vouchers,balanced tradeoff
552,exact,2866,0.602,0.097,0.659,0.497,0.632,0.598,0.536,0.799,0.594,default-pass-challenge,Default pass + challenge vouchers,mandatory-written-emergency-reasoning,Mandatory written emergency reasoning,democracy-vouchers,Democracy vouchers,balanced tradeoff
553,exact,2867,0.602,0.092,0.528,0.509,0.720,0.653,0.604,0.744,0.635,anti-capture-majority-bundle,Majority + anti-capture bundle,council-concrete-hybrid,Constitutional council with concrete-review backstop,full-anti-capture-bundle,Full anti-capture bundle,balanced tradeoff
554,exact,2869,0.602,0.092,0.528,0.508,0.728,0.653,0.593,0.739,0.635,anti-capture-majority-bundle,Majority + anti-capture bundle,remand-override-window-package,Constitutional remand with override window,full-anti-capture-bundle,Full anti-capture bundle,balanced tradeoff
555,exact,2874,0.602,0.098,0.659,0.473,0.626,0.633,0.528,0.799,0.594,default-pass-challenge,Default pass + challenge vouchers,accountability-retention-court,Retention-election accountability court,budgeted-disclosed-lobbying,Budgeted disclosed lobbying,balanced tradeoff
556,exact,2875,0.602,0.097,0.659,0.499,0.626,0.598,0.541,0.802,0.594,default-pass-challenge,Default pass + challenge vouchers,accountability-retention-court,Retention-election accountability court,democracy-vouchers,Democracy vouchers,balanced tradeoff
557,exact,2885,0.602,0.097,0.659,0.474,0.641,0.611,0.560,0.769,0.573,default-pass-challenge,Default pass + challenge vouchers,emergency-restraint-court,No emergency relief without merits review,audit-and-sanctions,Audit and sanctions,balanced tradeoff
558,exact,2893,0.602,0.098,0.659,0.472,0.626,0.633,0.528,0.798,0.594,default-pass-challenge,Default pass + challenge vouchers,legislative-override-window,Time-limited legislative override window,budgeted-disclosed-lobbying,Budgeted disclosed lobbying,balanced tradeoff
559,exact,2896,0.601,0.097,0.659,0.499,0.626,0.598,0.541,0.801,0.594,default-pass-challenge,Default pass + challenge vouchers,legislative-override-window,Time-limited legislative override window,democracy-vouchers,Democracy vouchers,balanced tradeoff
560,exact,2899,0.601,0.098,0.659,0.470,0.630,0.633,0.525,0.798,0.594,default-pass-challenge,Default pass + challenge vouchers,recusal-and-emergency-reform,Peer recusal + reasoned emergency docket,budgeted-disclosed-lobbying,Budgeted disclosed lobbying,balanced tradeoff
561,exact,2900,0.601,0.097,0.659,0.497,0.630,0.598,0.538,0.801,0.594,default-pass-challenge,Default pass + challenge vouchers,recusal-and-emergency-reform,Peer recusal + reasoned emergency docket,democracy-vouchers,Democracy vouchers,balanced tradeoff
562,exact,2902,0.601,0.098,0.659,0.472,0.626,0.633,0.528,0.798,0.594,default-pass-challenge,Default pass + challenge vouchers,legislative-override,Judicial review with legislative supermajority override,budgeted-disclosed-lobbying,Budgeted disclosed lobbying,balanced tradeoff
563,exact,2903,0.601,0.097,0.659,0.499,0.626,0.598,0.541,0.801,0.594,default-pass-challenge,Default pass + challenge vouchers,legislative-override,Judicial review with legislative supermajority override,democracy-vouchers,Democracy vouchers,balanced tradeoff
564,exact,2908,0.601,0.098,0.659,0.470,0.630,0.633,0.522,0.804,0.594,default-pass-challenge,Default pass + challenge vouchers,term-limited-balanced,18-year staggered terms + regular appointments,budgeted-disclosed-lobbying,Budgeted disclosed lobbying,balanced tradeoff
565,exact,2909,0.601,0.093,0.528,0.509,0.725,0.653,0.592,0.744,0.635,anti-capture-majority-bundle,Majority + anti-capture bundle,constitutional-remand,Constitutional remand before invalidation,full-anti-capture-bundle,Full anti-capture bundle,balanced tradeoff
566,exact,2910,0.601,0.097,0.659,0.497,0.630,0.598,0.535,0.807,0.594,default-pass-challenge,Default pass + challenge vouchers,term-limited-balanced,18-year staggered terms + regular appointments,democracy-vouchers,Democracy vouchers,balanced tradeoff
567,exact,2923,0.601,0.092,0.528,0.510,0.718,0.653,0.602,0.746,0.635,anti-capture-majority-bundle,Majority + anti-capture bundle,constitutional-council,Pre-enactment constitutional council,full-anti-capture-bundle,Full anti-capture bundle,balanced tradeoff
568,exact,2951,0.601,0.097,0.659,0.474,0.639,0.611,0.561,0.761,0.573,default-pass-challenge,Default pass + challenge vouchers,emergency-integrity-package,Emergency integrity package,audit-and-sanctions,Audit and sanctions,balanced tradeoff
569,exact,2960,0.601,0.095,0.659,0.499,0.641,0.575,0.577,0.746,0.575,default-pass-challenge,Default pass + challenge vouchers,emergency-restraint-court,No emergency relief without merits review,bundle-with-evasion,Anti-capture bundle with evasion,balanced tradeoff
570,exact,2969,0.601,0.095,0.598,0.507,0.708,0.578,0.592,0.774,0.578,risk-routed-majority,Risk-routed majority legislature,emergency-restraint-court,No emergency relief without merits review,democracy-vouchers,Democracy vouchers,balanced tradeoff
571,exact,2973,0.601,0.096,0.583,0.516,0.690,0.601,0.581,0.814,0.600,citizen-initiative-referendum,Citizen initiative and referendum,panel-en-banc,Three-judge panels with en banc correction,democracy-vouchers,Democracy vouchers,balanced tradeoff
572,exact,2978,0.601,0.096,0.583,0.493,0.698,0.631,0.576,0.771,0.584,citizen-initiative-referendum,Citizen initiative and referendum,automatic-merits-follow-up,Automatic merits follow-up for emergency relief,randomized-audit-sanctions,Randomized audit and sanctions,balanced tradeoff
573,exact,2986,0.601,0.097,0.583,0.489,0.690,0.636,0.568,0.811,0.599,citizen-initiative-referendum,Citizen initiative and referendum,panel-en-banc,Three-judge panels with en banc correction,budgeted-disclosed-lobbying,Budgeted disclosed lobbying,balanced tradeoff
574,exact,2991,0.601,0.098,0.659,0.469,0.631,0.633,0.516,0.804,0.594,default-pass-challenge,Default pass + challenge vouchers,supermajority-review,60 percent invalidation threshold,budgeted-disclosed-lobbying,Budgeted disclosed lobbying,balanced tradeoff
575,exact,2992,0.601,0.097,0.659,0.495,0.631,0.598,0.528,0.808,0.594,default-pass-challenge,Default pass + challenge vouchers,supermajority-review,60 percent invalidation threshold,democracy-vouchers,Democracy vouchers,balanced tradeoff
576,exact,3016,0.601,0.095,0.659,0.499,0.639,0.575,0.579,0.738,0.575,default-pass-challenge,Default pass + challenge vouchers,emergency-integrity-package,Emergency integrity package,bundle-with-evasion,Anti-capture bundle with evasion,balanced tradeoff
577,exact,3023,0.601,0.096,0.598,0.481,0.705,0.612,0.569,0.768,0.599,risk-routed-majority,Risk-routed majority legislature,automatic-merits-follow-up,Automatic merits follow-up for emergency relief,budgeted-disclosed-lobbying,Budgeted disclosed lobbying,balanced tradeoff
578,exact,3036,0.601,0.095,0.598,0.508,0.706,0.578,0.593,0.767,0.578,risk-routed-majority,Risk-routed majority legislature,emergency-integrity-package,Emergency integrity package,democracy-vouchers,Democracy vouchers,balanced tradeoff
579,exact,3074,0.600,0.095,0.583,0.494,0.692,0.631,0.583,0.758,0.584,citizen-initiative-referendum,Citizen initiative and referendum,council-concrete-hybrid,Constitutional council with concrete-review backstop,randomized-audit-sanctions,Randomized audit and sanctions,balanced tradeoff
580,exact,3101,0.600,0.096,0.622,0.480,0.668,0.608,0.577,0.755,0.599,long-horizon-learning-majority,Long-horizon strategic learning,emergency-restraint-court,No emergency relief without merits review,budgeted-disclosed-lobbying,Budgeted disclosed lobbying,balanced tradeoff
581,exact,3112,0.600,0.095,0.598,0.482,0.698,0.612,0.576,0.755,0.599,risk-routed-majority,Risk-routed majority legislature,council-concrete-hybrid,Constitutional council with concrete-review backstop,budgeted-disclosed-lobbying,Budgeted disclosed lobbying,balanced tradeoff
582,exact,3118,0.600,0.093,0.528,0.506,0.718,0.653,0.591,0.759,0.635,anti-capture-majority-bundle,Majority + anti-capture bundle,panel-en-banc,Three-judge panels with en banc correction,full-anti-capture-bundle,Full anti-capture bundle,balanced tradeoff
583,exact,3119,0.600,0.095,0.598,0.481,0.706,0.612,0.564,0.750,0.599,risk-routed-majority,Risk-routed majority legislature,remand-override-window-package,Constitutional remand with override window,budgeted-disclosed-lobbying,Budgeted disclosed lobbying,balanced tradeoff
584,exact,3120,0.600,0.097,0.659,0.474,0.638,0.611,0.550,0.766,0.573,default-pass-challenge,Default pass + challenge vouchers,automatic-merits-follow-up,Automatic merits follow-up for emergency relief,audit-and-sanctions,Audit and sanctions,balanced tradeoff
585,exact,3124,0.600,0.095,0.583,0.494,0.697,0.631,0.571,0.759,0.584,citizen-initiative-referendum,Citizen initiative and referendum,constitutional-remand,Constitutional remand before invalidation,randomized-audit-sanctions,Randomized audit and sanctions,balanced tradeoff
586,exact,3135,0.600,0.095,0.583,0.495,0.689,0.631,0.581,0.761,0.584,citizen-initiative-referendum,Citizen initiative and referendum,constitutional-council,Pre-enactment constitutional council,randomized-audit-sanctions,Randomized audit and sanctions,balanced tradeoff
587,exact,3151,0.600,0.095,0.622,0.481,0.666,0.608,0.579,0.747,0.599,long-horizon-learning-majority,Long-horizon strategic learning,emergency-integrity-package,Emergency integrity package,budgeted-disclosed-lobbying,Budgeted disclosed lobbying,balanced tradeoff
588,exact,3153,0.600,0.095,0.598,0.481,0.703,0.612,0.564,0.756,0.599,risk-routed-majority,Risk-routed majority legislature,constitutional-remand,Constitutional remand before invalidation,budgeted-disclosed-lobbying,Budgeted disclosed lobbying,balanced tradeoff
589,exact,3158,0.600,0.096,0.583,0.517,0.688,0.601,0.569,0.817,0.600,citizen-initiative-referendum,Citizen initiative and referendum,jurisdiction-stripping-constraints,Jurisdiction stripping constrained by rights carveouts,democracy-vouchers,Democracy vouchers,balanced tradeoff
590,exact,3168,0.600,0.093,0.523,0.506,0.727,0.640,0.609,0.760,0.633,influence-system-majority,Campaign-finance influence system,emergency-restraint-court,No emergency relief without merits review,full-anti-capture-bundle,Full anti-capture bundle,balanced tradeoff
591,exact,3169,0.600,0.095,0.598,0.482,0.696,0.612,0.574,0.758,0.599,risk-routed-majority,Risk-routed majority legislature,constitutional-council,Pre-enactment constitutional council,budgeted-disclosed-lobbying,Budgeted disclosed lobbying,balanced tradeoff
592,exact,3170,0.600,0.097,0.583,0.490,0.688,0.636,0.557,0.814,0.599,citizen-initiative-referendum,Citizen initiative and referendum,jurisdiction-stripping-constraints,Jurisdiction stripping constrained by rights carveouts,budgeted-disclosed-lobbying,Budgeted disclosed lobbying,balanced tradeoff
593,exact,3189,0.599,0.096,0.583,0.516,0.689,0.601,0.566,0.817,0.600,citizen-initiative-referendum,Citizen initiative and referendum,nonpartisan-commission,Nonpartisan commission appointments,democracy-vouchers,Democracy vouchers,balanced tradeoff
594,exact,3190,0.599,0.096,0.583,0.516,0.693,0.601,0.562,0.814,0.600,citizen-initiative-referendum,Citizen initiative and referendum,mandatory-written-emergency-reasoning,Mandatory written emergency reasoning,democracy-vouchers,Democracy vouchers,balanced tradeoff
595,exact,3199,0.599,0.095,0.598,0.508,0.705,0.578,0.582,0.771,0.578,risk-routed-majority,Risk-routed majority legislature,automatic-merits-follow-up,Automatic merits follow-up for emergency relief,democracy-vouchers,Democracy vouchers,balanced tradeoff
596,exact,3205,0.599,0.097,0.583,0.489,0.689,0.636,0.553,0.814,0.599,citizen-initiative-referendum,Citizen initiative and referendum,nonpartisan-commission,Nonpartisan commission appointments,budgeted-disclosed-lobbying,Budgeted disclosed lobbying,balanced tradeoff
597,exact,3206,0.599,0.097,0.583,0.489,0.693,0.636,0.549,0.811,0.599,citizen-initiative-referendum,Citizen initiative and referendum,mandatory-written-emergency-reasoning,Mandatory written emergency reasoning,budgeted-disclosed-lobbying,Budgeted disclosed lobbying,balanced tradeoff
598,exact,3213,0.599,0.096,0.583,0.518,0.686,0.601,0.567,0.817,0.600,citizen-initiative-referendum,Citizen initiative and referendum,accountability-retention-court,Retention-election accountability court,democracy-vouchers,Democracy vouchers,balanced tradeoff
599,exact,3216,0.599,0.097,0.659,0.475,0.631,0.611,0.556,0.753,0.573,default-pass-challenge,Default pass + challenge vouchers,council-concrete-hybrid,Constitutional council with concrete-review backstop,audit-and-sanctions,Audit and sanctions,balanced tradeoff
600,exact,3222,0.599,0.097,0.583,0.492,0.686,0.636,0.554,0.814,0.599,citizen-initiative-referendum,Citizen initiative and referendum,accountability-retention-court,Retention-election accountability court,budgeted-disclosed-lobbying,Budgeted disclosed lobbying,balanced tradeoff
601,exact,3224,0.599,0.093,0.523,0.506,0.726,0.640,0.610,0.753,0.633,influence-system-majority,Campaign-finance influence system,emergency-integrity-package,Emergency integrity package,full-anti-capture-bundle,Full anti-capture bundle,balanced tradeoff
602,exact,3227,0.599,0.096,0.583,0.518,0.686,0.601,0.567,0.816,0.600,citizen-initiative-referendum,Citizen initiative and referendum,legislative-override-window,Time-limited legislative override window,democracy-vouchers,Democracy vouchers,balanced tradeoff
603,exact,3229,0.599,0.096,0.583,0.516,0.690,0.601,0.564,0.816,0.600,citizen-initiative-referendum,Citizen initiative and referendum,recusal-and-emergency-reform,Peer recusal + reasoned emergency docket,democracy-vouchers,Democracy vouchers,balanced tradeoff
604,exact,3232,0.599,0.096,0.583,0.518,0.686,0.601,0.567,0.816,0.600,citizen-initiative-referendum,Citizen initiative and referendum,legislative-override,Judicial review with legislative supermajority override,democracy-vouchers,Democracy vouchers,balanced tradeoff
605,exact,3238,0.599,0.097,0.583,0.491,0.686,0.636,0.554,0.812,0.599,citizen-initiative-referendum,Citizen initiative and referendum,legislative-override-window,Time-limited legislative override window,budgeted-disclosed-lobbying,Budgeted disclosed lobbying,balanced tradeoff
606,exact,3242,0.599,0.096,0.583,0.516,0.690,0.601,0.561,0.822,0.600,citizen-initiative-referendum,Citizen initiative and referendum,term-limited-balanced,18-year staggered terms + regular appointments,democracy-vouchers,Democracy vouchers,balanced tradeoff
607,exact,3243,0.599,0.097,0.583,0.489,0.690,0.636,0.551,0.813,0.599,citizen-initiative-referendum,Citizen initiative and referendum,recusal-and-emergency-reform,Peer recusal + reasoned emergency docket,budgeted-disclosed-lobbying,Budgeted disclosed lobbying,balanced tradeoff
608,exact,3246,0.599,0.097,0.583,0.491,0.686,0.636,0.554,0.812,0.599,citizen-initiative-referendum,Citizen initiative and referendum,legislative-override,Judicial review with legislative supermajority override,budgeted-disclosed-lobbying,Budgeted disclosed lobbying,balanced tradeoff
609,exact,3253,0.599,0.097,0.583,0.489,0.690,0.636,0.548,0.818,0.599,citizen-initiative-referendum,Citizen initiative and referendum,term-limited-balanced,18-year staggered terms + regular appointments,budgeted-disclosed-lobbying,Budgeted disclosed lobbying,balanced tradeoff
610,exact,3258,0.599,0.097,0.659,0.474,0.636,0.611,0.545,0.754,0.573,default-pass-challenge,Default pass + challenge vouchers,constitutional-remand,Constitutional remand before invalidation,audit-and-sanctions,Audit and sanctions,balanced tradeoff
611,exact,3273,0.599,0.097,0.659,0.475,0.629,0.611,0.554,0.756,0.573,default-pass-challenge,Default pass + challenge vouchers,constitutional-council,Pre-enactment constitutional council,audit-and-sanctions,Audit and sanctions,balanced tradeoff
612,exact,3278,0.599,0.097,0.583,0.493,0.701,0.614,0.586,0.783,0.573,citizen-initiative-referendum,Citizen initiative and referendum,emergency-restraint-court,No emergency relief without merits review,audit-and-sanctions,Audit and sanctions,balanced tradeoff
613,exact,3298,0.599,0.095,0.598,0.509,0.698,0.578,0.589,0.759,0.578,risk-routed-majority,Risk-routed majority legislature,council-concrete-hybrid,Constitutional council with concrete-review backstop,democracy-vouchers,Democracy vouchers,balanced tradeoff
614,exact,3302,0.599,0.095,0.598,0.508,0.706,0.578,0.577,0.753,0.578,risk-routed-majority,Risk-routed majority legislature,remand-override-window-package,Constitutional remand with override window,democracy-vouchers,Democracy vouchers,balanced tradeoff
615,exact,3304,0.599,0.093,0.528,0.507,0.716,0.653,0.580,0.762,0.635,anti-capture-majority-bundle,Majority + anti-capture bundle,jurisdiction-stripping-constraints,Jurisdiction stripping constrained by rights carveouts,full-anti-capture-bundle,Full anti-capture bundle,balanced tradeoff
616,exact,3315,0.599,0.095,0.583,0.518,0.701,0.579,0.603,0.760,0.579,citizen-initiative-referendum,Citizen initiative and referendum,emergency-restraint-court,No emergency relief without merits review,bundle-with-evasion,Anti-capture bundle with evasion,balanced tradeoff
617,exact,3317,0.599,0.095,0.622,0.507,0.668,0.574,0.590,0.758,0.574,long-horizon-learning-majority,Long-horizon strategic learning,emergency-restraint-court,No emergency relief without merits review,democracy-vouchers,Democracy vouchers,balanced tradeoff
618,exact,3323,0.599,0.096,0.583,0.514,0.692,0.601,0.554,0.822,0.600,citizen-initiative-referendum,Citizen initiative and referendum,supermajority-review,60 percent invalidation threshold,democracy-vouchers,Democracy vouchers,balanced tradeoff
619,exact,3327,0.598,0.096,0.583,0.493,0.699,0.614,0.587,0.776,0.573,citizen-initiative-referendum,Citizen initiative and referendum,emergency-integrity-package,Emergency integrity package,audit-and-sanctions,Audit and sanctions,balanced tradeoff
620,exact,3333,0.598,0.095,0.622,0.481,0.665,0.608,0.567,0.751,0.599,long-horizon-learning-majority,Long-horizon strategic learning,automatic-merits-follow-up,Automatic merits follow-up for emergency relief,budgeted-disclosed-lobbying,Budgeted disclosed lobbying,balanced tradeoff
621,exact,3337,0.598,0.093,0.528,0.506,0.718,0.653,0.576,0.762,0.635,anti-capture-majority-bundle,Majority + anti-capture bundle,nonpartisan-commission,Nonpartisan commission appointments,full-anti-capture-bundle,Full anti-capture bundle,balanced tradeoff
622,exact,3338,0.598,0.093,0.528,0.505,0.721,0.653,0.572,0.759,0.635,anti-capture-majority-bundle,Majority + anti-capture bundle,mandatory-written-emergency-reasoning,Mandatory written emergency reasoning,full-anti-capture-bundle,Full anti-capture bundle,balanced tradeoff
623,exact,3339,0.598,0.097,0.583,0.488,0.692,0.636,0.542,0.819,0.599,citizen-initiative-referendum,Citizen initiative and referendum,supermajority-review,60 percent invalidation threshold,budgeted-disclosed-lobbying,Budgeted disclosed lobbying,balanced tradeoff
624,exact,3341,0.598,0.095,0.598,0.508,0.703,0.578,0.577,0.759,0.578,risk-routed-majority,Risk-routed majority legislature,constitutional-remand,Constitutional remand before invalidation,democracy-vouchers,Democracy vouchers,balanced tradeoff
625,exact,3344,0.598,0.095,0.659,0.501,0.629,0.575,0.572,0.733,0.575,default-pass-challenge,Default pass + challenge vouchers,constitutional-council,Pre-enactment constitutional council,bundle-with-evasion,Anti-capture bundle with evasion,balanced tradeoff
626,exact,3350,0.598,0.093,0.528,0.508,0.714,0.653,0.577,0.762,0.635,anti-capture-majority-bundle,Majority + anti-capture bundle,accountability-retention-court,Retention-election accountability court,full-anti-capture-bundle,Full anti-capture bundle,balanced tradeoff
627,exact,3352,0.598,0.095,0.598,0.509,0.696,0.578,0.587,0.761,0.578,risk-routed-majority,Risk-routed majority legislature,constitutional-council,Pre-enactment constitutional council,democracy-vouchers,Democracy vouchers,balanced tradeoff
628,exact,3368,0.598,0.096,0.598,0.478,0.697,0.612,0.563,0.771,0.599,risk-routed-majority,Risk-routed majority legislature,panel-en-banc,Three-judge panels with en banc correction,budgeted-disclosed-lobbying,Budgeted disclosed lobbying,balanced tradeoff
629,exact,3374,0.598,0.093,0.528,0.507,0.715,0.653,0.577,0.761,0.635,anti-capture-majority-bundle,Majority + anti-capture bundle,legislative-override-window,Time-limited legislative override window,full-anti-capture-bundle,Full anti-capture bundle,balanced tradeoff
630,exact,3377,0.598,0.095,0.583,0.518,0.699,0.579,0.605,0.753,0.579,citizen-initiative-referendum,Citizen initiative and referendum,emergency-integrity-package,Emergency integrity package,bundle-with-evasion,Anti-capture bundle with evasion,balanced tradeoff
631,exact,3379,0.598,0.093,0.528,0.506,0.718,0.653,0.574,0.761,0.635,anti-capture-majority-bundle,Majority + anti-capture bundle,recusal-and-emergency-reform,Peer recusal + reasoned emergency docket,full-anti-capture-bundle,Full anti-capture bundle,balanced tradeoff
632,exact,3380,0.598,0.095,0.622,0.507,0.666,0.574,0.591,0.750,0.574,long-horizon-learning-majority,Long-horizon strategic learning,emergency-integrity-package,Emergency integrity package,democracy-vouchers,Democracy vouchers,balanced tradeoff
633,exact,3381,0.598,0.093,0.528,0.507,0.714,0.653,0.577,0.761,0.635,anti-capture-majority-bundle,Majority + anti-capture bundle,legislative-override,Judicial review with legislative supermajority override,full-anti-capture-bundle,Full anti-capture bundle,balanced tradeoff
634,exact,3389,0.598,0.093,0.528,0.505,0.718,0.653,0.571,0.767,0.635,anti-capture-majority-bundle,Majority + anti-capture bundle,term-limited-balanced,18-year staggered terms + regular appointments,full-anti-capture-bundle,Full anti-capture bundle,balanced tradeoff
635,exact,3402,0.598,0.104,0.759,0.473,0.607,0.493,0.554,0.845,0.492,default-pass,Default pass unless 2/3 block,emergency-restraint-court,No emergency relief without merits review,open-access-lobbying,Open access lobbying,strong delivery; weak subsystem floor
636,exact,3419,0.598,0.095,0.622,0.482,0.659,0.608,0.574,0.739,0.599,long-horizon-learning-majority,Long-horizon strategic learning,council-concrete-hybrid,Constitutional council with concrete-review backstop,budgeted-disclosed-lobbying,Budgeted disclosed lobbying,balanced tradeoff
637,exact,3423,0.598,0.095,0.622,0.481,0.667,0.608,0.562,0.734,0.599,long-horizon-learning-majority,Long-horizon strategic learning,remand-override-window-package,Constitutional remand with override window,budgeted-disclosed-lobbying,Budgeted disclosed lobbying,balanced tradeoff
638,exact,3432,0.598,0.104,0.759,0.473,0.605,0.493,0.555,0.838,0.492,default-pass,Default pass unless 2/3 block,emergency-integrity-package,Emergency integrity package,open-access-lobbying,Open access lobbying,strong delivery; weak subsystem floor
639,exact,3448,0.598,0.093,0.528,0.504,0.720,0.653,0.565,0.768,0.635,anti-capture-majority-bundle,Majority + anti-capture bundle,supermajority-review,60 percent invalidation threshold,full-anti-capture-bundle,Full anti-capture bundle,balanced tradeoff
640,exact,3453,0.598,0.095,0.622,0.481,0.664,0.608,0.562,0.740,0.599,long-horizon-learning-majority,Long-horizon strategic learning,constitutional-remand,Constitutional remand before invalidation,budgeted-disclosed-lobbying,Budgeted disclosed lobbying,balanced tradeoff
641,exact,3464,0.597,0.095,0.622,0.482,0.657,0.608,0.572,0.742,0.599,long-horizon-learning-majority,Long-horizon strategic learning,constitutional-council,Pre-enactment constitutional council,budgeted-disclosed-lobbying,Budgeted disclosed lobbying,balanced tradeoff
642,exact,3481,0.597,0.096,0.583,0.493,0.698,0.614,0.576,0.780,0.573,citizen-initiative-referendum,Citizen initiative and referendum,automatic-merits-follow-up,Automatic merits follow-up for emergency relief,audit-and-sanctions,Audit and sanctions,balanced tradeoff
643,exact,3511,0.597,0.095,0.598,0.505,0.697,0.578,0.576,0.774,0.578,risk-routed-majority,Risk-routed majority legislature,panel-en-banc,Three-judge panels with en banc correction,democracy-vouchers,Democracy vouchers,balanced tradeoff
644,exact,3512,0.597,0.095,0.622,0.507,0.665,0.574,0.580,0.755,0.574,long-horizon-learning-majority,Long-horizon strategic learning,automatic-merits-follow-up,Automatic merits follow-up for emergency relief,democracy-vouchers,Democracy vouchers,balanced tradeoff
645,exact,3515,0.597,0.096,0.598,0.479,0.695,0.612,0.552,0.774,0.599,risk-routed-majority,Risk-routed majority legislature,jurisdiction-stripping-constraints,Jurisdiction stripping constrained by rights carveouts,budgeted-disclosed-lobbying,Budgeted disclosed lobbying,balanced tradeoff
646,exact,3523,0.597,0.093,0.509,0.507,0.727,0.646,0.607,0.761,0.632,anti-capture-access-majority,Anti-capture proposal access + majority,emergency-restraint-court,No emergency relief without merits review,full-anti-capture-bundle,Full anti-capture bundle,balanced tradeoff
647,exact,3539,0.597,0.096,0.598,0.478,0.696,0.612,0.548,0.774,0.599,risk-routed-majority,Risk-routed majority legislature,nonpartisan-commission,Nonpartisan commission appointments,budgeted-disclosed-lobbying,Budgeted disclosed lobbying,balanced tradeoff
648,exact,3541,0.597,0.096,0.598,0.478,0.699,0.612,0.544,0.771,0.599,risk-routed-majority,Risk-routed majority legislature,mandatory-written-emergency-reasoning,Mandatory written emergency reasoning,budgeted-disclosed-lobbying,Budgeted disclosed lobbying,balanced tradeoff
649,exact,3560,0.597,0.096,0.583,0.494,0.692,0.614,0.582,0.768,0.573,citizen-initiative-referendum,Citizen initiative and referendum,council-concrete-hybrid,Constitutional council with concrete-review backstop,audit-and-sanctions,Audit and sanctions,balanced tradeoff
650,exact,3563,0.597,0.096,0.598,0.481,0.693,0.612,0.549,0.774,0.599,risk-routed-majority,Risk-routed majority legislature,accountability-retention-court,Retention-election accountability court,budgeted-disclosed-lobbying,Budgeted disclosed lobbying,balanced tradeoff
651,exact,3573,0.597,0.093,0.509,0.507,0.726,0.646,0.608,0.753,0.632,anti-capture-access-majority,Anti-capture proposal access + majority,emergency-integrity-package,Emergency integrity package,full-anti-capture-bundle,Full anti-capture bundle,balanced tradeoff
652,exact,3584,0.596,0.096,0.598,0.480,0.693,0.612,0.549,0.773,0.599,risk-routed-majority,Risk-routed majority legislature,legislative-override-window,Time-limited legislative override window,budgeted-disclosed-lobbying,Budgeted disclosed lobbying,balanced tradeoff
653,exact,3585,0.596,0.096,0.598,0.478,0.697,0.612,0.546,0.773,0.599,risk-routed-majority,Risk-routed majority legislature,recusal-and-emergency-reform,Peer recusal + reasoned emergency docket,budgeted-disclosed-lobbying,Budgeted disclosed lobbying,balanced tradeoff
654,exact,3587,0.596,0.096,0.598,0.480,0.693,0.612,0.549,0.773,0.599,risk-routed-majority,Risk-routed majority legislature,legislative-override,Judicial review with legislative supermajority override,budgeted-disclosed-lobbying,Budgeted disclosed lobbying,balanced tradeoff
655,exact,3590,0.596,0.104,0.759,0.473,0.604,0.493,0.544,0.842,0.492,default-pass,Default pass unless 2/3 block,automatic-merits-follow-up,Automatic merits follow-up for emergency relief,open-access-lobbying,Open access lobbying,strong delivery; weak subsystem floor
656,exact,3594,0.596,0.096,0.598,0.478,0.697,0.612,0.543,0.779,0.599,risk-routed-majority,Risk-routed majority legislature,term-limited-balanced,18-year staggered terms + regular appointments,budgeted-disclosed-lobbying,Budgeted disclosed lobbying,balanced tradeoff
657,exact,3606,0.596,0.094,0.622,0.508,0.659,0.574,0.587,0.742,0.574,long-horizon-learning-majority,Long-horizon strategic learning,council-concrete-hybrid,Constitutional council with concrete-review backstop,democracy-vouchers,Democracy vouchers,balanced tradeoff
658,exact,3607,0.596,0.096,0.583,0.493,0.697,0.614,0.571,0.769,0.573,citizen-initiative-referendum,Citizen initiative and referendum,constitutional-remand,Constitutional remand before invalidation,audit-and-sanctions,Audit and sanctions,balanced tradeoff
659,exact,3610,0.596,0.094,0.622,0.507,0.667,0.574,0.575,0.737,0.574,long-horizon-learning-majority,Long-horizon strategic learning,remand-override-window-package,Constitutional remand with override window,democracy-vouchers,Democracy vouchers,balanced tradeoff
660,exact,3625,0.596,0.096,0.583,0.494,0.689,0.614,0.580,0.771,0.573,citizen-initiative-referendum,Citizen initiative and referendum,constitutional-council,Pre-enactment constitutional council,audit-and-sanctions,Audit and sanctions,balanced tradeoff
661,exact,3644,0.596,0.096,0.622,0.478,0.657,0.608,0.561,0.755,0.599,long-horizon-learning-majority,Long-horizon strategic learning,panel-en-banc,Three-judge panels with en banc correction,budgeted-disclosed-lobbying,Budgeted disclosed lobbying,balanced tradeoff
662,exact,3662,0.596,0.095,0.622,0.508,0.664,0.574,0.575,0.743,0.574,long-horizon-learning-majority,Long-horizon strategic learning,constitutional-remand,Constitutional remand before invalidation,democracy-vouchers,Democracy vouchers,balanced tradeoff
663,exact,3668,0.596,0.094,0.622,0.509,0.657,0.574,0.585,0.745,0.574,long-horizon-learning-majority,Long-horizon strategic learning,constitutional-council,Pre-enactment constitutional council,democracy-vouchers,Democracy vouchers,balanced tradeoff
664,exact,3675,0.596,0.096,0.598,0.477,0.699,0.612,0.536,0.779,0.599,risk-routed-majority,Risk-routed majority legislature,supermajority-review,60 percent invalidation threshold,budgeted-disclosed-lobbying,Budgeted disclosed lobbying,balanced tradeoff
665,exact,3685,0.596,0.104,0.759,0.474,0.597,0.493,0.550,0.830,0.492,default-pass,Default pass unless 2/3 block,council-concrete-hybrid,Constitutional council with concrete-review backstop,open-access-lobbying,Open access lobbying,strong delivery; weak subsystem floor
666,exact,3690,0.596,0.104,0.759,0.474,0.605,0.493,0.539,0.825,0.492,default-pass,Default pass unless 2/3 block,remand-override-window-package,Constitutional remand with override window,open-access-lobbying,Open access lobbying,strong delivery; weak subsystem floor
667,exact,3702,0.596,0.095,0.598,0.506,0.695,0.578,0.564,0.777,0.578,risk-routed-majority,Risk-routed majority legislature,jurisdiction-stripping-constraints,Jurisdiction stripping constrained by rights carveouts,democracy-vouchers,Democracy vouchers,balanced tradeoff
668,exact,3712,0.596,0.093,0.523,0.504,0.716,0.640,0.592,0.760,0.633,influence-system-majority,Campaign-finance influence system,panel-en-banc,Three-judge panels with en banc correction,full-anti-capture-bundle,Full anti-capture bundle,balanced tradeoff
669,exact,3733,0.595,0.095,0.598,0.505,0.696,0.578,0.561,0.777,0.578,risk-routed-majority,Risk-routed majority legislature,nonpartisan-commission,Nonpartisan commission appointments,democracy-vouchers,Democracy vouchers,balanced tradeoff
670,exact,3735,0.595,0.095,0.598,0.505,0.699,0.578,0.557,0.774,0.578,risk-routed-majority,Risk-routed majority legislature,mandatory-written-emergency-reasoning,Mandatory written emergency reasoning,democracy-vouchers,Democracy vouchers,balanced tradeoff
671,exact,3738,0.595,0.104,0.759,0.474,0.602,0.493,0.539,0.831,0.492,default-pass,Default pass unless 2/3 block,constitutional-remand,Constitutional remand before invalidation,open-access-lobbying,Open access lobbying,strong delivery; weak subsystem floor
672,exact,3744,0.595,0.101,0.745,0.499,0.673,0.478,0.486,0.657,0.478,expanded-portfolio-hybrid-legislature,Expanded portfolio hybrid legislature,current-us-like,Stylized current U.S.-like supreme court,open-access-lobbying,Open access lobbying,strong delivery; weak subsystem floor
673,exact,3746,0.595,0.100,0.635,0.494,0.760,0.480,0.604,0.759,0.480,simple-majority-alternatives-pairwise,Unicameral majority + pairwise alternatives,emergency-restraint-court,No emergency relief without merits review,open-access-lobbying,Open access lobbying,strong rights screen; weak subsystem floor
674,exact,3748,0.595,0.095,0.598,0.507,0.693,0.578,0.561,0.777,0.578,risk-routed-majority,Risk-routed majority legislature,accountability-retention-court,Retention-election accountability court,democracy-vouchers,Democracy vouchers,balanced tradeoff
675,exact,3750,0.595,0.104,0.759,0.475,0.595,0.493,0.548,0.832,0.492,default-pass,Default pass unless 2/3 block,constitutional-council,Pre-enactment constitutional council,open-access-lobbying,Open access lobbying,strong delivery; weak subsystem floor
676,exact,3762,0.595,0.095,0.598,0.507,0.693,0.578,0.562,0.776,0.578,risk-routed-majority,Risk-routed majority legislature,legislative-override-window,Time-limited legislative override window,democracy-vouchers,Democracy vouchers,balanced tradeoff
677,exact,3767,0.595,0.095,0.598,0.505,0.697,0.578,0.558,0.776,0.578,risk-routed-majority,Risk-routed majority legislature,recusal-and-emergency-reform,Peer recusal + reasoned emergency docket,democracy-vouchers,Democracy vouchers,balanced tradeoff
678,exact,3768,0.595,0.095,0.598,0.507,0.693,0.578,0.562,0.776,0.578,risk-routed-majority,Risk-routed majority legislature,legislative-override,Judicial review with legislative supermajority override,democracy-vouchers,Democracy vouchers,balanced tradeoff
679,exact,3780,0.595,0.095,0.598,0.505,0.697,0.578,0.556,0.782,0.578,risk-routed-majority,Risk-routed majority legislature,term-limited-balanced,18-year staggered terms + regular appointments,democracy-vouchers,Democracy vouchers,balanced tradeoff
680,exact,3790,0.595,0.100,0.635,0.494,0.758,0.480,0.606,0.752,0.480,simple-majority-alternatives-pairwise,Unicameral majority + pairwise alternatives,emergency-integrity-package,Emergency integrity package,open-access-lobbying,Open access lobbying,strong rights screen; weak subsystem floor
681,exact,3796,0.595,0.104,0.745,0.494,0.724,0.402,0.584,0.643,0.402,expanded-portfolio-hybrid-legislature,Expanded portfolio hybrid legislature,emergency-restraint-court,No emergency relief without merits review,revolving-door-dominant,Revolving-door dominant,strong delivery; weak subsystem floor
682,exact,3822,0.595,0.096,0.622,0.479,0.655,0.608,0.549,0.758,0.599,long-horizon-learning-majority,Long-horizon strategic learning,jurisdiction-stripping-constraints,Jurisdiction stripping constrained by rights carveouts,budgeted-disclosed-lobbying,Budgeted disclosed lobbying,balanced tradeoff
683,exact,3826,0.595,0.100,0.633,0.494,0.760,0.480,0.604,0.760,0.480,pairwise-amendment-tournament-majority,Pairwise amendment tournament + majority,emergency-restraint-court,No emergency relief without merits review,open-access-lobbying,Open access lobbying,strong rights screen; weak subsystem floor
684,exact,3829,0.595,0.105,0.745,0.487,0.724,0.406,0.586,0.646,0.406,expanded-portfolio-hybrid-legislature,Expanded portfolio hybrid legislature,emergency-restraint-court,No emergency relief without merits review,campaign-finance-dominant,Campaign finance dominant,strong delivery; weak subsystem floor
685,exact,3844,0.595,0.094,0.583,0.514,0.650,0.653,0.499,0.773,0.623,citizen-initiative-referendum,Citizen initiative and referendum,current-us-like,Stylized current U.S.-like supreme court,full-anti-capture-bundle,Full anti-capture bundle,balanced tradeoff
686,exact,3851,0.595,0.095,0.622,0.505,0.657,0.574,0.574,0.758,0.574,long-horizon-learning-majority,Long-horizon strategic learning,panel-en-banc,Three-judge panels with en banc correction,democracy-vouchers,Democracy vouchers,balanced tradeoff
687,exact,3855,0.595,0.096,0.622,0.478,0.657,0.608,0.546,0.758,0.599,long-horizon-learning-majority,Long-horizon strategic learning,nonpartisan-commission,Nonpartisan commission appointments,budgeted-disclosed-lobbying,Budgeted disclosed lobbying,balanced tradeoff
688,exact,3857,0.595,0.096,0.622,0.478,0.660,0.608,0.542,0.755,0.599,long-horizon-learning-majority,Long-horizon strategic learning,mandatory-written-emergency-reasoning,Mandatory written emergency reasoning,budgeted-disclosed-lobbying,Budgeted disclosed lobbying,balanced tradeoff
689,exact,3859,0.595,0.096,0.598,0.503,0.699,0.578,0.549,0.783,0.578,risk-routed-majority,Risk-routed majority legislature,supermajority-review,60 percent invalidation threshold,democracy-vouchers,Democracy vouchers,balanced tradeoff
690,exact,3871,0.594,0.096,0.622,0.480,0.654,0.608,0.547,0.758,0.599,long-horizon-learning-majority,Long-horizon strategic learning,accountability-retention-court,Retention-election accountability court,budgeted-disclosed-lobbying,Budgeted disclosed lobbying,balanced tradeoff
691,exact,3877,0.594,0.100,0.633,0.494,0.758,0.480,0.606,0.752,0.480,pairwise-amendment-tournament-majority,Pairwise amendment tournament + majority,emergency-integrity-package,Emergency integrity package,open-access-lobbying,Open access lobbying,strong rights screen; weak subsystem floor
692,exact,3887,0.594,0.096,0.622,0.480,0.654,0.608,0.547,0.756,0.599,long-horizon-learning-majority,Long-horizon strategic learning,legislative-override-window,Time-limited legislative override window,budgeted-disclosed-lobbying,Budgeted disclosed lobbying,balanced tradeoff
693,exact,3893,0.594,0.093,0.523,0.505,0.714,0.640,0.581,0.764,0.633,influence-system-majority,Campaign-finance influence system,jurisdiction-stripping-constraints,Jurisdiction stripping constrained by rights carveouts,full-anti-capture-bundle,Full anti-capture bundle,balanced tradeoff
694,exact,3894,0.594,0.096,0.622,0.478,0.657,0.608,0.543,0.757,0.599,long-horizon-learning-majority,Long-horizon strategic learning,recusal-and-emergency-reform,Peer recusal + reasoned emergency docket,budgeted-disclosed-lobbying,Budgeted disclosed lobbying,balanced tradeoff
695,exact,3898,0.594,0.096,0.622,0.480,0.653,0.608,0.547,0.756,0.599,long-horizon-learning-majority,Long-horizon strategic learning,legislative-override,Judicial review with legislative supermajority override,budgeted-disclosed-lobbying,Budgeted disclosed lobbying,balanced tradeoff
696,exact,3903,0.594,0.093,0.509,0.509,0.716,0.646,0.601,0.748,0.632,anti-capture-access-majority,Anti-capture proposal access + majority,constitutional-council,Pre-enactment constitutional council,full-anti-capture-bundle,Full anti-capture bundle,balanced tradeoff
697,exact,3906,0.594,0.096,0.622,0.478,0.657,0.608,0.541,0.762,0.599,long-horizon-learning-majority,Long-horizon strategic learning,term-limited-balanced,18-year staggered terms + regular appointments,budgeted-disclosed-lobbying,Budgeted disclosed lobbying,balanced tradeoff
698,exact,3915,0.594,0.097,0.659,0.485,0.641,0.557,0.572,0.763,0.557,default-pass-challenge,Default pass + challenge vouchers,emergency-restraint-court,No emergency relief without merits review,outside-spending-disclosure-evasion,Outside-spending disclosure evasion,balanced tradeoff
699,exact,3932,0.594,0.093,0.523,0.504,0.716,0.640,0.578,0.764,0.633,influence-system-majority,Campaign-finance influence system,nonpartisan-commission,Nonpartisan commission appointments,full-anti-capture-bundle,Full anti-capture bundle,balanced tradeoff
700,exact,3934,0.594,0.093,0.523,0.503,0.719,0.640,0.573,0.761,0.633,influence-system-majority,Campaign-finance influence system,mandatory-written-emergency-reasoning,Mandatory written emergency reasoning,full-anti-capture-bundle,Full anti-capture bundle,balanced tradeoff
701,exact,3940,0.594,0.104,0.759,0.471,0.596,0.493,0.538,0.845,0.492,default-pass,Default pass unless 2/3 block,panel-en-banc,Three-judge panels with en banc correction,open-access-lobbying,Open access lobbying,strong delivery; weak subsystem floor
702,exact,3948,0.594,0.093,0.523,0.506,0.713,0.640,0.578,0.764,0.633,influence-system-majority,Campaign-finance influence system,accountability-retention-court,Retention-election accountability court,full-anti-capture-bundle,Full anti-capture bundle,balanced tradeoff
703,exact,3975,0.594,0.097,0.659,0.485,0.639,0.557,0.573,0.755,0.557,default-pass-challenge,Default pass + challenge vouchers,emergency-integrity-package,Emergency integrity package,outside-spending-disclosure-evasion,Outside-spending disclosure evasion,balanced tradeoff
704,exact,3977,0.594,0.093,0.523,0.504,0.716,0.640,0.575,0.762,0.633,influence-system-majority,Campaign-finance influence system,recusal-and-emergency-reform,Peer recusal + reasoned emergency docket,full-anti-capture-bundle,Full anti-capture bundle,balanced tradeoff
705,exact,3979,0.594,0.100,0.635,0.494,0.757,0.480,0.594,0.756,0.480,simple-majority-alternatives-pairwise,Unicameral majority + pairwise alternatives,automatic-merits-follow-up,Automatic merits follow-up for emergency relief,open-access-lobbying,Open access lobbying,strong rights screen; weak subsystem floor
706,exact,3984,0.594,0.093,0.523,0.503,0.716,0.640,0.572,0.768,0.633,influence-system-majority,Campaign-finance influence system,term-limited-balanced,18-year staggered terms + regular appointments,full-anti-capture-bundle,Full anti-capture bundle,balanced tradeoff
707,exact,4001,0.594,0.096,0.622,0.476,0.659,0.608,0.534,0.763,0.599,long-horizon-learning-majority,Long-horizon strategic learning,supermajority-review,60 percent invalidation threshold,budgeted-disclosed-lobbying,Budgeted disclosed lobbying,balanced tradeoff
708,exact,4060,0.593,0.096,0.528,0.507,0.729,0.601,0.600,0.816,0.600,anti-capture-majority-bundle,Majority + anti-capture bundle,emergency-restraint-court,No emergency relief without merits review,democracy-vouchers,Democracy vouchers,balanced tradeoff
709,exact,4066,0.593,0.095,0.622,0.506,0.655,0.574,0.562,0.761,0.574,long-horizon-learning-majority,Long-horizon strategic learning,jurisdiction-stripping-constraints,Jurisdiction stripping constrained by rights carveouts,democracy-vouchers,Democracy vouchers,balanced tradeoff
710,exact,4076,0.593,0.097,0.528,0.480,0.729,0.636,0.587,0.812,0.599,anti-capture-majority-bundle,Majority + anti-capture bundle,emergency-restraint-court,No emergency relief without merits review,budgeted-disclosed-lobbying,Budgeted disclosed lobbying,balanced tradeoff
711,exact,4084,0.593,0.100,0.633,0.494,0.757,0.480,0.594,0.757,0.480,pairwise-amendment-tournament-majority,Pairwise amendment tournament + majority,automatic-merits-follow-up,Automatic merits follow-up for emergency relief,open-access-lobbying,Open access lobbying,strong rights screen; weak subsystem floor
712,exact,4085,0.593,0.099,0.659,0.487,0.641,0.550,0.572,0.789,0.545,default-pass-challenge,Default pass + challenge vouchers,emergency-restraint-court,No emergency relief without merits review,public-interest-representation-funds,Public-interest representation funds,weak subsystem floor
713,exact,4088,0.593,0.093,0.523,0.502,0.718,0.640,0.566,0.769,0.633,influence-system-majority,Campaign-finance influence system,supermajority-review,60 percent invalidation threshold,full-anti-capture-bundle,Full anti-capture bundle,balanced tradeoff
714,exact,4093,0.593,0.104,0.745,0.487,0.721,0.406,0.576,0.643,0.406,expanded-portfolio-hybrid-legislature,Expanded portfolio hybrid legislature,automatic-merits-follow-up,Automatic merits follow-up for emergency relief,campaign-finance-dominant,Campaign finance dominant,strong delivery; weak subsystem floor
715,exact,4094,0.593,0.099,0.635,0.495,0.751,0.480,0.601,0.744,0.480,simple-majority-alternatives-pairwise,Unicameral majority + pairwise alternatives,council-concrete-hybrid,Constitutional council with concrete-review backstop,open-access-lobbying,Open access lobbying,strong rights screen; weak subsystem floor
716,exact,4099,0.593,0.100,0.635,0.494,0.759,0.480,0.590,0.739,0.480,simple-majority-alternatives-pairwise,Unicameral majority + pairwise alternatives,remand-override-window-package,Constitutional remand with override window,open-access-lobbying,Open access lobbying,strong rights screen; weak subsystem floor
717,exact,4114,0.593,0.095,0.622,0.505,0.657,0.574,0.559,0.761,0.574,long-horizon-learning-majority,Long-horizon strategic learning,nonpartisan-commission,Nonpartisan commission appointments,democracy-vouchers,Democracy vouchers,balanced tradeoff
718,exact,4116,0.593,0.095,0.622,0.504,0.660,0.574,0.555,0.758,0.574,long-horizon-learning-majority,Long-horizon strategic learning,mandatory-written-emergency-reasoning,Mandatory written emergency reasoning,democracy-vouchers,Democracy vouchers,balanced tradeoff
719,exact,4129,0.593,0.096,0.528,0.507,0.727,0.601,0.601,0.808,0.600,anti-capture-majority-bundle,Majority + anti-capture bundle,emergency-integrity-package,Emergency integrity package,democracy-vouchers,Democracy vouchers,balanced tradeoff
720,exact,4131,0.593,0.095,0.622,0.507,0.654,0.574,0.559,0.761,0.574,long-horizon-learning-majority,Long-horizon strategic learning,accountability-retention-court,Retention-election accountability court,democracy-vouchers,Democracy vouchers,balanced tradeoff
721,exact,4135,0.593,0.093,0.509,0.505,0.717,0.646,0.590,0.761,0.632,anti-capture-access-majority,Anti-capture proposal access + majority,panel-en-banc,Three-judge panels with en banc correction,full-anti-capture-bundle,Full anti-capture bundle,balanced tradeoff
722,exact,4144,0.593,0.096,0.528,0.481,0.727,0.636,0.589,0.805,0.599,anti-capture-majority-bundle,Majority + anti-capture bundle,emergency-integrity-package,Emergency integrity package,budgeted-disclosed-lobbying,Budgeted disclosed lobbying,balanced tradeoff
723,exact,4148,0.593,0.100,0.635,0.495,0.756,0.480,0.589,0.745,0.480,simple-majority-alternatives-pairwise,Unicameral majority + pairwise alternatives,constitutional-remand,Constitutional remand before invalidation,open-access-lobbying,Open access lobbying,strong rights screen; weak subsystem floor
724,exact,4151,0.593,0.098,0.659,0.487,0.639,0.550,0.574,0.782,0.545,default-pass-challenge,Default pass + challenge vouchers,emergency-integrity-package,Emergency integrity package,public-interest-representation-funds,Public-interest representation funds,weak subsystem floor
725,exact,4152,0.593,0.095,0.622,0.506,0.654,0.574,0.560,0.760,0.574,long-horizon-learning-majority,Long-horizon strategic learning,legislative-override-window,Time-limited legislative override window,democracy-vouchers,Democracy vouchers,balanced tradeoff
726,exact,4155,0.593,0.095,0.622,0.505,0.657,0.574,0.556,0.760,0.574,long-horizon-learning-majority,Long-horizon strategic learning,recusal-and-emergency-reform,Peer recusal + reasoned emergency docket,democracy-vouchers,Democracy vouchers,balanced tradeoff
727,exact,4161,0.593,0.095,0.622,0.506,0.653,0.574,0.560,0.760,0.574,long-horizon-learning-majority,Long-horizon strategic learning,legislative-override,Judicial review with legislative supermajority override,democracy-vouchers,Democracy vouchers,balanced tradeoff
728,exact,4167,0.593,0.099,0.635,0.496,0.749,0.480,0.599,0.747,0.480,simple-majority-alternatives-pairwise,Unicameral majority + pairwise alternatives,constitutional-council,Pre-enactment constitutional council,open-access-lobbying,Open access lobbying,weak subsystem floor
729,exact,4169,0.593,0.104,0.759,0.472,0.594,0.493,0.526,0.849,0.492,default-pass,Default pass unless 2/3 block,jurisdiction-stripping-constraints,Jurisdiction stripping constrained by rights carveouts,open-access-lobbying,Open access lobbying,strong delivery; weak subsystem floor
730,exact,4171,0.593,0.095,0.622,0.505,0.657,0.574,0.554,0.766,0.574,long-horizon-learning-majority,Long-horizon strategic learning,term-limited-balanced,18-year staggered terms + regular appointments,democracy-vouchers,Democracy vouchers,balanced tradeoff
731,exact,4187,0.593,0.099,0.633,0.495,0.751,0.480,0.601,0.744,0.480,pairwise-amendment-tournament-majority,Pairwise amendment tournament + majority,council-concrete-hybrid,Constitutional council with concrete-review backstop,open-access-lobbying,Open access lobbying,strong rights screen; weak subsystem floor
732,exact,4194,0.592,0.104,0.759,0.471,0.595,0.493,0.523,0.849,0.492,default-pass,Default pass unless 2/3 block,nonpartisan-commission,Nonpartisan commission appointments,open-access-lobbying,Open access lobbying,strong delivery; weak subsystem floor
733,exact,4196,0.592,0.104,0.759,0.471,0.598,0.493,0.519,0.845,0.492,default-pass,Default pass unless 2/3 block,mandatory-written-emergency-reasoning,Mandatory written emergency reasoning,open-access-lobbying,Open access lobbying,strong delivery; weak subsystem floor
734,exact,4197,0.592,0.100,0.633,0.494,0.759,0.480,0.589,0.739,0.480,pairwise-amendment-tournament-majority,Pairwise amendment tournament + majority,remand-override-window-package,Constitutional remand with override window,open-access-lobbying,Open access lobbying,strong rights screen; weak subsystem floor
735,exact,4214,0.592,0.104,0.759,0.473,0.592,0.493,0.523,0.848,0.492,default-pass,Default pass unless 2/3 block,accountability-retention-court,Retention-election accountability court,open-access-lobbying,Open access lobbying,strong delivery; weak subsystem floor
736,exact,4228,0.592,0.104,0.759,0.473,0.592,0.493,0.523,0.847,0.492,default-pass,Default pass unless 2/3 block,legislative-override-window,Time-limited legislative override window,open-access-lobbying,Open access lobbying,strong delivery; weak subsystem floor
737,exact,4235,0.592,0.104,0.759,0.471,0.596,0.493,0.520,0.847,0.492,default-pass,Default pass unless 2/3 block,recusal-and-emergency-reform,Peer recusal + reasoned emergency docket,open-access-lobbying,Open access lobbying,strong delivery; weak subsystem floor
738,exact,4237,0.592,0.104,0.759,0.472,0.592,0.493,0.524,0.847,0.492,default-pass,Default pass unless 2/3 block,legislative-override,Judicial review with legislative supermajority override,open-access-lobbying,Open access lobbying,strong delivery; weak subsystem floor
739,exact,4244,0.592,0.100,0.633,0.495,0.756,0.480,0.589,0.745,0.480,pairwise-amendment-tournament-majority,Pairwise amendment tournament + majority,constitutional-remand,Constitutional remand before invalidation,open-access-lobbying,Open access lobbying,strong rights screen; weak subsystem floor
740,exact,4248,0.592,0.104,0.759,0.471,0.596,0.493,0.517,0.853,0.492,default-pass,Default pass unless 2/3 block,term-limited-balanced,18-year staggered terms + regular appointments,open-access-lobbying,Open access lobbying,strong delivery; weak subsystem floor
741,exact,4251,0.592,0.095,0.622,0.503,0.659,0.574,0.547,0.766,0.574,long-horizon-learning-majority,Long-horizon strategic learning,supermajority-review,60 percent invalidation threshold,democracy-vouchers,Democracy vouchers,balanced tradeoff
742,exact,4260,0.592,0.099,0.633,0.496,0.749,0.480,0.599,0.747,0.480,pairwise-amendment-tournament-majority,Pairwise amendment tournament + majority,constitutional-council,Pre-enactment constitutional council,open-access-lobbying,Open access lobbying,weak subsystem floor
743,exact,4284,0.592,0.093,0.598,0.503,0.657,0.630,0.494,0.733,0.622,risk-routed-majority,Risk-routed majority legislature,current-us-like,Stylized current U.S.-like supreme court,full-anti-capture-bundle,Full anti-capture bundle,balanced tradeoff
744,exact,4289,0.592,0.094,0.491,0.510,0.745,0.629,0.622,0.709,0.618,random-public-review-panel-majority,Random public review panel + majority,emergency-restraint-court,No emergency relief without merits review,full-anti-capture-bundle,Full anti-capture bundle,balanced tradeoff
745,exact,4309,0.592,0.096,0.528,0.507,0.726,0.601,0.590,0.813,0.600,anti-capture-majority-bundle,Majority + anti-capture bundle,automatic-merits-follow-up,Automatic merits follow-up for emergency relief,democracy-vouchers,Democracy vouchers,balanced tradeoff
746,exact,4310,0.592,0.097,0.583,0.504,0.701,0.560,0.598,0.778,0.560,citizen-initiative-referendum,Citizen initiative and referendum,emergency-restraint-court,No emergency relief without merits review,outside-spending-disclosure-evasion,Outside-spending disclosure evasion,balanced tradeoff
747,exact,4314,0.592,0.096,0.528,0.481,0.726,0.636,0.577,0.809,0.599,anti-capture-majority-bundle,Majority + anti-capture bundle,automatic-merits-follow-up,Automatic merits follow-up for emergency relief,budgeted-disclosed-lobbying,Budgeted disclosed lobbying,balanced tradeoff
748,exact,4319,0.592,0.093,0.509,0.506,0.714,0.646,0.579,0.764,0.632,anti-capture-access-majority,Anti-capture proposal access + majority,jurisdiction-stripping-constraints,Jurisdiction stripping constrained by rights carveouts,full-anti-capture-bundle,Full anti-capture bundle,balanced tradeoff
749,exact,4324,0.592,0.104,0.759,0.469,0.598,0.493,0.511,0.854,0.492,default-pass,Default pass unless 2/3 block,supermajority-review,60 percent invalidation threshold,open-access-lobbying,Open access lobbying,strong delivery; weak subsystem floor
750,exact,4329,0.592,0.094,0.491,0.510,0.743,0.629,0.623,0.702,0.618,random-public-review-panel-majority,Random public review panel + majority,emergency-integrity-package,Emergency integrity package,full-anti-capture-bundle,Full anti-capture bundle,balanced tradeoff
751,exact,4349,0.591,0.100,0.635,0.492,0.749,0.480,0.588,0.759,0.480,simple-majority-alternatives-pairwise,Unicameral majority + pairwise alternatives,panel-en-banc,Three-judge panels with en banc correction,open-access-lobbying,Open access lobbying,weak subsystem floor
752,exact,4350,0.591,0.093,0.509,0.505,0.716,0.646,0.575,0.764,0.632,anti-capture-access-majority,Anti-capture proposal access + majority,nonpartisan-commission,Nonpartisan commission appointments,full-anti-capture-bundle,Full anti-capture bundle,balanced tradeoff
753,exact,4352,0.591,0.093,0.509,0.504,0.719,0.646,0.571,0.761,0.632,anti-capture-access-majority,Anti-capture proposal access + majority,mandatory-written-emergency-reasoning,Mandatory written emergency reasoning,full-anti-capture-bundle,Full anti-capture bundle,balanced tradeoff
754,exact,4355,0.591,0.094,0.485,0.510,0.750,0.629,0.623,0.709,0.619,citizen-assembly-threshold,Citizen assembly threshold gate,emergency-restraint-court,No emergency relief without merits review,full-anti-capture-bundle,Full anti-capture bundle,balanced tradeoff
755,exact,4359,0.591,0.096,0.583,0.504,0.699,0.560,0.599,0.770,0.560,citizen-initiative-referendum,Citizen initiative and referendum,emergency-integrity-package,Emergency integrity package,outside-spending-disclosure-evasion,Outside-spending disclosure evasion,balanced tradeoff
756,exact,4363,0.591,0.093,0.509,0.507,0.713,0.646,0.576,0.764,0.632,anti-capture-access-majority,Anti-capture proposal access + majority,accountability-retention-court,Retention-election accountability court,full-anti-capture-bundle,Full anti-capture bundle,balanced tradeoff
757,exact,4379,0.591,0.093,0.509,0.506,0.713,0.646,0.576,0.762,0.632,anti-capture-access-majority,Anti-capture proposal access + majority,legislative-override-window,Time-limited legislative override window,full-anti-capture-bundle,Full anti-capture bundle,balanced tradeoff
758,exact,4381,0.591,0.093,0.509,0.505,0.716,0.646,0.573,0.763,0.632,anti-capture-access-majority,Anti-capture proposal access + majority,recusal-and-emergency-reform,Peer recusal + reasoned emergency docket,full-anti-capture-bundle,Full anti-capture bundle,balanced tradeoff
759,exact,4388,0.591,0.096,0.528,0.508,0.720,0.601,0.597,0.800,0.600,anti-capture-majority-bundle,Majority + anti-capture bundle,council-concrete-hybrid,Constitutional council with concrete-review backstop,democracy-vouchers,Democracy vouchers,balanced tradeoff
760,exact,4390,0.591,0.093,0.509,0.504,0.717,0.646,0.570,0.768,0.632,anti-capture-access-majority,Anti-capture proposal access + majority,term-limited-balanced,18-year staggered terms + regular appointments,full-anti-capture-bundle,Full anti-capture bundle,balanced tradeoff
761,exact,4393,0.591,0.095,0.528,0.508,0.728,0.601,0.585,0.795,0.600,anti-capture-majority-bundle,Majority + anti-capture bundle,remand-override-window-package,Constitutional remand with override window,democracy-vouchers,Democracy vouchers,balanced tradeoff
762,exact,4402,0.591,0.096,0.528,0.482,0.720,0.636,0.584,0.797,0.599,anti-capture-majority-bundle,Majority + anti-capture bundle,council-concrete-hybrid,Constitutional council with concrete-review backstop,budgeted-disclosed-lobbying,Budgeted disclosed lobbying,balanced tradeoff
763,exact,4403,0.591,0.094,0.485,0.511,0.748,0.629,0.624,0.702,0.619,citizen-assembly-threshold,Citizen assembly threshold gate,emergency-integrity-package,Emergency integrity package,full-anti-capture-bundle,Full anti-capture bundle,balanced tradeoff
764,exact,4406,0.591,0.104,0.745,0.492,0.713,0.402,0.568,0.644,0.402,expanded-portfolio-hybrid-legislature,Expanded portfolio hybrid legislature,panel-en-banc,Three-judge panels with en banc correction,revolving-door-dominant,Revolving-door dominant,strong delivery; weak subsystem floor
765,exact,4410,0.591,0.096,0.528,0.481,0.728,0.636,0.572,0.792,0.599,anti-capture-majority-bundle,Majority + anti-capture bundle,remand-override-window-package,Constitutional remand with override window,budgeted-disclosed-lobbying,Budgeted disclosed lobbying,balanced tradeoff
766,exact,4423,0.591,0.096,0.528,0.482,0.729,0.631,0.589,0.776,0.584,anti-capture-majority-bundle,Majority + anti-capture bundle,emergency-restraint-court,No emergency relief without merits review,randomized-audit-sanctions,Randomized audit and sanctions,balanced tradeoff
767,exact,4436,0.591,0.100,0.633,0.492,0.749,0.480,0.588,0.760,0.480,pairwise-amendment-tournament-majority,Pairwise amendment tournament + majority,panel-en-banc,Three-judge panels with en banc correction,open-access-lobbying,Open access lobbying,weak subsystem floor
768,exact,4441,0.591,0.096,0.528,0.508,0.725,0.601,0.585,0.801,0.600,anti-capture-majority-bundle,Majority + anti-capture bundle,constitutional-remand,Constitutional remand before invalidation,democracy-vouchers,Democracy vouchers,balanced tradeoff
769,exact,4443,0.591,0.104,0.745,0.485,0.713,0.406,0.569,0.646,0.406,expanded-portfolio-hybrid-legislature,Expanded portfolio hybrid legislature,panel-en-banc,Three-judge panels with en banc correction,campaign-finance-dominant,Campaign finance dominant,strong delivery; weak subsystem floor
770,exact,4461,0.591,0.096,0.528,0.481,0.725,0.636,0.572,0.798,0.599,anti-capture-majority-bundle,Majority + anti-capture bundle,constitutional-remand,Constitutional remand before invalidation,budgeted-disclosed-lobbying,Budgeted disclosed lobbying,balanced tradeoff
771,exact,4462,0.591,0.096,0.528,0.509,0.718,0.601,0.595,0.803,0.600,anti-capture-majority-bundle,Majority + anti-capture bundle,constitutional-council,Pre-enactment constitutional council,democracy-vouchers,Democracy vouchers,balanced tradeoff
772,exact,4477,0.591,0.096,0.528,0.482,0.718,0.636,0.582,0.800,0.599,anti-capture-majority-bundle,Majority + anti-capture bundle,constitutional-council,Pre-enactment constitutional council,budgeted-disclosed-lobbying,Budgeted disclosed lobbying,balanced tradeoff
773,exact,4492,0.590,0.096,0.528,0.482,0.727,0.631,0.590,0.768,0.584,anti-capture-majority-bundle,Majority + anti-capture bundle,emergency-integrity-package,Emergency integrity package,randomized-audit-sanctions,Randomized audit and sanctions,balanced tradeoff
774,exact,4496,0.590,0.098,0.583,0.506,0.701,0.553,0.598,0.804,0.545,citizen-initiative-referendum,Citizen initiative and referendum,emergency-restraint-court,No emergency relief without merits review,public-interest-representation-funds,Public-interest representation funds,weak subsystem floor
775,exact,4497,0.590,0.093,0.509,0.503,0.718,0.646,0.564,0.769,0.632,anti-capture-access-majority,Anti-capture proposal access + majority,supermajority-review,60 percent invalidation threshold,full-anti-capture-bundle,Full anti-capture bundle,balanced tradeoff
776,exact,4502,0.590,0.094,0.472,0.506,0.749,0.642,0.613,0.767,0.633,citizens-agenda-petition-majority,Citizen agenda petitions + majority,emergency-restraint-court,No emergency relief without merits review,full-anti-capture-bundle,Full anti-capture bundle,balanced tradeoff
777,exact,4531,0.590,0.094,0.491,0.510,0.742,0.629,0.612,0.706,0.618,random-public-review-panel-majority,Random public review panel + majority,automatic-merits-follow-up,Automatic merits follow-up for emergency relief,full-anti-capture-bundle,Full anti-capture bundle,balanced tradeoff
778,exact,4541,0.590,0.100,0.619,0.492,0.753,0.485,0.596,0.780,0.485,portfolio-hybrid-legislature,Portfolio hybrid legislature,emergency-restraint-court,No emergency relief without merits review,open-access-lobbying,Open access lobbying,strong rights screen; weak subsystem floor
779,exact,4549,0.590,0.098,0.583,0.506,0.699,0.553,0.600,0.797,0.545,citizen-initiative-referendum,Citizen initiative and referendum,emergency-integrity-package,Emergency integrity package,public-interest-representation-funds,Public-interest representation funds,weak subsystem floor
780,exact,4552,0.590,0.100,0.635,0.493,0.747,0.480,0.577,0.763,0.480,simple-majority-alternatives-pairwise,Unicameral majority + pairwise alternatives,jurisdiction-stripping-constraints,Jurisdiction stripping constrained by rights carveouts,open-access-lobbying,Open access lobbying,weak subsystem floor
781,exact,4557,0.590,0.094,0.472,0.506,0.747,0.642,0.614,0.760,0.633,citizens-agenda-petition-majority,Citizen agenda petitions + majority,emergency-integrity-package,Emergency integrity package,full-anti-capture-bundle,Full anti-capture bundle,balanced tradeoff
782,exact,4587,0.590,0.100,0.635,0.492,0.749,0.480,0.573,0.763,0.480,simple-majority-alternatives-pairwise,Unicameral majority + pairwise alternatives,nonpartisan-commission,Nonpartisan commission appointments,open-access-lobbying,Open access lobbying,weak subsystem floor
783,exact,4588,0.590,0.100,0.635,0.491,0.752,0.480,0.569,0.760,0.480,simple-majority-alternatives-pairwise,Unicameral majority + pairwise alternatives,mandatory-written-emergency-reasoning,Mandatory written emergency reasoning,open-access-lobbying,Open access lobbying,strong rights screen; weak subsystem floor
784,exact,4596,0.590,0.100,0.619,0.492,0.751,0.485,0.597,0.773,0.485,portfolio-hybrid-legislature,Portfolio hybrid legislature,emergency-integrity-package,Emergency integrity package,open-access-lobbying,Open access lobbying,strong rights screen; weak subsystem floor
785,exact,4606,0.590,0.100,0.635,0.494,0.746,0.480,0.574,0.763,0.480,simple-majority-alternatives-pairwise,Unicameral majority + pairwise alternatives,accountability-retention-court,Retention-election accountability court,open-access-lobbying,Open access lobbying,weak subsystem floor
786,exact,4607,0.590,0.094,0.485,0.511,0.747,0.629,0.613,0.706,0.619,citizen-assembly-threshold,Citizen assembly threshold gate,automatic-merits-follow-up,Automatic merits follow-up for emergency relief,full-anti-capture-bundle,Full anti-capture bundle,balanced tradeoff
787,exact,4624,0.590,0.105,0.745,0.493,0.711,0.402,0.557,0.647,0.402,expanded-portfolio-hybrid-legislature,Expanded portfolio hybrid legislature,jurisdiction-stripping-constraints,Jurisdiction stripping constrained by rights carveouts,revolving-door-dominant,Revolving-door dominant,strong delivery; weak subsystem floor
788,exact,4628,0.590,0.094,0.491,0.511,0.736,0.629,0.619,0.694,0.618,random-public-review-panel-majority,Random public review panel + majority,council-concrete-hybrid,Constitutional council with concrete-review backstop,full-anti-capture-bundle,Full anti-capture bundle,balanced tradeoff
789,exact,4631,0.590,0.100,0.635,0.493,0.746,0.480,0.574,0.761,0.480,simple-majority-alternatives-pairwise,Unicameral majority + pairwise alternatives,legislative-override-window,Time-limited legislative override window,open-access-lobbying,Open access lobbying,weak subsystem floor
790,exact,4632,0.590,0.102,0.723,0.479,0.627,0.479,0.565,0.791,0.479,default-pass-multiround-mediation-challenge,Default pass + multi-round mediation + challenge,emergency-restraint-court,No emergency relief without merits review,open-access-lobbying,Open access lobbying,strong delivery; weak subsystem floor
791,exact,4640,0.590,0.100,0.635,0.492,0.749,0.480,0.571,0.761,0.480,simple-majority-alternatives-pairwise,Unicameral majority + pairwise alternatives,recusal-and-emergency-reform,Peer recusal + reasoned emergency docket,open-access-lobbying,Open access lobbying,weak subsystem floor
792,exact,4641,0.590,0.094,0.500,0.503,0.732,0.626,0.605,0.757,0.616,harm-weighted-majority,Harm-weighted double majority,emergency-restraint-court,No emergency relief without merits review,full-anti-capture-bundle,Full anti-capture bundle,balanced tradeoff
793,exact,4644,0.590,0.100,0.635,0.493,0.745,0.480,0.574,0.761,0.480,simple-majority-alternatives-pairwise,Unicameral majority + pairwise alternatives,legislative-override,Judicial review with legislative supermajority override,open-access-lobbying,Open access lobbying,weak subsystem floor
794,exact,4651,0.590,0.100,0.635,0.491,0.749,0.480,0.568,0.767,0.480,simple-majority-alternatives-pairwise,Unicameral majority + pairwise alternatives,term-limited-balanced,18-year staggered terms + regular appointments,open-access-lobbying,Open access lobbying,weak subsystem floor
795,exact,4655,0.589,0.100,0.633,0.493,0.747,0.480,0.577,0.763,0.480,pairwise-amendment-tournament-majority,Pairwise amendment tournament + majority,jurisdiction-stripping-constraints,Jurisdiction stripping constrained by rights carveouts,open-access-lobbying,Open access lobbying,weak subsystem floor
796,exact,4661,0.589,0.105,0.745,0.486,0.711,0.406,0.558,0.649,0.406,expanded-portfolio-hybrid-legislature,Expanded portfolio hybrid legislature,jurisdiction-stripping-constraints,Jurisdiction stripping constrained by rights carveouts,campaign-finance-dominant,Campaign finance dominant,strong delivery; weak subsystem floor
797,exact,4662,0.589,0.104,0.745,0.492,0.716,0.402,0.549,0.644,0.402,expanded-portfolio-hybrid-legislature,Expanded portfolio hybrid legislature,mandatory-written-emergency-reasoning,Mandatory written emergency reasoning,revolving-door-dominant,Revolving-door dominant,strong delivery; weak subsystem floor
798,exact,4675,0.589,0.094,0.491,0.510,0.741,0.629,0.607,0.695,0.618,random-public-review-panel-majority,Random public review panel + majority,constitutional-remand,Constitutional remand before invalidation,full-anti-capture-bundle,Full anti-capture bundle,balanced tradeoff
799,exact,4677,0.589,0.096,0.528,0.505,0.718,0.601,0.584,0.816,0.600,anti-capture-majority-bundle,Majority + anti-capture bundle,panel-en-banc,Three-judge panels with en banc correction,democracy-vouchers,Democracy vouchers,balanced tradeoff
800,exact,4680,0.589,0.096,0.528,0.482,0.726,0.631,0.579,0.773,0.584,anti-capture-majority-bundle,Majority + anti-capture bundle,automatic-merits-follow-up,Automatic merits follow-up for emergency relief,randomized-audit-sanctions,Randomized audit and sanctions,balanced tradeoff
801,exact,4683,0.589,0.102,0.723,0.479,0.626,0.479,0.567,0.783,0.479,default-pass-multiround-mediation-challenge,Default pass + multi-round mediation + challenge,emergency-integrity-package,Emergency integrity package,open-access-lobbying,Open access lobbying,strong delivery; weak subsystem floor
802,exact,4690,0.589,0.094,0.500,0.503,0.730,0.626,0.607,0.750,0.616,harm-weighted-majority,Harm-weighted double majority,emergency-integrity-package,Emergency integrity package,full-anti-capture-bundle,Full anti-capture bundle,balanced tradeoff
803,exact,4691,0.589,0.100,0.633,0.492,0.749,0.480,0.573,0.763,0.480,pairwise-amendment-tournament-majority,Pairwise amendment tournament + majority,nonpartisan-commission,Nonpartisan commission appointments,open-access-lobbying,Open access lobbying,weak subsystem floor
804,exact,4694,0.589,0.097,0.528,0.478,0.718,0.636,0.571,0.812,0.599,anti-capture-majority-bundle,Majority + anti-capture bundle,panel-en-banc,Three-judge panels with en banc correction,budgeted-disclosed-lobbying,Budgeted disclosed lobbying,balanced tradeoff
805,exact,4696,0.589,0.100,0.633,0.491,0.752,0.480,0.569,0.760,0.480,pairwise-amendment-tournament-majority,Pairwise amendment tournament + majority,mandatory-written-emergency-reasoning,Mandatory written emergency reasoning,open-access-lobbying,Open access lobbying,strong rights screen; weak subsystem floor
806,exact,4698,0.589,0.093,0.491,0.511,0.734,0.629,0.617,0.696,0.618,random-public-review-panel-majority,Random public review panel + majority,constitutional-council,Pre-enactment constitutional council,full-anti-capture-bundle,Full anti-capture bundle,balanced tradeoff
807,exact,4703,0.589,0.105,0.745,0.484,0.716,0.406,0.550,0.646,0.406,expanded-portfolio-hybrid-legislature,Expanded portfolio hybrid legislature,mandatory-written-emergency-reasoning,Mandatory written emergency reasoning,campaign-finance-dominant,Campaign finance dominant,strong delivery; weak subsystem floor
808,exact,4716,0.589,0.100,0.633,0.494,0.746,0.480,0.574,0.763,0.480,pairwise-amendment-tournament-majority,Pairwise amendment tournament + majority,accountability-retention-court,Retention-election accountability court,open-access-lobbying,Open access lobbying,weak subsystem floor
809,exact,4720,0.589,0.105,0.745,0.492,0.713,0.402,0.548,0.651,0.402,expanded-portfolio-hybrid-legislature,Expanded portfolio hybrid legislature,term-limited-balanced,18-year staggered terms + regular appointments,revolving-door-dominant,Revolving-door dominant,strong delivery; weak subsystem floor
810,exact,4722,0.589,0.094,0.485,0.512,0.740,0.629,0.619,0.694,0.619,citizen-assembly-threshold,Citizen assembly threshold gate,council-concrete-hybrid,Constitutional council with concrete-review backstop,full-anti-capture-bundle,Full anti-capture bundle,balanced tradeoff
811,exact,4745,0.589,0.100,0.633,0.493,0.746,0.480,0.574,0.762,0.480,pairwise-amendment-tournament-majority,Pairwise amendment tournament + majority,legislative-override-window,Time-limited legislative override window,open-access-lobbying,Open access lobbying,weak subsystem floor
812,exact,4751,0.589,0.100,0.633,0.492,0.749,0.480,0.571,0.762,0.480,pairwise-amendment-tournament-majority,Pairwise amendment tournament + majority,recusal-and-emergency-reform,Peer recusal + reasoned emergency docket,open-access-lobbying,Open access lobbying,weak subsystem floor
813,exact,4753,0.589,0.100,0.635,0.490,0.751,0.480,0.561,0.768,0.480,simple-majority-alternatives-pairwise,Unicameral majority + pairwise alternatives,supermajority-review,60 percent invalidation threshold,open-access-lobbying,Open access lobbying,strong rights screen; weak subsystem floor
814,exact,4754,0.589,0.097,0.523,0.479,0.727,0.623,0.588,0.814,0.599,influence-system-majority,Campaign-finance influence system,emergency-restraint-court,No emergency relief without merits review,budgeted-disclosed-lobbying,Budgeted disclosed lobbying,balanced tradeoff
815,exact,4756,0.589,0.100,0.633,0.493,0.745,0.480,0.574,0.762,0.480,pairwise-amendment-tournament-majority,Pairwise amendment tournament + majority,legislative-override,Judicial review with legislative supermajority override,open-access-lobbying,Open access lobbying,weak subsystem floor
816,exact,4759,0.589,0.105,0.745,0.486,0.709,0.406,0.555,0.647,0.406,expanded-portfolio-hybrid-legislature,Expanded portfolio hybrid legislature,legislative-override,Judicial review with legislative supermajority override,campaign-finance-dominant,Campaign finance dominant,strong delivery; weak subsystem floor
817,exact,4765,0.589,0.100,0.633,0.491,0.749,0.480,0.568,0.768,0.480,pairwise-amendment-tournament-majority,Pairwise amendment tournament + majority,term-limited-balanced,18-year staggered terms + regular appointments,open-access-lobbying,Open access lobbying,weak subsystem floor
818,exact,4769,0.589,0.105,0.745,0.484,0.713,0.406,0.549,0.653,0.406,expanded-portfolio-hybrid-legislature,Expanded portfolio hybrid legislature,term-limited-balanced,18-year staggered terms + regular appointments,campaign-finance-dominant,Campaign finance dominant,strong delivery; weak subsystem floor
819,exact,4772,0.589,0.094,0.472,0.506,0.746,0.642,0.603,0.764,0.633,citizens-agenda-petition-majority,Citizen agenda petitions + majority,automatic-merits-follow-up,Automatic merits follow-up for emergency relief,full-anti-capture-bundle,Full anti-capture bundle,balanced tradeoff
820,exact,4787,0.589,0.094,0.485,0.511,0.745,0.629,0.608,0.695,0.619,citizen-assembly-threshold,Citizen assembly threshold gate,constitutional-remand,Constitutional remand before invalidation,full-anti-capture-bundle,Full anti-capture bundle,balanced tradeoff
821,exact,4805,0.589,0.094,0.485,0.512,0.738,0.629,0.617,0.696,0.619,citizen-assembly-threshold,Citizen assembly threshold gate,constitutional-council,Pre-enactment constitutional council,full-anti-capture-bundle,Full anti-capture bundle,balanced tradeoff
822,exact,4807,0.589,0.093,0.622,0.502,0.617,0.626,0.492,0.717,0.604,long-horizon-learning-majority,Long-horizon strategic learning,current-us-like,Stylized current U.S.-like supreme court,full-anti-capture-bundle,Full anti-capture bundle,balanced tradeoff
823,exact,4816,0.589,0.095,0.528,0.483,0.720,0.631,0.586,0.760,0.584,anti-capture-majority-bundle,Majority + anti-capture bundle,council-concrete-hybrid,Constitutional council with concrete-review backstop,randomized-audit-sanctions,Randomized audit and sanctions,balanced tradeoff
824,exact,4818,0.589,0.100,0.619,0.492,0.750,0.485,0.586,0.777,0.485,portfolio-hybrid-legislature,Portfolio hybrid legislature,automatic-merits-follow-up,Automatic merits follow-up for emergency relief,open-access-lobbying,Open access lobbying,strong rights screen; weak subsystem floor
825,exact,4825,0.589,0.097,0.523,0.479,0.726,0.623,0.590,0.806,0.599,influence-system-majority,Campaign-finance influence system,emergency-integrity-package,Emergency integrity package,budgeted-disclosed-lobbying,Budgeted disclosed lobbying,balanced tradeoff
826,exact,4836,0.589,0.105,0.745,0.490,0.715,0.402,0.542,0.652,0.402,expanded-portfolio-hybrid-legislature,Expanded portfolio hybrid legislature,supermajority-review,60 percent invalidation threshold,revolving-door-dominant,Revolving-door dominant,strong delivery; weak subsystem floor
827,exact,4857,0.588,0.100,0.633,0.490,0.751,0.480,0.561,0.768,0.480,pairwise-amendment-tournament-majority,Pairwise amendment tournament + majority,supermajority-review,60 percent invalidation threshold,open-access-lobbying,Open access lobbying,strong rights screen; weak subsystem floor
828,exact,4861,0.588,0.105,0.745,0.483,0.715,0.406,0.543,0.654,0.406,expanded-portfolio-hybrid-legislature,Expanded portfolio hybrid legislature,supermajority-review,60 percent invalidation threshold,campaign-finance-dominant,Campaign finance dominant,strong delivery; weak subsystem floor
829,exact,4863,0.588,0.096,0.523,0.505,0.727,0.588,0.601,0.817,0.588,influence-system-majority,Campaign-finance influence system,emergency-restraint-court,No emergency relief without merits review,democracy-vouchers,Democracy vouchers,balanced tradeoff
830,exact,4864,0.588,0.095,0.528,0.483,0.725,0.631,0.574,0.761,0.584,anti-capture-majority-bundle,Majority + anti-capture bundle,constitutional-remand,Constitutional remand before invalidation,randomized-audit-sanctions,Randomized audit and sanctions,balanced tradeoff
831,exact,4879,0.588,0.094,0.472,0.507,0.739,0.642,0.609,0.752,0.633,citizens-agenda-petition-majority,Citizen agenda petitions + majority,council-concrete-hybrid,Constitutional council with concrete-review backstop,full-anti-capture-bundle,Full anti-capture bundle,balanced tradeoff
832,exact,4881,0.588,0.095,0.528,0.484,0.718,0.631,0.584,0.763,0.584,anti-capture-majority-bundle,Majority + anti-capture bundle,constitutional-council,Pre-enactment constitutional council,randomized-audit-sanctions,Randomized audit and sanctions,balanced tradeoff
833,exact,4884,0.588,0.094,0.472,0.506,0.747,0.642,0.598,0.747,0.633,citizens-agenda-petition-majority,Citizen agenda petitions + majority,remand-override-window-package,Constitutional remand with override window,full-anti-capture-bundle,Full anti-capture bundle,balanced tradeoff
834,exact,4913,0.588,0.102,0.723,0.479,0.624,0.479,0.555,0.788,0.479,default-pass-multiround-mediation-challenge,Default pass + multi-round mediation + challenge,automatic-merits-follow-up,Automatic merits follow-up for emergency relief,open-access-lobbying,Open access lobbying,strong delivery; weak subsystem floor
835,exact,4917,0.588,0.096,0.528,0.506,0.716,0.601,0.572,0.819,0.600,anti-capture-majority-bundle,Majority + anti-capture bundle,jurisdiction-stripping-constraints,Jurisdiction stripping constrained by rights carveouts,democracy-vouchers,Democracy vouchers,balanced tradeoff
836,exact,4927,0.588,0.100,0.619,0.493,0.744,0.485,0.592,0.765,0.485,portfolio-hybrid-legislature,Portfolio hybrid legislature,council-concrete-hybrid,Constitutional council with concrete-review backstop,open-access-lobbying,Open access lobbying,weak subsystem floor
837,exact,4932,0.588,0.097,0.528,0.479,0.716,0.636,0.559,0.816,0.599,anti-capture-majority-bundle,Majority + anti-capture bundle,jurisdiction-stripping-constraints,Jurisdiction stripping constrained by rights carveouts,budgeted-disclosed-lobbying,Budgeted disclosed lobbying,balanced tradeoff
838,exact,4933,0.588,0.096,0.523,0.505,0.726,0.588,0.603,0.809,0.588,influence-system-majority,Campaign-finance influence system,emergency-integrity-package,Emergency integrity package,democracy-vouchers,Democracy vouchers,balanced tradeoff
839,exact,4934,0.588,0.100,0.619,0.492,0.752,0.485,0.581,0.759,0.485,portfolio-hybrid-legislature,Portfolio hybrid legislature,remand-override-window-package,Constitutional remand with override window,open-access-lobbying,Open access lobbying,strong rights screen; weak subsystem floor
840,exact,4945,0.588,0.093,0.491,0.507,0.734,0.629,0.606,0.709,0.618,random-public-review-panel-majority,Random public review panel + majority,panel-en-banc,Three-judge panels with en banc correction,full-anti-capture-bundle,Full anti-capture bundle,balanced tradeoff
841,exact,4946,0.588,0.094,0.472,0.506,0.744,0.642,0.598,0.753,0.633,citizens-agenda-petition-majority,Citizen agenda petitions + majority,constitutional-remand,Constitutional remand before invalidation,full-anti-capture-bundle,Full anti-capture bundle,balanced tradeoff
842,exact,4962,0.588,0.094,0.472,0.507,0.737,0.642,0.607,0.754,0.633,citizens-agenda-petition-majority,Citizen agenda petitions + majority,constitutional-council,Pre-enactment constitutional council,full-anti-capture-bundle,Full anti-capture bundle,balanced tradeoff
843,exact,4963,0.588,0.096,0.528,0.505,0.718,0.601,0.569,0.819,0.600,anti-capture-majority-bundle,Majority + anti-capture bundle,nonpartisan-commission,Nonpartisan commission appointments,democracy-vouchers,Democracy vouchers,balanced tradeoff
844,exact,4964,0.588,0.096,0.528,0.505,0.721,0.601,0.565,0.816,0.600,anti-capture-majority-bundle,Majority + anti-capture bundle,mandatory-written-emergency-reasoning,Mandatory written emergency reasoning,democracy-vouchers,Democracy vouchers,balanced tradeoff
845,exact,4979,0.588,0.097,0.528,0.478,0.718,0.636,0.556,0.816,0.599,anti-capture-majority-bundle,Majority + anti-capture bundle,nonpartisan-commission,Nonpartisan commission appointments,budgeted-disclosed-lobbying,Budgeted disclosed lobbying,balanced tradeoff
846,exact,4981,0.588,0.097,0.528,0.478,0.721,0.636,0.552,0.813,0.599,anti-capture-majority-bundle,Majority + anti-capture bundle,mandatory-written-emergency-reasoning,Mandatory written emergency reasoning,budgeted-disclosed-lobbying,Budgeted disclosed lobbying,balanced tradeoff
847,exact,4986,0.588,0.096,0.528,0.507,0.714,0.601,0.569,0.819,0.600,anti-capture-majority-bundle,Majority + anti-capture bundle,accountability-retention-court,Retention-election accountability court,democracy-vouchers,Democracy vouchers,balanced tradeoff
848,exact,4997,0.588,0.100,0.619,0.493,0.749,0.485,0.581,0.765,0.485,portfolio-hybrid-legislature,Portfolio hybrid legislature,constitutional-remand,Constitutional remand before invalidation,open-access-lobbying,Open access lobbying,weak subsystem floor
849,exact,5004,0.588,0.097,0.528,0.480,0.714,0.636,0.557,0.816,0.599,anti-capture-majority-bundle,Majority + anti-capture bundle,accountability-retention-court,Retention-election accountability court,budgeted-disclosed-lobbying,Budgeted disclosed lobbying,balanced tradeoff
850,exact,5006,0.588,0.094,0.515,0.513,0.706,0.622,0.588,0.757,0.602,district-population-majority,District-population public-will model,emergency-restraint-court,No emergency relief without merits review,full-anti-capture-bundle,Full anti-capture bundle,balanced tradeoff
851,exact,5013,0.588,0.096,0.528,0.507,0.715,0.601,0.570,0.818,0.600,anti-capture-majority-bundle,Majority + anti-capture bundle,legislative-override-window,Time-limited legislative override window,democracy-vouchers,Democracy vouchers,balanced tradeoff
852,exact,5016,0.588,0.100,0.619,0.494,0.742,0.485,0.590,0.767,0.485,portfolio-hybrid-legislature,Portfolio hybrid legislature,constitutional-council,Pre-enactment constitutional council,open-access-lobbying,Open access lobbying,weak subsystem floor
853,exact,5018,0.588,0.096,0.528,0.505,0.718,0.601,0.566,0.818,0.600,anti-capture-majority-bundle,Majority + anti-capture bundle,recusal-and-emergency-reform,Peer recusal + reasoned emergency docket,democracy-vouchers,Democracy vouchers,balanced tradeoff
854,exact,5024,0.587,0.096,0.528,0.506,0.714,0.601,0.570,0.817,0.600,anti-capture-majority-bundle,Majority + anti-capture bundle,legislative-override,Judicial review with legislative supermajority override,democracy-vouchers,Democracy vouchers,balanced tradeoff
855,exact,5034,0.587,0.097,0.528,0.480,0.715,0.636,0.557,0.814,0.599,anti-capture-majority-bundle,Majority + anti-capture bundle,legislative-override-window,Time-limited legislative override window,budgeted-disclosed-lobbying,Budgeted disclosed lobbying,balanced tradeoff
856,exact,5037,0.587,0.096,0.528,0.505,0.718,0.601,0.564,0.823,0.600,anti-capture-majority-bundle,Majority + anti-capture bundle,term-limited-balanced,18-year staggered terms + regular appointments,democracy-vouchers,Democracy vouchers,balanced tradeoff
857,exact,5038,0.587,0.097,0.528,0.478,0.718,0.636,0.553,0.814,0.599,anti-capture-majority-bundle,Majority + anti-capture bundle,recusal-and-emergency-reform,Peer recusal + reasoned emergency docket,budgeted-disclosed-lobbying,Budgeted disclosed lobbying,balanced tradeoff
858,exact,5042,0.587,0.097,0.528,0.480,0.714,0.636,0.557,0.814,0.599,anti-capture-majority-bundle,Majority + anti-capture bundle,legislative-override,Judicial review with legislative supermajority override,budgeted-disclosed-lobbying,Budgeted disclosed lobbying,balanced tradeoff
859,exact,5047,0.587,0.102,0.723,0.480,0.618,0.479,0.562,0.775,0.479,default-pass-multiround-mediation-challenge,Default pass + multi-round mediation + challenge,council-concrete-hybrid,Constitutional council with concrete-review backstop,open-access-lobbying,Open access lobbying,strong delivery; weak subsystem floor
860,exact,5051,0.587,0.097,0.528,0.478,0.718,0.636,0.551,0.820,0.599,anti-capture-majority-bundle,Majority + anti-capture bundle,term-limited-balanced,18-year staggered terms + regular appointments,budgeted-disclosed-lobbying,Budgeted disclosed lobbying,balanced tradeoff
861,exact,5057,0.587,0.102,0.723,0.479,0.626,0.479,0.551,0.770,0.479,default-pass-multiround-mediation-challenge,Default pass + multi-round mediation + challenge,remand-override-window-package,Constitutional remand with override window,open-access-lobbying,Open access lobbying,strong delivery; weak subsystem floor
862,exact,5059,0.587,0.093,0.485,0.508,0.739,0.629,0.607,0.709,0.619,citizen-assembly-threshold,Citizen assembly threshold gate,panel-en-banc,Three-judge panels with en banc correction,full-anti-capture-bundle,Full anti-capture bundle,balanced tradeoff
863,exact,5060,0.587,0.093,0.500,0.504,0.730,0.626,0.591,0.737,0.616,harm-weighted-majority,Harm-weighted double majority,remand-override-window-package,Constitutional remand with override window,full-anti-capture-bundle,Full anti-capture bundle,balanced tradeoff
864,exact,5079,0.587,0.097,0.528,0.481,0.729,0.614,0.588,0.785,0.573,anti-capture-majority-bundle,Majority + anti-capture bundle,emergency-restraint-court,No emergency relief without merits review,audit-and-sanctions,Audit and sanctions,balanced tradeoff
865,exact,5080,0.587,0.094,0.515,0.513,0.704,0.622,0.590,0.750,0.602,district-population-majority,District-population public-will model,emergency-integrity-package,Emergency integrity package,full-anti-capture-bundle,Full anti-capture bundle,balanced tradeoff
866,exact,5108,0.587,0.102,0.723,0.480,0.623,0.479,0.550,0.776,0.479,default-pass-multiround-mediation-challenge,Default pass + multi-round mediation + challenge,constitutional-remand,Constitutional remand before invalidation,open-access-lobbying,Open access lobbying,strong delivery; weak subsystem floor
867,exact,5119,0.587,0.102,0.723,0.481,0.616,0.479,0.560,0.778,0.479,default-pass-multiround-mediation-challenge,Default pass + multi-round mediation + challenge,constitutional-council,Pre-enactment constitutional council,open-access-lobbying,Open access lobbying,strong delivery; weak subsystem floor
868,exact,5122,0.587,0.097,0.598,0.495,0.708,0.529,0.593,0.764,0.529,risk-routed-majority,Risk-routed majority legislature,emergency-restraint-court,No emergency relief without merits review,public-interest-representation-funds,Public-interest representation funds,weak subsystem floor
869,exact,5124,0.587,0.095,0.528,0.507,0.729,0.578,0.606,0.762,0.578,anti-capture-majority-bundle,Majority + anti-capture bundle,emergency-restraint-court,No emergency relief without merits review,bundle-with-evasion,Anti-capture bundle with evasion,balanced tradeoff
870,exact,5129,0.587,0.096,0.528,0.503,0.720,0.601,0.557,0.824,0.600,anti-capture-majority-bundle,Majority + anti-capture bundle,supermajority-review,60 percent invalidation threshold,democracy-vouchers,Democracy vouchers,balanced tradeoff
871,exact,5134,0.587,0.096,0.528,0.482,0.727,0.614,0.590,0.778,0.573,anti-capture-majority-bundle,Majority + anti-capture bundle,emergency-integrity-package,Emergency integrity package,audit-and-sanctions,Audit and sanctions,balanced tradeoff
872,exact,5149,0.587,0.097,0.528,0.477,0.720,0.636,0.544,0.821,0.599,anti-capture-majority-bundle,Majority + anti-capture bundle,supermajority-review,60 percent invalidation threshold,budgeted-disclosed-lobbying,Budgeted disclosed lobbying,balanced tradeoff
873,exact,5182,0.587,0.093,0.491,0.508,0.732,0.629,0.594,0.713,0.618,random-public-review-panel-majority,Random public review panel + majority,jurisdiction-stripping-constraints,Jurisdiction stripping constrained by rights carveouts,full-anti-capture-bundle,Full anti-capture bundle,balanced tradeoff
874,exact,5183,0.587,0.096,0.523,0.480,0.727,0.617,0.590,0.777,0.584,influence-system-majority,Campaign-finance influence system,emergency-restraint-court,No emergency relief without merits review,randomized-audit-sanctions,Randomized audit and sanctions,balanced tradeoff
875,exact,5189,0.587,0.097,0.598,0.495,0.706,0.529,0.594,0.757,0.529,risk-routed-majority,Risk-routed majority legislature,emergency-integrity-package,Emergency integrity package,public-interest-representation-funds,Public-interest representation funds,weak subsystem floor
876,exact,5191,0.587,0.095,0.528,0.507,0.727,0.578,0.608,0.755,0.578,anti-capture-majority-bundle,Majority + anti-capture bundle,emergency-integrity-package,Emergency integrity package,bundle-with-evasion,Anti-capture bundle with evasion,balanced tradeoff
877,exact,5208,0.586,0.094,0.472,0.503,0.738,0.642,0.597,0.767,0.633,citizens-agenda-petition-majority,Citizen agenda petitions + majority,panel-en-banc,Three-judge panels with en banc correction,full-anti-capture-bundle,Full anti-capture bundle,balanced tradeoff
878,exact,5224,0.586,0.093,0.491,0.507,0.734,0.629,0.591,0.713,0.618,random-public-review-panel-majority,Random public review panel + majority,nonpartisan-commission,Nonpartisan commission appointments,full-anti-capture-bundle,Full anti-capture bundle,balanced tradeoff
879,exact,5227,0.586,0.093,0.491,0.507,0.737,0.629,0.587,0.709,0.618,random-public-review-panel-majority,Random public review panel + majority,mandatory-written-emergency-reasoning,Mandatory written emergency reasoning,full-anti-capture-bundle,Full anti-capture bundle,balanced tradeoff
880,exact,5234,0.586,0.094,0.483,0.504,0.738,0.627,0.613,0.732,0.613,public-objection-majority,Public objection window + majority,emergency-restraint-court,No emergency relief without merits review,full-anti-capture-bundle,Full anti-capture bundle,balanced tradeoff
881,exact,5242,0.586,0.097,0.509,0.479,0.727,0.629,0.586,0.814,0.599,anti-capture-access-majority,Anti-capture proposal access + majority,emergency-restraint-court,No emergency relief without merits review,budgeted-disclosed-lobbying,Budgeted disclosed lobbying,balanced tradeoff
882,exact,5251,0.586,0.093,0.491,0.510,0.730,0.629,0.591,0.712,0.618,random-public-review-panel-majority,Random public review panel + majority,accountability-retention-court,Retention-election accountability court,full-anti-capture-bundle,Full anti-capture bundle,balanced tradeoff
883,exact,5258,0.586,0.096,0.523,0.480,0.726,0.617,0.592,0.769,0.584,influence-system-majority,Campaign-finance influence system,emergency-integrity-package,Emergency integrity package,randomized-audit-sanctions,Randomized audit and sanctions,balanced tradeoff
884,exact,5263,0.586,0.100,0.619,0.490,0.742,0.485,0.580,0.780,0.485,portfolio-hybrid-legislature,Portfolio hybrid legislature,panel-en-banc,Three-judge panels with en banc correction,open-access-lobbying,Open access lobbying,weak subsystem floor
885,exact,5270,0.586,0.093,0.491,0.509,0.730,0.629,0.592,0.711,0.618,random-public-review-panel-majority,Random public review panel + majority,legislative-override-window,Time-limited legislative override window,full-anti-capture-bundle,Full anti-capture bundle,balanced tradeoff
886,exact,5274,0.586,0.093,0.491,0.507,0.734,0.629,0.588,0.711,0.618,random-public-review-panel-majority,Random public review panel + majority,recusal-and-emergency-reform,Peer recusal + reasoned emergency docket,full-anti-capture-bundle,Full anti-capture bundle,balanced tradeoff
887,exact,5277,0.586,0.094,0.492,0.503,0.726,0.624,0.606,0.761,0.613,public-interest-majority,Majority + public-interest screen,emergency-restraint-court,No emergency relief without merits review,full-anti-capture-bundle,Full anti-capture bundle,balanced tradeoff
888,exact,5278,0.586,0.093,0.491,0.509,0.730,0.629,0.592,0.711,0.618,random-public-review-panel-majority,Random public review panel + majority,legislative-override,Judicial review with legislative supermajority override,full-anti-capture-bundle,Full anti-capture bundle,balanced tradeoff
889,exact,5284,0.586,0.093,0.485,0.509,0.736,0.629,0.595,0.713,0.619,citizen-assembly-threshold,Citizen assembly threshold gate,jurisdiction-stripping-constraints,Jurisdiction stripping constrained by rights carveouts,full-anti-capture-bundle,Full anti-capture bundle,balanced tradeoff
890,exact,5287,0.586,0.093,0.491,0.507,0.734,0.629,0.586,0.717,0.618,random-public-review-panel-majority,Random public review panel + majority,term-limited-balanced,18-year staggered terms + regular appointments,full-anti-capture-bundle,Full anti-capture bundle,balanced tradeoff
891,exact,5290,0.586,0.096,0.509,0.506,0.727,0.594,0.599,0.817,0.594,anti-capture-access-majority,Anti-capture proposal access + majority,emergency-restraint-court,No emergency relief without merits review,democracy-vouchers,Democracy vouchers,balanced tradeoff
892,exact,5294,0.586,0.094,0.515,0.513,0.703,0.622,0.578,0.754,0.602,district-population-majority,District-population public-will model,automatic-merits-follow-up,Automatic merits follow-up for emergency relief,full-anti-capture-bundle,Full anti-capture bundle,balanced tradeoff
893,exact,5301,0.586,0.094,0.483,0.504,0.736,0.627,0.614,0.724,0.613,public-objection-majority,Public objection window + majority,emergency-integrity-package,Emergency integrity package,full-anti-capture-bundle,Full anti-capture bundle,balanced tradeoff
894,exact,5305,0.586,0.097,0.509,0.480,0.726,0.629,0.588,0.806,0.599,anti-capture-access-majority,Anti-capture proposal access + majority,emergency-integrity-package,Emergency integrity package,budgeted-disclosed-lobbying,Budgeted disclosed lobbying,balanced tradeoff
895,exact,5327,0.586,0.093,0.485,0.508,0.738,0.629,0.592,0.713,0.619,citizen-assembly-threshold,Citizen assembly threshold gate,nonpartisan-commission,Nonpartisan commission appointments,full-anti-capture-bundle,Full anti-capture bundle,balanced tradeoff
896,exact,5329,0.586,0.093,0.485,0.508,0.741,0.629,0.588,0.709,0.619,citizen-assembly-threshold,Citizen assembly threshold gate,mandatory-written-emergency-reasoning,Mandatory written emergency reasoning,full-anti-capture-bundle,Full anti-capture bundle,balanced tradeoff
897,exact,5347,0.586,0.093,0.485,0.510,0.735,0.629,0.592,0.712,0.619,citizen-assembly-threshold,Citizen assembly threshold gate,accountability-retention-court,Retention-election accountability court,full-anti-capture-bundle,Full anti-capture bundle,balanced tradeoff
898,exact,5362,0.586,0.096,0.509,0.506,0.726,0.594,0.600,0.810,0.594,anti-capture-access-majority,Anti-capture proposal access + majority,emergency-integrity-package,Emergency integrity package,democracy-vouchers,Democracy vouchers,balanced tradeoff
899,exact,5364,0.586,0.096,0.528,0.482,0.726,0.614,0.578,0.782,0.573,anti-capture-majority-bundle,Majority + anti-capture bundle,automatic-merits-follow-up,Automatic merits follow-up for emergency relief,audit-and-sanctions,Audit and sanctions,balanced tradeoff
900,exact,5368,0.586,0.102,0.723,0.477,0.616,0.479,0.549,0.791,0.479,default-pass-multiround-mediation-challenge,Default pass + multi-round mediation + challenge,panel-en-banc,Three-judge panels with en banc correction,open-access-lobbying,Open access lobbying,strong delivery; weak subsystem floor
901,exact,5377,0.586,0.093,0.485,0.510,0.735,0.629,0.593,0.711,0.619,citizen-assembly-threshold,Citizen assembly threshold gate,legislative-override-window,Time-limited legislative override window,full-anti-capture-bundle,Full anti-capture bundle,balanced tradeoff
902,exact,5382,0.586,0.093,0.485,0.508,0.738,0.629,0.589,0.711,0.619,citizen-assembly-threshold,Citizen assembly threshold gate,recusal-and-emergency-reform,Peer recusal + reasoned emergency docket,full-anti-capture-bundle,Full anti-capture bundle,balanced tradeoff
903,exact,5386,0.586,0.093,0.485,0.510,0.735,0.629,0.593,0.711,0.619,citizen-assembly-threshold,Citizen assembly threshold gate,legislative-override,Judicial review with legislative supermajority override,full-anti-capture-bundle,Full anti-capture bundle,balanced tradeoff
904,exact,5392,0.585,0.093,0.485,0.508,0.739,0.629,0.586,0.717,0.619,citizen-assembly-threshold,Citizen assembly threshold gate,term-limited-balanced,18-year staggered terms + regular appointments,full-anti-capture-bundle,Full anti-capture bundle,balanced tradeoff
905,exact,5397,0.585,0.093,0.491,0.506,0.736,0.629,0.579,0.718,0.618,random-public-review-panel-majority,Random public review panel + majority,supermajority-review,60 percent invalidation threshold,full-anti-capture-bundle,Full anti-capture bundle,balanced tradeoff
906,exact,5423,0.585,0.093,0.515,0.513,0.705,0.622,0.574,0.737,0.602,district-population-majority,District-population public-will model,remand-override-window-package,Constitutional remand with override window,full-anti-capture-bundle,Full anti-capture bundle,balanced tradeoff
907,exact,5452,0.585,0.094,0.472,0.504,0.736,0.642,0.585,0.770,0.633,citizens-agenda-petition-majority,Citizen agenda petitions + majority,jurisdiction-stripping-constraints,Jurisdiction stripping constrained by rights carveouts,full-anti-capture-bundle,Full anti-capture bundle,balanced tradeoff
908,exact,5474,0.585,0.094,0.515,0.513,0.702,0.622,0.573,0.743,0.602,district-population-majority,District-population public-will model,constitutional-remand,Constitutional remand before invalidation,full-anti-capture-bundle,Full anti-capture bundle,balanced tradeoff
909,exact,5485,0.585,0.096,0.528,0.483,0.720,0.614,0.585,0.770,0.573,anti-capture-majority-bundle,Majority + anti-capture bundle,council-concrete-hybrid,Constitutional council with concrete-review backstop,audit-and-sanctions,Audit and sanctions,balanced tradeoff
910,exact,5490,0.585,0.097,0.523,0.476,0.716,0.623,0.572,0.814,0.599,influence-system-majority,Campaign-finance influence system,panel-en-banc,Three-judge panels with en banc correction,budgeted-disclosed-lobbying,Budgeted disclosed lobbying,balanced tradeoff
911,exact,5494,0.585,0.094,0.472,0.503,0.737,0.642,0.582,0.770,0.633,citizens-agenda-petition-majority,Citizen agenda petitions + majority,nonpartisan-commission,Nonpartisan commission appointments,full-anti-capture-bundle,Full anti-capture bundle,balanced tradeoff
912,exact,5495,0.585,0.094,0.472,0.503,0.740,0.642,0.578,0.767,0.633,citizens-agenda-petition-majority,Citizen agenda petitions + majority,mandatory-written-emergency-reasoning,Mandatory written emergency reasoning,full-anti-capture-bundle,Full anti-capture bundle,balanced tradeoff
913,exact,5503,0.585,0.093,0.485,0.507,0.740,0.629,0.580,0.718,0.619,citizen-assembly-threshold,Citizen assembly threshold gate,supermajority-review,60 percent invalidation threshold,full-anti-capture-bundle,Full anti-capture bundle,balanced tradeoff
914,exact,5506,0.585,0.101,0.619,0.491,0.740,0.485,0.568,0.783,0.485,portfolio-hybrid-legislature,Portfolio hybrid legislature,jurisdiction-stripping-constraints,Jurisdiction stripping constrained by rights carveouts,open-access-lobbying,Open access lobbying,weak subsystem floor
915,exact,5521,0.585,0.094,0.472,0.506,0.734,0.642,0.582,0.770,0.633,citizens-agenda-petition-majority,Citizen agenda petitions + majority,accountability-retention-court,Retention-election accountability court,full-anti-capture-bundle,Full anti-capture bundle,balanced tradeoff
916,exact,5530,0.585,0.094,0.483,0.504,0.735,0.627,0.603,0.729,0.613,public-objection-majority,Public objection window + majority,automatic-merits-follow-up,Automatic merits follow-up for emergency relief,full-anti-capture-bundle,Full anti-capture bundle,balanced tradeoff
917,exact,5542,0.585,0.094,0.472,0.505,0.734,0.642,0.582,0.769,0.633,citizens-agenda-petition-majority,Citizen agenda petitions + majority,legislative-override-window,Time-limited legislative override window,full-anti-capture-bundle,Full anti-capture bundle,balanced tradeoff
918,exact,5547,0.585,0.101,0.619,0.490,0.742,0.485,0.565,0.783,0.485,portfolio-hybrid-legislature,Portfolio hybrid legislature,nonpartisan-commission,Nonpartisan commission appointments,open-access-lobbying,Open access lobbying,weak subsystem floor
919,exact,5548,0.585,0.100,0.619,0.489,0.745,0.485,0.561,0.780,0.485,portfolio-hybrid-legislature,Portfolio hybrid legislature,mandatory-written-emergency-reasoning,Mandatory written emergency reasoning,open-access-lobbying,Open access lobbying,weak subsystem floor
920,exact,5551,0.585,0.094,0.472,0.503,0.738,0.642,0.579,0.769,0.633,citizens-agenda-petition-majority,Citizen agenda petitions + majority,recusal-and-emergency-reform,Peer recusal + reasoned emergency docket,full-anti-capture-bundle,Full anti-capture bundle,balanced tradeoff
921,exact,5553,0.585,0.096,0.528,0.482,0.725,0.614,0.573,0.771,0.573,anti-capture-majority-bundle,Majority + anti-capture bundle,constitutional-remand,Constitutional remand before invalidation,audit-and-sanctions,Audit and sanctions,balanced tradeoff
922,exact,5555,0.585,0.094,0.472,0.505,0.734,0.642,0.583,0.769,0.633,citizens-agenda-petition-majority,Citizen agenda petitions + majority,legislative-override,Judicial review with legislative supermajority override,full-anti-capture-bundle,Full anti-capture bundle,balanced tradeoff
923,exact,5559,0.585,0.097,0.583,0.513,0.650,0.601,0.492,0.829,0.600,citizen-initiative-referendum,Citizen initiative and referendum,current-us-like,Stylized current U.S.-like supreme court,democracy-vouchers,Democracy vouchers,balanced tradeoff
924,exact,5566,0.585,0.094,0.472,0.503,0.738,0.642,0.576,0.775,0.633,citizens-agenda-petition-majority,Citizen agenda petitions + majority,term-limited-balanced,18-year staggered terms + regular appointments,full-anti-capture-bundle,Full anti-capture bundle,balanced tradeoff
925,exact,5575,0.585,0.101,0.619,0.492,0.739,0.485,0.565,0.783,0.485,portfolio-hybrid-legislature,Portfolio hybrid legislature,accountability-retention-court,Retention-election accountability court,open-access-lobbying,Open access lobbying,weak subsystem floor
926,exact,5577,0.585,0.096,0.528,0.483,0.718,0.614,0.583,0.773,0.573,anti-capture-majority-bundle,Majority + anti-capture bundle,constitutional-council,Pre-enactment constitutional council,audit-and-sanctions,Audit and sanctions,balanced tradeoff
927,exact,5580,0.585,0.097,0.583,0.486,0.650,0.636,0.479,0.826,0.599,citizen-initiative-referendum,Citizen initiative and referendum,current-us-like,Stylized current U.S.-like supreme court,budgeted-disclosed-lobbying,Budgeted disclosed lobbying,balanced tradeoff
928,exact,5585,0.585,0.095,0.481,0.510,0.738,0.611,0.608,0.773,0.611,committee-regular-order,Committee-first regular order,emergency-restraint-court,No emergency relief without merits review,full-anti-capture-bundle,Full anti-capture bundle,balanced tradeoff
929,exact,5588,0.585,0.097,0.622,0.495,0.668,0.525,0.591,0.748,0.525,long-horizon-learning-majority,Long-horizon strategic learning,emergency-restraint-court,No emergency relief without merits review,public-interest-representation-funds,Public-interest representation funds,weak subsystem floor
930,exact,5600,0.584,0.100,0.619,0.491,0.739,0.485,0.565,0.782,0.485,portfolio-hybrid-legislature,Portfolio hybrid legislature,legislative-override-window,Time-limited legislative override window,open-access-lobbying,Open access lobbying,weak subsystem floor
931,exact,5606,0.584,0.101,0.619,0.490,0.742,0.485,0.562,0.782,0.485,portfolio-hybrid-legislature,Portfolio hybrid legislature,recusal-and-emergency-reform,Peer recusal + reasoned emergency docket,open-access-lobbying,Open access lobbying,weak subsystem floor
932,exact,5611,0.584,0.100,0.619,0.491,0.738,0.485,0.566,0.782,0.485,portfolio-hybrid-legislature,Portfolio hybrid legislature,legislative-override,Judicial review with legislative supermajority override,open-access-lobbying,Open access lobbying,weak subsystem floor
933,exact,5620,0.584,0.101,0.619,0.490,0.742,0.485,0.559,0.788,0.485,portfolio-hybrid-legislature,Portfolio hybrid legislature,term-limited-balanced,18-year staggered terms + regular appointments,open-access-lobbying,Open access lobbying,weak subsystem floor
934,exact,5622,0.584,0.102,0.723,0.478,0.614,0.479,0.538,0.794,0.479,default-pass-multiround-mediation-challenge,Default pass + multi-round mediation + challenge,jurisdiction-stripping-constraints,Jurisdiction stripping constrained by rights carveouts,open-access-lobbying,Open access lobbying,strong delivery; weak subsystem floor
935,exact,5626,0.584,0.094,0.500,0.502,0.718,0.626,0.578,0.761,0.616,harm-weighted-majority,Harm-weighted double majority,jurisdiction-stripping-constraints,Jurisdiction stripping constrained by rights carveouts,full-anti-capture-bundle,Full anti-capture bundle,balanced tradeoff
936,exact,5630,0.584,0.096,0.523,0.503,0.716,0.588,0.585,0.817,0.588,influence-system-majority,Campaign-finance influence system,panel-en-banc,Three-judge panels with en banc correction,democracy-vouchers,Democracy vouchers,balanced tradeoff
937,exact,5639,0.584,0.094,0.528,0.509,0.718,0.578,0.601,0.750,0.578,anti-capture-majority-bundle,Majority + anti-capture bundle,constitutional-council,Pre-enactment constitutional council,bundle-with-evasion,Anti-capture bundle with evasion,balanced tradeoff
938,exact,5650,0.584,0.095,0.481,0.510,0.737,0.611,0.609,0.765,0.611,committee-regular-order,Committee-first regular order,emergency-integrity-package,Emergency integrity package,full-anti-capture-bundle,Full anti-capture bundle,balanced tradeoff
939,exact,5652,0.584,0.097,0.622,0.495,0.666,0.525,0.592,0.741,0.525,long-horizon-learning-majority,Long-horizon strategic learning,emergency-integrity-package,Emergency integrity package,public-interest-representation-funds,Public-interest representation funds,weak subsystem floor
940,exact,5661,0.584,0.102,0.723,0.477,0.616,0.479,0.534,0.794,0.479,default-pass-multiround-mediation-challenge,Default pass + multi-round mediation + challenge,nonpartisan-commission,Nonpartisan commission appointments,open-access-lobbying,Open access lobbying,strong delivery; weak subsystem floor
941,exact,5662,0.584,0.102,0.723,0.476,0.619,0.479,0.530,0.791,0.479,default-pass-multiround-mediation-challenge,Default pass + multi-round mediation + challenge,mandatory-written-emergency-reasoning,Mandatory written emergency reasoning,open-access-lobbying,Open access lobbying,strong delivery; weak subsystem floor
942,exact,5664,0.584,0.093,0.483,0.505,0.728,0.627,0.610,0.716,0.613,public-objection-majority,Public objection window + majority,council-concrete-hybrid,Constitutional council with concrete-review backstop,full-anti-capture-bundle,Full anti-capture bundle,balanced tradeoff
943,exact,5665,0.584,0.094,0.500,0.501,0.720,0.626,0.574,0.761,0.616,harm-weighted-majority,Harm-weighted double majority,nonpartisan-commission,Nonpartisan commission appointments,full-anti-capture-bundle,Full anti-capture bundle,balanced tradeoff
944,exact,5673,0.584,0.094,0.483,0.504,0.736,0.627,0.598,0.711,0.613,public-objection-majority,Public objection window + majority,remand-override-window-package,Constitutional remand with override window,full-anti-capture-bundle,Full anti-capture bundle,balanced tradeoff
945,exact,5683,0.584,0.094,0.472,0.502,0.740,0.642,0.570,0.776,0.633,citizens-agenda-petition-majority,Citizen agenda petitions + majority,supermajority-review,60 percent invalidation threshold,full-anti-capture-bundle,Full anti-capture bundle,balanced tradeoff
946,exact,5687,0.584,0.102,0.723,0.479,0.613,0.479,0.535,0.794,0.479,default-pass-multiround-mediation-challenge,Default pass + multi-round mediation + challenge,accountability-retention-court,Retention-election accountability court,open-access-lobbying,Open access lobbying,strong delivery; weak subsystem floor
947,exact,5703,0.584,0.096,0.509,0.481,0.727,0.624,0.588,0.777,0.584,anti-capture-access-majority,Anti-capture proposal access + majority,emergency-restraint-court,No emergency relief without merits review,randomized-audit-sanctions,Randomized audit and sanctions,balanced tradeoff
948,exact,5718,0.584,0.102,0.723,0.478,0.613,0.479,0.535,0.793,0.479,default-pass-multiround-mediation-challenge,Default pass + multi-round mediation + challenge,legislative-override-window,Time-limited legislative override window,open-access-lobbying,Open access lobbying,strong delivery; weak subsystem floor
949,exact,5721,0.584,0.102,0.723,0.476,0.616,0.479,0.532,0.793,0.479,default-pass-multiround-mediation-challenge,Default pass + multi-round mediation + challenge,recusal-and-emergency-reform,Peer recusal + reasoned emergency docket,open-access-lobbying,Open access lobbying,strong delivery; weak subsystem floor
950,exact,5725,0.584,0.102,0.723,0.478,0.612,0.479,0.535,0.793,0.479,default-pass-multiround-mediation-challenge,Default pass + multi-round mediation + challenge,legislative-override,Judicial review with legislative supermajority override,open-access-lobbying,Open access lobbying,strong delivery; weak subsystem floor
951,exact,5740,0.584,0.102,0.723,0.476,0.616,0.479,0.529,0.799,0.479,default-pass-multiround-mediation-challenge,Default pass + multi-round mediation + challenge,term-limited-balanced,18-year staggered terms + regular appointments,open-access-lobbying,Open access lobbying,strong delivery; weak subsystem floor
952,exact,5741,0.584,0.101,0.619,0.488,0.744,0.485,0.553,0.788,0.485,portfolio-hybrid-legislature,Portfolio hybrid legislature,supermajority-review,60 percent invalidation threshold,open-access-lobbying,Open access lobbying,weak subsystem floor
953,exact,5742,0.584,0.094,0.483,0.505,0.733,0.627,0.598,0.717,0.613,public-objection-majority,Public objection window + majority,constitutional-remand,Constitutional remand before invalidation,full-anti-capture-bundle,Full anti-capture bundle,balanced tradeoff
954,exact,5746,0.584,0.094,0.500,0.501,0.721,0.626,0.569,0.765,0.616,harm-weighted-majority,Harm-weighted double majority,term-limited-balanced,18-year staggered terms + regular appointments,full-anti-capture-bundle,Full anti-capture bundle,balanced tradeoff
955,exact,5754,0.584,0.095,0.457,0.508,0.758,0.620,0.618,0.755,0.620,committee-discharge-target-majority,Committee discharge-petition target,emergency-restraint-court,No emergency relief without merits review,full-anti-capture-bundle,Full anti-capture bundle,strong rights screen
956,exact,5758,0.584,0.097,0.523,0.477,0.714,0.623,0.561,0.817,0.599,influence-system-majority,Campaign-finance influence system,jurisdiction-stripping-constraints,Jurisdiction stripping constrained by rights carveouts,budgeted-disclosed-lobbying,Budgeted disclosed lobbying,balanced tradeoff
957,exact,5766,0.584,0.096,0.509,0.481,0.716,0.629,0.581,0.801,0.599,anti-capture-access-majority,Anti-capture proposal access + majority,constitutional-council,Pre-enactment constitutional council,budgeted-disclosed-lobbying,Budgeted disclosed lobbying,balanced tradeoff
958,exact,5773,0.584,0.094,0.515,0.510,0.695,0.622,0.572,0.757,0.602,district-population-majority,District-population public-will model,panel-en-banc,Three-judge panels with en banc correction,full-anti-capture-bundle,Full anti-capture bundle,balanced tradeoff
959,exact,5778,0.584,0.096,0.509,0.481,0.726,0.624,0.589,0.770,0.584,anti-capture-access-majority,Anti-capture proposal access + majority,emergency-integrity-package,Emergency integrity package,randomized-audit-sanctions,Randomized audit and sanctions,balanced tradeoff
960,exact,5797,0.583,0.097,0.523,0.476,0.716,0.623,0.557,0.817,0.599,influence-system-majority,Campaign-finance influence system,nonpartisan-commission,Nonpartisan commission appointments,budgeted-disclosed-lobbying,Budgeted disclosed lobbying,balanced tradeoff
961,exact,5798,0.583,0.097,0.523,0.476,0.719,0.623,0.553,0.814,0.599,influence-system-majority,Campaign-finance influence system,mandatory-written-emergency-reasoning,Mandatory written emergency reasoning,budgeted-disclosed-lobbying,Budgeted disclosed lobbying,balanced tradeoff
962,exact,5806,0.583,0.095,0.487,0.507,0.729,0.612,0.604,0.763,0.606,proportional-committee-assignment-majority,Majority + proportional committee assignment,emergency-restraint-court,No emergency relief without merits review,full-anti-capture-bundle,Full anti-capture bundle,balanced tradeoff
963,exact,5809,0.583,0.096,0.509,0.508,0.716,0.594,0.594,0.804,0.594,anti-capture-access-majority,Anti-capture proposal access + majority,constitutional-council,Pre-enactment constitutional council,democracy-vouchers,Democracy vouchers,balanced tradeoff
964,exact,5811,0.583,0.097,0.523,0.479,0.713,0.623,0.558,0.817,0.599,influence-system-majority,Campaign-finance influence system,accountability-retention-court,Retention-election accountability court,budgeted-disclosed-lobbying,Budgeted disclosed lobbying,balanced tradeoff
965,exact,5812,0.583,0.095,0.457,0.508,0.756,0.620,0.619,0.747,0.620,committee-discharge-target-majority,Committee discharge-petition target,emergency-integrity-package,Emergency integrity package,full-anti-capture-bundle,Full anti-capture bundle,strong rights screen
966,exact,5834,0.583,0.102,0.723,0.475,0.618,0.479,0.523,0.799,0.479,default-pass-multiround-mediation-challenge,Default pass + multi-round mediation + challenge,supermajority-review,60 percent invalidation threshold,open-access-lobbying,Open access lobbying,strong delivery; weak subsystem floor
967,exact,5839,0.583,0.094,0.500,0.499,0.722,0.626,0.563,0.766,0.616,harm-weighted-majority,Harm-weighted double majority,supermajority-review,60 percent invalidation threshold,full-anti-capture-bundle,Full anti-capture bundle,balanced tradeoff
968,exact,5840,0.583,0.097,0.523,0.476,0.716,0.623,0.555,0.816,0.599,influence-system-majority,Campaign-finance influence system,recusal-and-emergency-reform,Peer recusal + reasoned emergency docket,budgeted-disclosed-lobbying,Budgeted disclosed lobbying,balanced tradeoff
969,exact,5855,0.583,0.097,0.523,0.476,0.716,0.623,0.552,0.821,0.599,influence-system-majority,Campaign-finance influence system,term-limited-balanced,18-year staggered terms + regular appointments,budgeted-disclosed-lobbying,Budgeted disclosed lobbying,balanced tradeoff
970,exact,5866,0.583,0.096,0.523,0.504,0.714,0.588,0.573,0.820,0.588,influence-system-majority,Campaign-finance influence system,jurisdiction-stripping-constraints,Jurisdiction stripping constrained by rights carveouts,democracy-vouchers,Democracy vouchers,balanced tradeoff
971,exact,5879,0.583,0.094,0.528,0.503,0.678,0.653,0.502,0.775,0.623,anti-capture-majority-bundle,Majority + anti-capture bundle,current-us-like,Stylized current U.S.-like supreme court,full-anti-capture-bundle,Full anti-capture bundle,balanced tradeoff
972,exact,5884,0.583,0.095,0.481,0.510,0.735,0.611,0.598,0.770,0.611,committee-regular-order,Committee-first regular order,automatic-merits-follow-up,Automatic merits follow-up for emergency relief,full-anti-capture-bundle,Full anti-capture bundle,balanced tradeoff
973,exact,5908,0.583,0.096,0.523,0.503,0.716,0.588,0.570,0.820,0.588,influence-system-majority,Campaign-finance influence system,nonpartisan-commission,Nonpartisan commission appointments,democracy-vouchers,Democracy vouchers,balanced tradeoff
974,exact,5909,0.583,0.096,0.523,0.503,0.719,0.588,0.566,0.817,0.588,influence-system-majority,Campaign-finance influence system,mandatory-written-emergency-reasoning,Mandatory written emergency reasoning,democracy-vouchers,Democracy vouchers,balanced tradeoff
975,exact,5927,0.583,0.096,0.523,0.505,0.713,0.588,0.571,0.820,0.588,influence-system-majority,Campaign-finance influence system,accountability-retention-court,Retention-election accountability court,democracy-vouchers,Democracy vouchers,balanced tradeoff
976,exact,5958,0.583,0.097,0.523,0.475,0.718,0.623,0.546,0.822,0.599,influence-system-majority,Campaign-finance influence system,supermajority-review,60 percent invalidation threshold,budgeted-disclosed-lobbying,Budgeted disclosed lobbying,balanced tradeoff
977,exact,5959,0.583,0.095,0.454,0.501,0.743,0.635,0.614,0.774,0.624,leadership-cartel-majority,Leadership agenda cartel + majority,emergency-restraint-court,No emergency relief without merits review,full-anti-capture-bundle,Full anti-capture bundle,balanced tradeoff
978,exact,5961,0.583,0.096,0.523,0.503,0.716,0.588,0.567,0.819,0.588,influence-system-majority,Campaign-finance influence system,recusal-and-emergency-reform,Peer recusal + reasoned emergency docket,democracy-vouchers,Democracy vouchers,balanced tradeoff
979,exact,5980,0.582,0.096,0.523,0.503,0.716,0.588,0.565,0.825,0.588,influence-system-majority,Campaign-finance influence system,term-limited-balanced,18-year staggered terms + regular appointments,democracy-vouchers,Democracy vouchers,balanced tradeoff
980,exact,6016,0.582,0.097,0.509,0.477,0.717,0.629,0.570,0.814,0.599,anti-capture-access-majority,Anti-capture proposal access + majority,panel-en-banc,Three-judge panels with en banc correction,budgeted-disclosed-lobbying,Budgeted disclosed lobbying,balanced tradeoff
981,exact,6018,0.582,0.094,0.515,0.511,0.693,0.622,0.561,0.761,0.602,district-population-majority,District-population public-will model,jurisdiction-stripping-constraints,Jurisdiction stripping constrained by rights carveouts,full-anti-capture-bundle,Full anti-capture bundle,balanced tradeoff
982,exact,6020,0.582,0.094,0.481,0.511,0.729,0.611,0.605,0.757,0.611,committee-regular-order,Committee-first regular order,council-concrete-hybrid,Constitutional council with concrete-review backstop,full-anti-capture-bundle,Full anti-capture bundle,balanced tradeoff
983,exact,6025,0.582,0.094,0.481,0.510,0.737,0.611,0.593,0.752,0.611,committee-regular-order,Committee-first regular order,remand-override-window-package,Constitutional remand with override window,full-anti-capture-bundle,Full anti-capture bundle,balanced tradeoff
984,exact,6052,0.582,0.095,0.454,0.502,0.741,0.635,0.615,0.767,0.624,leadership-cartel-majority,Leadership agenda cartel + majority,emergency-integrity-package,Emergency integrity package,full-anti-capture-bundle,Full anti-capture bundle,balanced tradeoff
985,exact,6053,0.582,0.095,0.491,0.482,0.745,0.612,0.602,0.763,0.599,random-public-review-panel-majority,Random public review panel + majority,emergency-restraint-court,No emergency relief without merits review,budgeted-disclosed-lobbying,Budgeted disclosed lobbying,balanced tradeoff
986,exact,6068,0.582,0.095,0.457,0.508,0.755,0.620,0.608,0.752,0.620,committee-discharge-target-majority,Committee discharge-petition target,automatic-merits-follow-up,Automatic merits follow-up for emergency relief,full-anti-capture-bundle,Full anti-capture bundle,strong rights screen
987,exact,6071,0.582,0.094,0.492,0.500,0.715,0.624,0.589,0.761,0.613,public-interest-majority,Majority + public-interest screen,panel-en-banc,Three-judge panels with en banc correction,full-anti-capture-bundle,Full anti-capture bundle,balanced tradeoff
988,exact,6079,0.582,0.094,0.515,0.510,0.694,0.622,0.557,0.761,0.602,district-population-majority,District-population public-will model,nonpartisan-commission,Nonpartisan commission appointments,full-anti-capture-bundle,Full anti-capture bundle,balanced tradeoff
989,exact,6082,0.582,0.094,0.515,0.510,0.698,0.622,0.553,0.757,0.602,district-population-majority,District-population public-will model,mandatory-written-emergency-reasoning,Mandatory written emergency reasoning,full-anti-capture-bundle,Full anti-capture bundle,balanced tradeoff
990,exact,6090,0.582,0.096,0.509,0.504,0.717,0.594,0.583,0.817,0.594,anti-capture-access-majority,Anti-capture proposal access + majority,panel-en-banc,Three-judge panels with en banc correction,democracy-vouchers,Democracy vouchers,balanced tradeoff
991,exact,6106,0.582,0.094,0.481,0.510,0.734,0.611,0.593,0.758,0.611,committee-regular-order,Committee-first regular order,constitutional-remand,Constitutional remand before invalidation,full-anti-capture-bundle,Full anti-capture bundle,balanced tradeoff
992,exact,6111,0.582,0.096,0.598,0.475,0.657,0.612,0.474,0.786,0.599,risk-routed-majority,Risk-routed majority legislature,current-us-like,Stylized current U.S.-like supreme court,budgeted-disclosed-lobbying,Budgeted disclosed lobbying,balanced tradeoff
993,exact,6127,0.582,0.097,0.523,0.501,0.718,0.588,0.558,0.825,0.588,influence-system-majority,Campaign-finance influence system,supermajority-review,60 percent invalidation threshold,democracy-vouchers,Democracy vouchers,balanced tradeoff
994,exact,6128,0.582,0.094,0.481,0.512,0.727,0.611,0.603,0.760,0.611,committee-regular-order,Committee-first regular order,constitutional-council,Pre-enactment constitutional council,full-anti-capture-bundle,Full anti-capture bundle,balanced tradeoff
995,exact,6130,0.582,0.095,0.523,0.505,0.727,0.565,0.607,0.764,0.565,influence-system-majority,Campaign-finance influence system,emergency-restraint-court,No emergency relief without merits review,bundle-with-evasion,Anti-capture bundle with evasion,balanced tradeoff
996,exact,6140,0.582,0.094,0.515,0.510,0.695,0.622,0.555,0.759,0.602,district-population-majority,District-population public-will model,recusal-and-emergency-reform,Peer recusal + reasoned emergency docket,full-anti-capture-bundle,Full anti-capture bundle,balanced tradeoff
997,exact,6145,0.582,0.095,0.491,0.482,0.743,0.612,0.603,0.755,0.599,random-public-review-panel-majority,Random public review panel + majority,emergency-integrity-package,Emergency integrity package,budgeted-disclosed-lobbying,Budgeted disclosed lobbying,balanced tradeoff
998,exact,6149,0.582,0.094,0.487,0.507,0.726,0.612,0.594,0.760,0.606,proportional-committee-assignment-majority,Majority + proportional committee assignment,automatic-merits-follow-up,Automatic merits follow-up for emergency relief,full-anti-capture-bundle,Full anti-capture bundle,balanced tradeoff
999,exact,6157,0.582,0.094,0.515,0.510,0.695,0.622,0.552,0.765,0.602,district-population-majority,District-population public-will model,term-limited-balanced,18-year staggered terms + regular appointments,full-anti-capture-bundle,Full anti-capture bundle,balanced tradeoff
1000,exact,6197,0.582,0.095,0.485,0.483,0.750,0.611,0.603,0.763,0.599,citizen-assembly-threshold,Citizen assembly threshold gate,emergency-restraint-court,No emergency relief without merits review,budgeted-disclosed-lobbying,Budgeted disclosed lobbying,balanced tradeoff
1001,exact,6202,0.581,0.095,0.523,0.505,0.726,0.565,0.609,0.756,0.565,influence-system-majority,Campaign-finance influence system,emergency-integrity-package,Emergency integrity package,bundle-with-evasion,Anti-capture bundle with evasion,balanced tradeoff
1002,exact,6210,0.581,0.095,0.457,0.509,0.748,0.620,0.615,0.739,0.620,committee-discharge-target-majority,Committee discharge-petition target,council-concrete-hybrid,Constitutional council with concrete-review backstop,full-anti-capture-bundle,Full anti-capture bundle,balanced tradeoff
1003,exact,6215,0.581,0.095,0.457,0.509,0.756,0.620,0.603,0.734,0.620,committee-discharge-target-majority,Committee discharge-petition target,remand-override-window-package,Constitutional remand with override window,full-anti-capture-bundle,Full anti-capture bundle,strong rights screen
1004,exact,6250,0.581,0.095,0.509,0.483,0.716,0.624,0.583,0.764,0.584,anti-capture-access-majority,Anti-capture proposal access + majority,constitutional-council,Pre-enactment constitutional council,randomized-audit-sanctions,Randomized audit and sanctions,balanced tradeoff
1005,exact,6269,0.581,0.095,0.485,0.483,0.748,0.611,0.604,0.755,0.599,citizen-assembly-threshold,Citizen assembly threshold gate,emergency-integrity-package,Emergency integrity package,budgeted-disclosed-lobbying,Budgeted disclosed lobbying,balanced tradeoff
1006,exact,6272,0.581,0.094,0.515,0.509,0.697,0.622,0.545,0.766,0.602,district-population-majority,District-population public-will model,supermajority-review,60 percent invalidation threshold,full-anti-capture-bundle,Full anti-capture bundle,balanced tradeoff
1007,exact,6279,0.581,0.095,0.457,0.509,0.753,0.620,0.603,0.740,0.620,committee-discharge-target-majority,Committee discharge-petition target,constitutional-remand,Constitutional remand before invalidation,full-anti-capture-bundle,Full anti-capture bundle,strong rights screen
1008,exact,6282,0.581,0.094,0.487,0.508,0.719,0.612,0.601,0.747,0.606,proportional-committee-assignment-majority,Majority + proportional committee assignment,council-concrete-hybrid,Constitutional council with concrete-review backstop,full-anti-capture-bundle,Full anti-capture bundle,balanced tradeoff
1009,exact,6300,0.581,0.094,0.457,0.510,0.746,0.620,0.613,0.742,0.620,committee-discharge-target-majority,Committee discharge-petition target,constitutional-council,Pre-enactment constitutional council,full-anti-capture-bundle,Full anti-capture bundle,balanced tradeoff
1010,exact,6302,0.581,0.097,0.509,0.478,0.714,0.629,0.559,0.817,0.599,anti-capture-access-majority,Anti-capture proposal access + majority,jurisdiction-stripping-constraints,Jurisdiction stripping constrained by rights carveouts,budgeted-disclosed-lobbying,Budgeted disclosed lobbying,balanced tradeoff
1011,exact,6317,0.581,0.095,0.454,0.502,0.740,0.635,0.604,0.771,0.624,leadership-cartel-majority,Leadership agenda cartel + majority,automatic-merits-follow-up,Automatic merits follow-up for emergency relief,full-anti-capture-bundle,Full anti-capture bundle,balanced tradeoff
1012,exact,6327,0.581,0.095,0.491,0.509,0.745,0.577,0.615,0.766,0.577,random-public-review-panel-majority,Random public review panel + majority,emergency-restraint-court,No emergency relief without merits review,democracy-vouchers,Democracy vouchers,balanced tradeoff
1013,exact,6340,0.581,0.094,0.492,0.501,0.713,0.624,0.578,0.764,0.613,public-interest-majority,Majority + public-interest screen,jurisdiction-stripping-constraints,Jurisdiction stripping constrained by rights carveouts,full-anti-capture-bundle,Full anti-capture bundle,balanced tradeoff
1014,exact,6345,0.581,0.097,0.509,0.477,0.716,0.629,0.555,0.817,0.599,anti-capture-access-majority,Anti-capture proposal access + majority,nonpartisan-commission,Nonpartisan commission appointments,budgeted-disclosed-lobbying,Budgeted disclosed lobbying,balanced tradeoff
1015,exact,6348,0.581,0.097,0.509,0.477,0.719,0.629,0.551,0.814,0.599,anti-capture-access-majority,Anti-capture proposal access + majority,mandatory-written-emergency-reasoning,Mandatory written emergency reasoning,budgeted-disclosed-lobbying,Budgeted disclosed lobbying,balanced tradeoff
1016,exact,6357,0.581,0.096,0.509,0.505,0.714,0.594,0.571,0.820,0.594,anti-capture-access-majority,Anti-capture proposal access + majority,jurisdiction-stripping-constraints,Jurisdiction stripping constrained by rights carveouts,democracy-vouchers,Democracy vouchers,balanced tradeoff
1017,exact,6365,0.581,0.094,0.487,0.509,0.717,0.612,0.599,0.750,0.606,proportional-committee-assignment-majority,Majority + proportional committee assignment,constitutional-council,Pre-enactment constitutional council,full-anti-capture-bundle,Full anti-capture bundle,balanced tradeoff
1018,exact,6367,0.581,0.097,0.509,0.479,0.713,0.629,0.556,0.817,0.599,anti-capture-access-majority,Anti-capture proposal access + majority,accountability-retention-court,Retention-election accountability court,budgeted-disclosed-lobbying,Budgeted disclosed lobbying,balanced tradeoff
1019,exact,6370,0.581,0.096,0.598,0.502,0.657,0.578,0.486,0.790,0.578,risk-routed-majority,Risk-routed majority legislature,current-us-like,Stylized current U.S.-like supreme court,democracy-vouchers,Democracy vouchers,balanced tradeoff
1020,exact,6384,0.581,0.094,0.492,0.500,0.715,0.624,0.574,0.764,0.613,public-interest-majority,Majority + public-interest screen,nonpartisan-commission,Nonpartisan commission appointments,full-anti-capture-bundle,Full anti-capture bundle,balanced tradeoff
1021,exact,6385,0.581,0.095,0.491,0.482,0.742,0.612,0.592,0.759,0.599,random-public-review-panel-majority,Random public review panel + majority,automatic-merits-follow-up,Automatic merits follow-up for emergency relief,budgeted-disclosed-lobbying,Budgeted disclosed lobbying,balanced tradeoff
1022,exact,6391,0.581,0.095,0.478,0.504,0.730,0.612,0.610,0.757,0.605,bicameral-majority,Bicameral simple majority,emergency-restraint-court,No emergency relief without merits review,full-anti-capture-bundle,Full anti-capture bundle,balanced tradeoff
1023,exact,6396,0.581,0.097,0.509,0.479,0.713,0.629,0.556,0.816,0.599,anti-capture-access-majority,Anti-capture proposal access + majority,legislative-override-window,Time-limited legislative override window,budgeted-disclosed-lobbying,Budgeted disclosed lobbying,balanced tradeoff
1024,exact,6401,0.581,0.095,0.481,0.507,0.727,0.611,0.592,0.773,0.611,committee-regular-order,Committee-first regular order,panel-en-banc,Three-judge panels with en banc correction,full-anti-capture-bundle,Full anti-capture bundle,balanced tradeoff
1025,exact,6410,0.581,0.097,0.509,0.477,0.716,0.629,0.553,0.816,0.599,anti-capture-access-majority,Anti-capture proposal access + majority,recusal-and-emergency-reform,Peer recusal + reasoned emergency docket,budgeted-disclosed-lobbying,Budgeted disclosed lobbying,balanced tradeoff
1026,exact,6413,0.580,0.096,0.509,0.504,0.716,0.594,0.568,0.820,0.594,anti-capture-access-majority,Anti-capture proposal access + majority,nonpartisan-commission,Nonpartisan commission appointments,democracy-vouchers,Democracy vouchers,balanced tradeoff
1027,exact,6414,0.580,0.096,0.509,0.503,0.719,0.594,0.564,0.817,0.594,anti-capture-access-majority,Anti-capture proposal access + majority,mandatory-written-emergency-reasoning,Mandatory written emergency reasoning,democracy-vouchers,Democracy vouchers,balanced tradeoff
1028,exact,6420,0.580,0.095,0.491,0.509,0.743,0.577,0.616,0.758,0.577,random-public-review-panel-majority,Random public review panel + majority,emergency-integrity-package,Emergency integrity package,democracy-vouchers,Democracy vouchers,balanced tradeoff
1029,exact,6425,0.580,0.094,0.492,0.503,0.712,0.624,0.575,0.764,0.613,public-interest-majority,Majority + public-interest screen,accountability-retention-court,Retention-election accountability court,full-anti-capture-bundle,Full anti-capture bundle,balanced tradeoff
1030,exact,6428,0.580,0.097,0.509,0.477,0.717,0.629,0.550,0.822,0.599,anti-capture-access-majority,Anti-capture proposal access + majority,term-limited-balanced,18-year staggered terms + regular appointments,budgeted-disclosed-lobbying,Budgeted disclosed lobbying,balanced tradeoff
1031,exact,6438,0.580,0.096,0.509,0.506,0.713,0.594,0.568,0.820,0.594,anti-capture-access-majority,Anti-capture proposal access + majority,accountability-retention-court,Retention-election accountability court,democracy-vouchers,Democracy vouchers,balanced tradeoff
1032,exact,6456,0.580,0.097,0.509,0.480,0.727,0.607,0.588,0.787,0.573,anti-capture-access-majority,Anti-capture proposal access + majority,emergency-restraint-court,No emergency relief without merits review,audit-and-sanctions,Audit and sanctions,balanced tradeoff
1033,exact,6470,0.580,0.096,0.509,0.505,0.713,0.594,0.569,0.819,0.594,anti-capture-access-majority,Anti-capture proposal access + majority,legislative-override-window,Time-limited legislative override window,democracy-vouchers,Democracy vouchers,balanced tradeoff
1034,exact,6476,0.580,0.094,0.492,0.500,0.715,0.624,0.569,0.769,0.613,public-interest-majority,Majority + public-interest screen,term-limited-balanced,18-year staggered terms + regular appointments,full-anti-capture-bundle,Full anti-capture bundle,balanced tradeoff
1035,exact,6478,0.580,0.096,0.509,0.504,0.716,0.594,0.565,0.819,0.594,anti-capture-access-majority,Anti-capture proposal access + majority,recusal-and-emergency-reform,Peer recusal + reasoned emergency docket,democracy-vouchers,Democracy vouchers,balanced tradeoff
1036,exact,6482,0.580,0.095,0.485,0.510,0.750,0.577,0.615,0.766,0.577,citizen-assembly-threshold,Citizen assembly threshold gate,emergency-restraint-court,No emergency relief without merits review,democracy-vouchers,Democracy vouchers,balanced tradeoff
1037,exact,6488,0.580,0.094,0.478,0.504,0.728,0.612,0.611,0.750,0.605,bicameral-majority,Bicameral simple majority,emergency-integrity-package,Emergency integrity package,full-anti-capture-bundle,Full anti-capture bundle,balanced tradeoff
1038,exact,6496,0.580,0.096,0.509,0.504,0.717,0.594,0.563,0.825,0.594,anti-capture-access-majority,Anti-capture proposal access + majority,term-limited-balanced,18-year staggered terms + regular appointments,democracy-vouchers,Democracy vouchers,balanced tradeoff
1039,exact,6518,0.580,0.097,0.528,0.493,0.729,0.560,0.601,0.779,0.560,anti-capture-majority-bundle,Majority + anti-capture bundle,emergency-restraint-court,No emergency relief without merits review,outside-spending-disclosure-evasion,Outside-spending disclosure evasion,balanced tradeoff
1040,exact,6524,0.580,0.097,0.500,0.476,0.732,0.609,0.585,0.811,0.599,harm-weighted-majority,Harm-weighted double majority,emergency-restraint-court,No emergency relief without merits review,budgeted-disclosed-lobbying,Budgeted disclosed lobbying,balanced tradeoff
1041,exact,6530,0.580,0.095,0.485,0.483,0.747,0.611,0.593,0.759,0.599,citizen-assembly-threshold,Citizen assembly threshold gate,automatic-merits-follow-up,Automatic merits follow-up for emergency relief,budgeted-disclosed-lobbying,Budgeted disclosed lobbying,balanced tradeoff
1042,exact,6535,0.580,0.096,0.509,0.481,0.726,0.607,0.589,0.779,0.573,anti-capture-access-majority,Anti-capture proposal access + majority,emergency-integrity-package,Emergency integrity package,audit-and-sanctions,Audit and sanctions,balanced tradeoff
1043,exact,6537,0.580,0.094,0.491,0.483,0.736,0.612,0.598,0.747,0.599,random-public-review-panel-majority,Random public review panel + majority,council-concrete-hybrid,Constitutional council with concrete-review backstop,budgeted-disclosed-lobbying,Budgeted disclosed lobbying,balanced tradeoff
1044,exact,6551,0.580,0.097,0.509,0.476,0.718,0.629,0.544,0.822,0.599,anti-capture-access-majority,Anti-capture proposal access + majority,supermajority-review,60 percent invalidation threshold,budgeted-disclosed-lobbying,Budgeted disclosed lobbying,balanced tradeoff
1045,exact,6555,0.580,0.095,0.485,0.510,0.748,0.577,0.617,0.758,0.577,citizen-assembly-threshold,Citizen assembly threshold gate,emergency-integrity-package,Emergency integrity package,democracy-vouchers,Democracy vouchers,balanced tradeoff
1046,exact,6563,0.580,0.097,0.472,0.478,0.749,0.625,0.593,0.820,0.599,citizens-agenda-petition-majority,Citizen agenda petitions + majority,emergency-restraint-court,No emergency relief without merits review,budgeted-disclosed-lobbying,Budgeted disclosed lobbying,balanced tradeoff
1047,exact,6567,0.580,0.095,0.491,0.484,0.745,0.607,0.604,0.726,0.584,random-public-review-panel-majority,Random public review panel + majority,emergency-restraint-court,No emergency relief without merits review,randomized-audit-sanctions,Randomized audit and sanctions,balanced tradeoff
1048,exact,6573,0.580,0.096,0.622,0.475,0.617,0.608,0.471,0.770,0.599,long-horizon-learning-majority,Long-horizon strategic learning,current-us-like,Stylized current U.S.-like supreme court,budgeted-disclosed-lobbying,Budgeted disclosed lobbying,balanced tradeoff
1049,exact,6585,0.580,0.094,0.457,0.506,0.747,0.620,0.602,0.755,0.620,committee-discharge-target-majority,Committee discharge-petition target,panel-en-banc,Three-judge panels with en banc correction,full-anti-capture-bundle,Full anti-capture bundle,balanced tradeoff
1050,exact,6593,0.580,0.096,0.528,0.493,0.727,0.560,0.602,0.772,0.560,anti-capture-majority-bundle,Majority + anti-capture bundle,emergency-integrity-package,Emergency integrity package,outside-spending-disclosure-evasion,Outside-spending disclosure evasion,balanced tradeoff
1051,exact,6595,0.580,0.094,0.492,0.499,0.717,0.624,0.563,0.770,0.613,public-interest-majority,Majority + public-interest screen,supermajority-review,60 percent invalidation threshold,full-anti-capture-bundle,Full anti-capture bundle,balanced tradeoff
1052,exact,6606,0.580,0.097,0.500,0.476,0.730,0.609,0.587,0.803,0.599,harm-weighted-majority,Harm-weighted double majority,emergency-integrity-package,Emergency integrity package,budgeted-disclosed-lobbying,Budgeted disclosed lobbying,balanced tradeoff
1053,exact,6612,0.580,0.094,0.491,0.483,0.741,0.612,0.587,0.748,0.599,random-public-review-panel-majority,Random public review panel + majority,constitutional-remand,Constitutional remand before invalidation,budgeted-disclosed-lobbying,Budgeted disclosed lobbying,balanced tradeoff
1054,exact,6615,0.580,0.096,0.509,0.502,0.718,0.594,0.556,0.826,0.594,anti-capture-access-majority,Anti-capture proposal access + majority,supermajority-review,60 percent invalidation threshold,democracy-vouchers,Democracy vouchers,balanced tradeoff
1055,exact,6620,0.580,0.095,0.509,0.506,0.727,0.571,0.605,0.764,0.571,anti-capture-access-majority,Anti-capture proposal access + majority,emergency-restraint-court,No emergency relief without merits review,bundle-with-evasion,Anti-capture bundle with evasion,balanced tradeoff
1056,exact,6634,0.579,0.094,0.491,0.484,0.734,0.612,0.596,0.750,0.599,random-public-review-panel-majority,Random public review panel + majority,constitutional-council,Pre-enactment constitutional council,budgeted-disclosed-lobbying,Budgeted disclosed lobbying,balanced tradeoff
1057,exact,6649,0.579,0.097,0.472,0.478,0.747,0.625,0.594,0.813,0.599,citizens-agenda-petition-majority,Citizen agenda petitions + majority,emergency-integrity-package,Emergency integrity package,budgeted-disclosed-lobbying,Budgeted disclosed lobbying,balanced tradeoff
1058,exact,6666,0.579,0.094,0.487,0.505,0.718,0.612,0.588,0.763,0.606,proportional-committee-assignment-majority,Majority + proportional committee assignment,panel-en-banc,Three-judge panels with en banc correction,full-anti-capture-bundle,Full anti-capture bundle,balanced tradeoff
1059,exact,6677,0.579,0.094,0.485,0.484,0.740,0.611,0.599,0.747,0.599,citizen-assembly-threshold,Citizen assembly threshold gate,council-concrete-hybrid,Constitutional council with concrete-review backstop,budgeted-disclosed-lobbying,Budgeted disclosed lobbying,balanced tradeoff
1060,exact,6680,0.579,0.097,0.472,0.505,0.749,0.590,0.605,0.824,0.590,citizens-agenda-petition-majority,Citizen agenda petitions + majority,emergency-restraint-court,No emergency relief without merits review,democracy-vouchers,Democracy vouchers,balanced tradeoff
1061,exact,6682,0.579,0.095,0.491,0.509,0.742,0.577,0.605,0.763,0.577,random-public-review-panel-majority,Random public review panel + majority,automatic-merits-follow-up,Automatic merits follow-up for emergency relief,democracy-vouchers,Democracy vouchers,balanced tradeoff
1062,exact,6691,0.579,0.095,0.481,0.508,0.725,0.611,0.580,0.776,0.611,committee-regular-order,Committee-first regular order,jurisdiction-stripping-constraints,Jurisdiction stripping constrained by rights carveouts,full-anti-capture-bundle,Full anti-capture bundle,balanced tradeoff
1063,exact,6709,0.579,0.095,0.485,0.485,0.750,0.606,0.604,0.726,0.584,citizen-assembly-threshold,Citizen assembly threshold gate,emergency-restraint-court,No emergency relief without merits review,randomized-audit-sanctions,Randomized audit and sanctions,balanced tradeoff
1064,exact,6735,0.579,0.095,0.481,0.507,0.727,0.611,0.577,0.776,0.611,committee-regular-order,Committee-first regular order,nonpartisan-commission,Nonpartisan commission appointments,full-anti-capture-bundle,Full anti-capture bundle,balanced tradeoff
1065,exact,6737,0.579,0.095,0.481,0.507,0.730,0.611,0.573,0.773,0.611,committee-regular-order,Committee-first regular order,mandatory-written-emergency-reasoning,Mandatory written emergency reasoning,full-anti-capture-bundle,Full anti-capture bundle,balanced tradeoff
1066,exact,6742,0.579,0.094,0.485,0.484,0.745,0.611,0.588,0.748,0.599,citizen-assembly-threshold,Citizen assembly threshold gate,constitutional-remand,Constitutional remand before invalidation,budgeted-disclosed-lobbying,Budgeted disclosed lobbying,balanced tradeoff
1067,exact,6760,0.579,0.097,0.472,0.505,0.747,0.590,0.607,0.816,0.590,citizens-agenda-petition-majority,Citizen agenda petitions + majority,emergency-integrity-package,Emergency integrity package,democracy-vouchers,Democracy vouchers,balanced tradeoff
1068,exact,6767,0.579,0.095,0.481,0.510,0.724,0.611,0.577,0.776,0.611,committee-regular-order,Committee-first regular order,accountability-retention-court,Retention-election accountability court,full-anti-capture-bundle,Full anti-capture bundle,balanced tradeoff
1069,exact,6776,0.579,0.094,0.485,0.485,0.738,0.611,0.597,0.750,0.599,citizen-assembly-threshold,Citizen assembly threshold gate,constitutional-council,Pre-enactment constitutional council,budgeted-disclosed-lobbying,Budgeted disclosed lobbying,balanced tradeoff
1070,exact,6785,0.579,0.098,0.528,0.495,0.729,0.553,0.601,0.806,0.545,anti-capture-majority-bundle,Majority + anti-capture bundle,emergency-restraint-court,No emergency relief without merits review,public-interest-representation-funds,Public-interest representation funds,weak subsystem floor
1071,exact,6791,0.579,0.097,0.515,0.485,0.706,0.605,0.568,0.811,0.599,district-population-majority,District-population public-will model,emergency-restraint-court,No emergency relief without merits review,budgeted-disclosed-lobbying,Budgeted disclosed lobbying,balanced tradeoff
1072,exact,6798,0.579,0.095,0.485,0.485,0.748,0.606,0.606,0.718,0.584,citizen-assembly-threshold,Citizen assembly threshold gate,emergency-integrity-package,Emergency integrity package,randomized-audit-sanctions,Randomized audit and sanctions,balanced tradeoff
1073,exact,6811,0.579,0.095,0.481,0.509,0.724,0.611,0.578,0.775,0.611,committee-regular-order,Committee-first regular order,legislative-override-window,Time-limited legislative override window,full-anti-capture-bundle,Full anti-capture bundle,balanced tradeoff
1074,exact,6815,0.579,0.095,0.481,0.507,0.727,0.611,0.574,0.775,0.611,committee-regular-order,Committee-first regular order,recusal-and-emergency-reform,Peer recusal + reasoned emergency docket,full-anti-capture-bundle,Full anti-capture bundle,balanced tradeoff
1075,exact,6820,0.579,0.095,0.481,0.509,0.723,0.611,0.578,0.775,0.611,committee-regular-order,Committee-first regular order,legislative-override,Judicial review with legislative supermajority override,full-anti-capture-bundle,Full anti-capture bundle,balanced tradeoff
1076,exact,6827,0.579,0.094,0.523,0.501,0.676,0.640,0.503,0.776,0.623,influence-system-majority,Campaign-finance influence system,current-us-like,Stylized current U.S.-like supreme court,full-anti-capture-bundle,Full anti-capture bundle,balanced tradeoff
1077,exact,6831,0.579,0.095,0.481,0.507,0.727,0.611,0.572,0.781,0.611,committee-regular-order,Committee-first regular order,term-limited-balanced,18-year staggered terms + regular appointments,full-anti-capture-bundle,Full anti-capture bundle,balanced tradeoff
1078,exact,6837,0.579,0.095,0.485,0.510,0.747,0.577,0.605,0.763,0.577,citizen-assembly-threshold,Citizen assembly threshold gate,automatic-merits-follow-up,Automatic merits follow-up for emergency relief,democracy-vouchers,Democracy vouchers,balanced tradeoff
1079,exact,6842,0.579,0.094,0.491,0.510,0.736,0.577,0.611,0.750,0.577,random-public-review-panel-majority,Random public review panel + majority,council-concrete-hybrid,Constitutional council with concrete-review backstop,democracy-vouchers,Democracy vouchers,balanced tradeoff
1080,exact,6862,0.579,0.095,0.454,0.499,0.732,0.635,0.597,0.775,0.624,leadership-cartel-majority,Leadership agenda cartel + majority,panel-en-banc,Three-judge panels with en banc correction,full-anti-capture-bundle,Full anti-capture bundle,balanced tradeoff
1081,exact,6867,0.578,0.096,0.500,0.503,0.732,0.574,0.598,0.814,0.574,harm-weighted-majority,Harm-weighted double majority,emergency-restraint-court,No emergency relief without merits review,democracy-vouchers,Democracy vouchers,balanced tradeoff
1082,exact,6872,0.578,0.098,0.528,0.495,0.727,0.553,0.602,0.798,0.545,anti-capture-majority-bundle,Majority + anti-capture bundle,emergency-integrity-package,Emergency integrity package,public-interest-representation-funds,Public-interest representation funds,weak subsystem floor
1083,exact,6876,0.578,0.097,0.515,0.485,0.704,0.605,0.569,0.803,0.599,district-population-majority,District-population public-will model,emergency-integrity-package,Emergency integrity package,budgeted-disclosed-lobbying,Budgeted disclosed lobbying,balanced tradeoff
1084,exact,6888,0.578,0.094,0.457,0.507,0.744,0.620,0.590,0.758,0.620,committee-discharge-target-majority,Committee discharge-petition target,jurisdiction-stripping-constraints,Jurisdiction stripping constrained by rights carveouts,full-anti-capture-bundle,Full anti-capture bundle,balanced tradeoff
1085,exact,6912,0.578,0.094,0.491,0.510,0.741,0.577,0.599,0.751,0.577,random-public-review-panel-majority,Random public review panel + majority,constitutional-remand,Constitutional remand before invalidation,democracy-vouchers,Democracy vouchers,balanced tradeoff
1086,exact,6919,0.578,0.095,0.622,0.502,0.617,0.574,0.484,0.773,0.574,long-horizon-learning-majority,Long-horizon strategic learning,current-us-like,Stylized current U.S.-like supreme court,democracy-vouchers,Democracy vouchers,balanced tradeoff
1087,exact,6924,0.578,0.097,0.472,0.478,0.746,0.625,0.583,0.817,0.599,citizens-agenda-petition-majority,Citizen agenda petitions + majority,automatic-merits-follow-up,Automatic merits follow-up for emergency relief,budgeted-disclosed-lobbying,Budgeted disclosed lobbying,balanced tradeoff
1088,exact,6935,0.578,0.094,0.491,0.511,0.734,0.577,0.609,0.753,0.577,random-public-review-panel-majority,Random public review panel + majority,constitutional-council,Pre-enactment constitutional council,democracy-vouchers,Democracy vouchers,balanced tradeoff
1089,exact,6937,0.578,0.094,0.457,0.506,0.746,0.620,0.587,0.758,0.620,committee-discharge-target-majority,Committee discharge-petition target,nonpartisan-commission,Nonpartisan commission appointments,full-anti-capture-bundle,Full anti-capture bundle,balanced tradeoff
1090,exact,6940,0.578,0.094,0.457,0.506,0.749,0.620,0.583,0.755,0.620,committee-discharge-target-majority,Committee discharge-petition target,mandatory-written-emergency-reasoning,Mandatory written emergency reasoning,full-anti-capture-bundle,Full anti-capture bundle,balanced tradeoff
1091,exact,6945,0.578,0.095,0.491,0.480,0.734,0.612,0.586,0.763,0.599,random-public-review-panel-majority,Random public review panel + majority,panel-en-banc,Three-judge panels with en banc correction,budgeted-disclosed-lobbying,Budgeted disclosed lobbying,balanced tradeoff
1092,exact,6953,0.578,0.096,0.500,0.503,0.730,0.574,0.599,0.806,0.574,harm-weighted-majority,Harm-weighted double majority,emergency-integrity-package,Emergency integrity package,democracy-vouchers,Democracy vouchers,balanced tradeoff
1093,exact,6967,0.578,0.095,0.481,0.506,0.729,0.611,0.565,0.781,0.611,committee-regular-order,Committee-first regular order,supermajority-review,60 percent invalidation threshold,full-anti-capture-bundle,Full anti-capture bundle,balanced tradeoff
1094,exact,6973,0.578,0.094,0.457,0.508,0.743,0.620,0.587,0.758,0.620,committee-discharge-target-majority,Committee discharge-petition target,accountability-retention-court,Retention-election accountability court,full-anti-capture-bundle,Full anti-capture bundle,balanced tradeoff
1095,exact,6974,0.578,0.095,0.487,0.506,0.715,0.612,0.577,0.766,0.606,proportional-committee-assignment-majority,Majority + proportional committee assignment,jurisdiction-stripping-constraints,Jurisdiction stripping constrained by rights carveouts,full-anti-capture-bundle,Full anti-capture bundle,balanced tradeoff
1096,exact,6996,0.578,0.094,0.485,0.511,0.740,0.577,0.612,0.750,0.577,citizen-assembly-threshold,Citizen assembly threshold gate,council-concrete-hybrid,Constitutional council with concrete-review backstop,democracy-vouchers,Democracy vouchers,balanced tradeoff
1097,exact,7004,0.578,0.094,0.457,0.507,0.743,0.620,0.588,0.757,0.620,committee-discharge-target-majority,Committee discharge-petition target,legislative-override-window,Time-limited legislative override window,full-anti-capture-bundle,Full anti-capture bundle,balanced tradeoff
1098,exact,7015,0.578,0.094,0.457,0.507,0.743,0.620,0.588,0.757,0.620,committee-discharge-target-majority,Committee discharge-petition target,legislative-override,Judicial review with legislative supermajority override,full-anti-capture-bundle,Full anti-capture bundle,balanced tradeoff
1099,exact,7032,0.578,0.094,0.457,0.506,0.747,0.620,0.582,0.763,0.620,committee-discharge-target-majority,Committee discharge-petition target,term-limited-balanced,18-year staggered terms + regular appointments,full-anti-capture-bundle,Full anti-capture bundle,balanced tradeoff
1100,exact,7033,0.578,0.095,0.487,0.505,0.717,0.612,0.573,0.766,0.606,proportional-committee-assignment-majority,Majority + proportional committee assignment,nonpartisan-commission,Nonpartisan commission appointments,full-anti-capture-bundle,Full anti-capture bundle,balanced tradeoff
1101,exact,7035,0.578,0.094,0.487,0.505,0.720,0.612,0.569,0.763,0.606,proportional-committee-assignment-majority,Majority + proportional committee assignment,mandatory-written-emergency-reasoning,Mandatory written emergency reasoning,full-anti-capture-bundle,Full anti-capture bundle,balanced tradeoff
1102,exact,7063,0.578,0.095,0.487,0.507,0.714,0.612,0.574,0.766,0.606,proportional-committee-assignment-majority,Majority + proportional committee assignment,accountability-retention-court,Retention-election accountability court,full-anti-capture-bundle,Full anti-capture bundle,balanced tradeoff
1103,exact,7069,0.578,0.096,0.500,0.476,0.730,0.609,0.570,0.790,0.599,harm-weighted-majority,Harm-weighted double majority,remand-override-window-package,Constitutional remand with override window,budgeted-disclosed-lobbying,Budgeted disclosed lobbying,balanced tradeoff
1104,exact,7074,0.578,0.104,0.759,0.468,0.556,0.493,0.448,0.861,0.492,default-pass,Default pass unless 2/3 block,current-us-like,Stylized current U.S.-like supreme court,open-access-lobbying,Open access lobbying,strong delivery; weak subsystem floor
1105,exact,7075,0.578,0.097,0.472,0.505,0.746,0.590,0.595,0.821,0.590,citizens-agenda-petition-majority,Citizen agenda petitions + majority,automatic-merits-follow-up,Automatic merits follow-up for emergency relief,democracy-vouchers,Democracy vouchers,balanced tradeoff
1106,exact,7083,0.578,0.094,0.485,0.511,0.745,0.577,0.600,0.751,0.577,citizen-assembly-threshold,Citizen assembly threshold gate,constitutional-remand,Constitutional remand before invalidation,democracy-vouchers,Democracy vouchers,balanced tradeoff
1107,exact,7085,0.578,0.096,0.509,0.482,0.716,0.607,0.582,0.774,0.573,anti-capture-access-majority,Anti-capture proposal access + majority,constitutional-council,Pre-enactment constitutional council,audit-and-sanctions,Audit and sanctions,balanced tradeoff
1108,exact,7092,0.578,0.096,0.500,0.477,0.732,0.604,0.587,0.774,0.584,harm-weighted-majority,Harm-weighted double majority,emergency-restraint-court,No emergency relief without merits review,randomized-audit-sanctions,Randomized audit and sanctions,balanced tradeoff
1109,exact,7097,0.578,0.094,0.487,0.506,0.714,0.612,0.574,0.765,0.606,proportional-committee-assignment-majority,Majority + proportional committee assignment,legislative-override-window,Time-limited legislative override window,full-anti-capture-bundle,Full anti-capture bundle,balanced tradeoff
1110,exact,7106,0.578,0.096,0.472,0.479,0.739,0.625,0.589,0.805,0.599,citizens-agenda-petition-majority,Citizen agenda petitions + majority,council-concrete-hybrid,Constitutional council with concrete-review backstop,budgeted-disclosed-lobbying,Budgeted disclosed lobbying,balanced tradeoff
1111,exact,7108,0.578,0.094,0.487,0.506,0.714,0.612,0.574,0.765,0.606,proportional-committee-assignment-majority,Majority + proportional committee assignment,legislative-override,Judicial review with legislative supermajority override,full-anti-capture-bundle,Full anti-capture bundle,balanced tradeoff
1112,exact,7109,0.578,0.094,0.485,0.512,0.738,0.577,0.610,0.753,0.577,citizen-assembly-threshold,Citizen assembly threshold gate,constitutional-council,Pre-enactment constitutional council,democracy-vouchers,Democracy vouchers,balanced tradeoff
1113,exact,7114,0.578,0.095,0.485,0.481,0.739,0.611,0.586,0.763,0.599,citizen-assembly-threshold,Citizen assembly threshold gate,panel-en-banc,Three-judge panels with en banc correction,budgeted-disclosed-lobbying,Budgeted disclosed lobbying,balanced tradeoff
1114,exact,7117,0.578,0.096,0.472,0.478,0.747,0.625,0.578,0.800,0.599,citizens-agenda-petition-majority,Citizen agenda petitions + majority,remand-override-window-package,Constitutional remand with override window,budgeted-disclosed-lobbying,Budgeted disclosed lobbying,balanced tradeoff
1115,exact,7133,0.577,0.095,0.487,0.505,0.718,0.612,0.568,0.771,0.606,proportional-committee-assignment-majority,Majority + proportional committee assignment,term-limited-balanced,18-year staggered terms + regular appointments,full-anti-capture-bundle,Full anti-capture bundle,balanced tradeoff
1116,exact,7160,0.577,0.096,0.472,0.480,0.749,0.620,0.594,0.784,0.584,citizens-agenda-petition-majority,Citizen agenda petitions + majority,emergency-restraint-court,No emergency relief without merits review,randomized-audit-sanctions,Randomized audit and sanctions,balanced tradeoff
1117,exact,7191,0.577,0.108,0.759,0.463,0.607,0.417,0.546,0.847,0.417,default-pass,Default pass unless 2/3 block,emergency-restraint-court,No emergency relief without merits review,revolving-door-dominant,Revolving-door dominant,strong delivery; weak subsystem floor
1118,exact,7205,0.577,0.096,0.500,0.478,0.730,0.604,0.588,0.766,0.584,harm-weighted-majority,Harm-weighted double majority,emergency-integrity-package,Emergency integrity package,randomized-audit-sanctions,Randomized audit and sanctions,balanced tradeoff
1119,exact,7207,0.577,0.097,0.472,0.479,0.744,0.625,0.577,0.806,0.599,citizens-agenda-petition-majority,Citizen agenda petitions + majority,constitutional-remand,Constitutional remand before invalidation,budgeted-disclosed-lobbying,Budgeted disclosed lobbying,balanced tradeoff
1120,exact,7209,0.577,0.097,0.515,0.485,0.703,0.605,0.558,0.807,0.599,district-population-majority,District-population public-will model,automatic-merits-follow-up,Automatic merits follow-up for emergency relief,budgeted-disclosed-lobbying,Budgeted disclosed lobbying,balanced tradeoff
1121,exact,7211,0.577,0.095,0.454,0.500,0.730,0.635,0.586,0.778,0.624,leadership-cartel-majority,Leadership agenda cartel + majority,jurisdiction-stripping-constraints,Jurisdiction stripping constrained by rights carveouts,full-anti-capture-bundle,Full anti-capture bundle,balanced tradeoff
1122,exact,7228,0.577,0.097,0.472,0.480,0.737,0.625,0.587,0.808,0.599,citizens-agenda-petition-majority,Citizen agenda petitions + majority,constitutional-council,Pre-enactment constitutional council,budgeted-disclosed-lobbying,Budgeted disclosed lobbying,balanced tradeoff
1123,exact,7249,0.577,0.096,0.515,0.512,0.706,0.570,0.581,0.814,0.570,district-population-majority,District-population public-will model,emergency-restraint-court,No emergency relief without merits review,democracy-vouchers,Democracy vouchers,balanced tradeoff
1124,exact,7253,0.577,0.096,0.472,0.480,0.747,0.620,0.596,0.776,0.584,citizens-agenda-petition-majority,Citizen agenda petitions + majority,emergency-integrity-package,Emergency integrity package,randomized-audit-sanctions,Randomized audit and sanctions,balanced tradeoff
1125,exact,7255,0.577,0.108,0.759,0.456,0.607,0.421,0.547,0.849,0.421,default-pass,Default pass unless 2/3 block,emergency-restraint-court,No emergency relief without merits review,campaign-finance-dominant,Campaign finance dominant,strong delivery; weak subsystem floor
1126,exact,7265,0.577,0.097,0.472,0.506,0.739,0.590,0.602,0.808,0.590,citizens-agenda-petition-majority,Citizen agenda petitions + majority,council-concrete-hybrid,Constitutional council with concrete-review backstop,democracy-vouchers,Democracy vouchers,balanced tradeoff
1127,exact,7278,0.577,0.095,0.454,0.499,0.732,0.635,0.582,0.778,0.624,leadership-cartel-majority,Leadership agenda cartel + majority,nonpartisan-commission,Nonpartisan commission appointments,full-anti-capture-bundle,Full anti-capture bundle,balanced tradeoff
1128,exact,7279,0.577,0.096,0.472,0.505,0.747,0.590,0.591,0.803,0.590,citizens-agenda-petition-majority,Citizen agenda petitions + majority,remand-override-window-package,Constitutional remand with override window,democracy-vouchers,Democracy vouchers,balanced tradeoff
1129,exact,7282,0.577,0.095,0.454,0.499,0.735,0.635,0.578,0.775,0.624,leadership-cartel-majority,Leadership agenda cartel + majority,mandatory-written-emergency-reasoning,Mandatory written emergency reasoning,full-anti-capture-bundle,Full anti-capture bundle,balanced tradeoff
1130,exact,7304,0.577,0.095,0.487,0.503,0.719,0.612,0.561,0.771,0.606,proportional-committee-assignment-majority,Majority + proportional committee assignment,supermajority-review,60 percent invalidation threshold,full-anti-capture-bundle,Full anti-capture bundle,balanced tradeoff
1131,exact,7319,0.577,0.095,0.454,0.501,0.729,0.635,0.583,0.778,0.624,leadership-cartel-majority,Leadership agenda cartel + majority,accountability-retention-court,Retention-election accountability court,full-anti-capture-bundle,Full anti-capture bundle,balanced tradeoff
1132,exact,7324,0.577,0.095,0.491,0.481,0.732,0.612,0.574,0.766,0.599,random-public-review-panel-majority,Random public review panel + majority,jurisdiction-stripping-constraints,Jurisdiction stripping constrained by rights carveouts,budgeted-disclosed-lobbying,Budgeted disclosed lobbying,balanced tradeoff
1133,exact,7329,0.577,0.096,0.483,0.476,0.738,0.610,0.593,0.785,0.599,public-objection-majority,Public objection window + majority,emergency-restraint-court,No emergency relief without merits review,budgeted-disclosed-lobbying,Budgeted disclosed lobbying,balanced tradeoff
1134,exact,7331,0.577,0.095,0.491,0.507,0.734,0.577,0.598,0.766,0.577,random-public-review-panel-majority,Random public review panel + majority,panel-en-banc,Three-judge panels with en banc correction,democracy-vouchers,Democracy vouchers,balanced tradeoff
1135,exact,7362,0.577,0.095,0.454,0.501,0.729,0.635,0.583,0.776,0.624,leadership-cartel-majority,Leadership agenda cartel + majority,legislative-override-window,Time-limited legislative override window,full-anti-capture-bundle,Full anti-capture bundle,balanced tradeoff
1136,exact,7365,0.577,0.095,0.454,0.499,0.732,0.635,0.580,0.777,0.624,leadership-cartel-majority,Leadership agenda cartel + majority,recusal-and-emergency-reform,Peer recusal + reasoned emergency docket,full-anti-capture-bundle,Full anti-capture bundle,balanced tradeoff
1137,exact,7371,0.577,0.096,0.515,0.512,0.704,0.570,0.582,0.806,0.570,district-population-majority,District-population public-will model,emergency-integrity-package,Emergency integrity package,democracy-vouchers,Democracy vouchers,balanced tradeoff
1138,exact,7373,0.577,0.095,0.454,0.501,0.728,0.635,0.584,0.776,0.624,leadership-cartel-majority,Leadership agenda cartel + majority,legislative-override,Judicial review with legislative supermajority override,full-anti-capture-bundle,Full anti-capture bundle,balanced tradeoff
1139,exact,7378,0.577,0.097,0.472,0.506,0.744,0.590,0.590,0.809,0.590,citizens-agenda-petition-majority,Citizen agenda petitions + majority,constitutional-remand,Constitutional remand before invalidation,democracy-vouchers,Democracy vouchers,balanced tradeoff
1140,exact,7389,0.577,0.095,0.454,0.499,0.732,0.635,0.577,0.782,0.624,leadership-cartel-majority,Leadership agenda cartel + majority,term-limited-balanced,18-year staggered terms + regular appointments,full-anti-capture-bundle,Full anti-capture bundle,balanced tradeoff
1141,exact,7398,0.577,0.095,0.491,0.480,0.734,0.612,0.571,0.766,0.599,random-public-review-panel-majority,Random public review panel + majority,nonpartisan-commission,Nonpartisan commission appointments,budgeted-disclosed-lobbying,Budgeted disclosed lobbying,balanced tradeoff
1142,exact,7399,0.577,0.095,0.491,0.479,0.737,0.612,0.567,0.763,0.599,random-public-review-panel-majority,Random public review panel + majority,mandatory-written-emergency-reasoning,Mandatory written emergency reasoning,budgeted-disclosed-lobbying,Budgeted disclosed lobbying,balanced tradeoff
1143,exact,7403,0.577,0.097,0.492,0.475,0.726,0.607,0.585,0.814,0.599,public-interest-majority,Majority + public-interest screen,emergency-restraint-court,No emergency relief without merits review,budgeted-disclosed-lobbying,Budgeted disclosed lobbying,balanced tradeoff
1144,exact,7404,0.577,0.097,0.472,0.507,0.737,0.590,0.600,0.811,0.590,citizens-agenda-petition-majority,Citizen agenda petitions + majority,constitutional-council,Pre-enactment constitutional council,democracy-vouchers,Democracy vouchers,balanced tradeoff
1145,exact,7425,0.577,0.096,0.515,0.485,0.705,0.605,0.553,0.790,0.599,district-population-majority,District-population public-will model,remand-override-window-package,Constitutional remand with override window,budgeted-disclosed-lobbying,Budgeted disclosed lobbying,balanced tradeoff
1146,exact,7437,0.577,0.095,0.491,0.482,0.730,0.612,0.571,0.766,0.599,random-public-review-panel-majority,Random public review panel + majority,accountability-retention-court,Retention-election accountability court,budgeted-disclosed-lobbying,Budgeted disclosed lobbying,balanced tradeoff
1147,exact,7449,0.576,0.096,0.483,0.476,0.736,0.610,0.594,0.777,0.599,public-objection-majority,Public objection window + majority,emergency-integrity-package,Emergency integrity package,budgeted-disclosed-lobbying,Budgeted disclosed lobbying,balanced tradeoff
1148,exact,7474,0.576,0.095,0.491,0.481,0.730,0.612,0.572,0.764,0.599,random-public-review-panel-majority,Random public review panel + majority,legislative-override-window,Time-limited legislative override window,budgeted-disclosed-lobbying,Budgeted disclosed lobbying,balanced tradeoff
1149,exact,7479,0.576,0.095,0.491,0.480,0.734,0.612,0.568,0.765,0.599,random-public-review-panel-majority,Random public review panel + majority,recusal-and-emergency-reform,Peer recusal + reasoned emergency docket,budgeted-disclosed-lobbying,Budgeted disclosed lobbying,balanced tradeoff
1150,exact,7483,0.576,0.095,0.491,0.481,0.730,0.612,0.572,0.764,0.599,random-public-review-panel-majority,Random public review panel + majority,legislative-override,Judicial review with legislative supermajority override,budgeted-disclosed-lobbying,Budgeted disclosed lobbying,balanced tradeoff
1151,exact,7505,0.576,0.095,0.491,0.480,0.734,0.612,0.565,0.770,0.599,random-public-review-panel-majority,Random public review panel + majority,term-limited-balanced,18-year staggered terms + regular appointments,budgeted-disclosed-lobbying,Budgeted disclosed lobbying,balanced tradeoff
1152,exact,7515,0.576,0.096,0.515,0.486,0.702,0.605,0.553,0.796,0.599,district-population-majority,District-population public-will model,constitutional-remand,Constitutional remand before invalidation,budgeted-disclosed-lobbying,Budgeted disclosed lobbying,balanced tradeoff
1153,exact,7520,0.576,0.095,0.485,0.482,0.736,0.611,0.575,0.766,0.599,citizen-assembly-threshold,Citizen assembly threshold gate,jurisdiction-stripping-constraints,Jurisdiction stripping constrained by rights carveouts,budgeted-disclosed-lobbying,Budgeted disclosed lobbying,balanced tradeoff
1154,exact,7528,0.576,0.096,0.500,0.503,0.730,0.574,0.583,0.793,0.574,harm-weighted-majority,Harm-weighted double majority,remand-override-window-package,Constitutional remand with override window,democracy-vouchers,Democracy vouchers,balanced tradeoff
1155,exact,7531,0.576,0.095,0.485,0.508,0.739,0.577,0.599,0.766,0.577,citizen-assembly-threshold,Citizen assembly threshold gate,panel-en-banc,Three-judge panels with en banc correction,democracy-vouchers,Democracy vouchers,balanced tradeoff
1156,exact,7571,0.576,0.095,0.454,0.498,0.734,0.635,0.571,0.783,0.624,leadership-cartel-majority,Leadership agenda cartel + majority,supermajority-review,60 percent invalidation threshold,full-anti-capture-bundle,Full anti-capture bundle,balanced tradeoff
1157,exact,7590,0.576,0.094,0.509,0.501,0.676,0.646,0.501,0.776,0.623,anti-capture-access-majority,Anti-capture proposal access + majority,current-us-like,Stylized current U.S.-like supreme court,full-anti-capture-bundle,Full anti-capture bundle,balanced tradeoff
1158,exact,7595,0.576,0.095,0.485,0.481,0.738,0.611,0.571,0.766,0.599,citizen-assembly-threshold,Citizen assembly threshold gate,nonpartisan-commission,Nonpartisan commission appointments,budgeted-disclosed-lobbying,Budgeted disclosed lobbying,balanced tradeoff
1159,exact,7597,0.576,0.095,0.485,0.480,0.741,0.611,0.567,0.763,0.599,citizen-assembly-threshold,Citizen assembly threshold gate,mandatory-written-emergency-reasoning,Mandatory written emergency reasoning,budgeted-disclosed-lobbying,Budgeted disclosed lobbying,balanced tradeoff
1160,exact,7621,0.576,0.095,0.485,0.483,0.735,0.611,0.572,0.766,0.599,citizen-assembly-threshold,Citizen assembly threshold gate,accountability-retention-court,Retention-election accountability court,budgeted-disclosed-lobbying,Budgeted disclosed lobbying,balanced tradeoff
1161,exact,7633,0.576,0.096,0.472,0.480,0.746,0.620,0.584,0.781,0.584,citizens-agenda-petition-majority,Citizen agenda petitions + majority,automatic-merits-follow-up,Automatic merits follow-up for emergency relief,randomized-audit-sanctions,Randomized audit and sanctions,balanced tradeoff
1162,exact,7647,0.576,0.097,0.472,0.476,0.738,0.625,0.576,0.820,0.599,citizens-agenda-petition-majority,Citizen agenda petitions + majority,panel-en-banc,Three-judge panels with en banc correction,budgeted-disclosed-lobbying,Budgeted disclosed lobbying,balanced tradeoff
1163,exact,7660,0.576,0.095,0.485,0.482,0.735,0.611,0.572,0.764,0.599,citizen-assembly-threshold,Citizen assembly threshold gate,legislative-override-window,Time-limited legislative override window,budgeted-disclosed-lobbying,Budgeted disclosed lobbying,balanced tradeoff
1164,exact,7668,0.576,0.095,0.485,0.481,0.738,0.611,0.569,0.765,0.599,citizen-assembly-threshold,Citizen assembly threshold gate,recusal-and-emergency-reform,Peer recusal + reasoned emergency docket,budgeted-disclosed-lobbying,Budgeted disclosed lobbying,balanced tradeoff
1165,exact,7676,0.576,0.095,0.485,0.482,0.735,0.611,0.573,0.764,0.599,citizen-assembly-threshold,Citizen assembly threshold gate,legislative-override,Judicial review with legislative supermajority override,budgeted-disclosed-lobbying,Budgeted disclosed lobbying,balanced tradeoff
1166,exact,7678,0.576,0.095,0.491,0.478,0.736,0.612,0.559,0.771,0.599,random-public-review-panel-majority,Random public review panel + majority,supermajority-review,60 percent invalidation threshold,budgeted-disclosed-lobbying,Budgeted disclosed lobbying,balanced tradeoff
1167,exact,7693,0.576,0.095,0.485,0.480,0.739,0.611,0.566,0.770,0.599,citizen-assembly-threshold,Citizen assembly threshold gate,term-limited-balanced,18-year staggered terms + regular appointments,budgeted-disclosed-lobbying,Budgeted disclosed lobbying,balanced tradeoff
1168,exact,7745,0.576,0.095,0.491,0.508,0.732,0.577,0.587,0.769,0.577,random-public-review-panel-majority,Random public review panel + majority,jurisdiction-stripping-constraints,Jurisdiction stripping constrained by rights carveouts,democracy-vouchers,Democracy vouchers,balanced tradeoff
1169,exact,7761,0.575,0.096,0.515,0.512,0.703,0.570,0.571,0.811,0.570,district-population-majority,District-population public-will model,automatic-merits-follow-up,Automatic merits follow-up for emergency relief,democracy-vouchers,Democracy vouchers,balanced tradeoff
1170,exact,7764,0.575,0.108,0.759,0.456,0.604,0.421,0.537,0.846,0.421,default-pass,Default pass unless 2/3 block,automatic-merits-follow-up,Automatic merits follow-up for emergency relief,campaign-finance-dominant,Campaign finance dominant,strong delivery; weak subsystem floor
1171,exact,7775,0.575,0.096,0.483,0.503,0.738,0.576,0.605,0.788,0.576,public-objection-majority,Public objection window + majority,emergency-restraint-court,No emergency relief without merits review,democracy-vouchers,Democracy vouchers,balanced tradeoff
1172,exact,7796,0.575,0.095,0.491,0.507,0.734,0.577,0.583,0.769,0.577,random-public-review-panel-majority,Random public review panel + majority,nonpartisan-commission,Nonpartisan commission appointments,democracy-vouchers,Democracy vouchers,balanced tradeoff
1173,exact,7798,0.575,0.095,0.491,0.506,0.737,0.577,0.579,0.766,0.577,random-public-review-panel-majority,Random public review panel + majority,mandatory-written-emergency-reasoning,Mandatory written emergency reasoning,democracy-vouchers,Democracy vouchers,balanced tradeoff
1174,exact,7814,0.575,0.097,0.472,0.503,0.738,0.590,0.589,0.824,0.590,citizens-agenda-petition-majority,Citizen agenda petitions + majority,panel-en-banc,Three-judge panels with en banc correction,democracy-vouchers,Democracy vouchers,balanced tradeoff
1175,exact,7816,0.575,0.096,0.483,0.476,0.735,0.610,0.583,0.782,0.599,public-objection-majority,Public objection window + majority,automatic-merits-follow-up,Automatic merits follow-up for emergency relief,budgeted-disclosed-lobbying,Budgeted disclosed lobbying,balanced tradeoff
1176,exact,7831,0.575,0.095,0.491,0.509,0.730,0.577,0.584,0.769,0.577,random-public-review-panel-majority,Random public review panel + majority,accountability-retention-court,Retention-election accountability court,democracy-vouchers,Democracy vouchers,balanced tradeoff
1177,exact,7838,0.575,0.096,0.472,0.481,0.739,0.620,0.591,0.768,0.584,citizens-agenda-petition-majority,Citizen agenda petitions + majority,council-concrete-hybrid,Constitutional council with concrete-review backstop,randomized-audit-sanctions,Randomized audit and sanctions,balanced tradeoff
1178,exact,7879,0.575,0.095,0.485,0.479,0.740,0.611,0.560,0.771,0.599,citizen-assembly-threshold,Citizen assembly threshold gate,supermajority-review,60 percent invalidation threshold,budgeted-disclosed-lobbying,Budgeted disclosed lobbying,balanced tradeoff
1179,exact,7888,0.575,0.095,0.491,0.508,0.730,0.577,0.584,0.768,0.577,random-public-review-panel-majority,Random public review panel + majority,legislative-override-window,Time-limited legislative override window,democracy-vouchers,Democracy vouchers,balanced tradeoff
1180,exact,7890,0.575,0.096,0.483,0.503,0.736,0.576,0.607,0.781,0.576,public-objection-majority,Public objection window + majority,emergency-integrity-package,Emergency integrity package,democracy-vouchers,Democracy vouchers,balanced tradeoff
1181,exact,7895,0.575,0.101,0.635,0.488,0.709,0.480,0.499,0.775,0.480,simple-majority-alternatives-pairwise,Unicameral majority + pairwise alternatives,current-us-like,Stylized current U.S.-like supreme court,open-access-lobbying,Open access lobbying,weak subsystem floor
1182,exact,7896,0.575,0.095,0.491,0.506,0.734,0.577,0.581,0.768,0.577,random-public-review-panel-majority,Random public review panel + majority,recusal-and-emergency-reform,Peer recusal + reasoned emergency docket,democracy-vouchers,Democracy vouchers,balanced tradeoff
1183,exact,7903,0.575,0.095,0.491,0.508,0.730,0.577,0.585,0.768,0.577,random-public-review-panel-majority,Random public review panel + majority,legislative-override,Judicial review with legislative supermajority override,democracy-vouchers,Democracy vouchers,balanced tradeoff
1184,exact,7918,0.575,0.097,0.492,0.502,0.726,0.572,0.598,0.818,0.572,public-interest-majority,Majority + public-interest screen,emergency-restraint-court,No emergency relief without merits review,democracy-vouchers,Democracy vouchers,balanced tradeoff
1185,exact,7922,0.575,0.095,0.491,0.506,0.734,0.577,0.578,0.774,0.577,random-public-review-panel-majority,Random public review panel + majority,term-limited-balanced,18-year staggered terms + regular appointments,democracy-vouchers,Democracy vouchers,balanced tradeoff
1186,exact,7928,0.575,0.097,0.523,0.491,0.727,0.547,0.602,0.781,0.547,influence-system-majority,Campaign-finance influence system,emergency-restraint-court,No emergency relief without merits review,outside-spending-disclosure-evasion,Outside-spending disclosure evasion,weak subsystem floor
1187,exact,7945,0.575,0.095,0.485,0.508,0.736,0.577,0.588,0.769,0.577,citizen-assembly-threshold,Citizen assembly threshold gate,jurisdiction-stripping-constraints,Jurisdiction stripping constrained by rights carveouts,democracy-vouchers,Democracy vouchers,balanced tradeoff
1188,exact,7962,0.575,0.097,0.481,0.482,0.738,0.594,0.588,0.826,0.594,committee-regular-order,Committee-first regular order,emergency-restraint-court,No emergency relief without merits review,budgeted-disclosed-lobbying,Budgeted disclosed lobbying,balanced tradeoff
1189,exact,7964,0.575,0.096,0.472,0.480,0.744,0.620,0.579,0.769,0.584,citizens-agenda-petition-majority,Citizen agenda petitions + majority,constitutional-remand,Constitutional remand before invalidation,randomized-audit-sanctions,Randomized audit and sanctions,balanced tradeoff
1190,exact,7985,0.575,0.097,0.515,0.483,0.695,0.605,0.552,0.811,0.599,district-population-majority,District-population public-will model,panel-en-banc,Three-judge panels with en banc correction,budgeted-disclosed-lobbying,Budgeted disclosed lobbying,balanced tradeoff
1191,exact,7989,0.575,0.096,0.515,0.512,0.705,0.570,0.566,0.793,0.570,district-population-majority,District-population public-will model,remand-override-window-package,Constitutional remand with override window,democracy-vouchers,Democracy vouchers,balanced tradeoff
1192,exact,8013,0.575,0.096,0.472,0.482,0.737,0.620,0.589,0.771,0.584,citizens-agenda-petition-majority,Citizen agenda petitions + majority,constitutional-council,Pre-enactment constitutional council,randomized-audit-sanctions,Randomized audit and sanctions,balanced tradeoff
1193,exact,8045,0.575,0.095,0.478,0.501,0.719,0.612,0.573,0.765,0.605,bicameral-majority,Bicameral simple majority,term-limited-balanced,18-year staggered terms + regular appointments,full-anti-capture-bundle,Full anti-capture bundle,balanced tradeoff
1194,exact,8046,0.575,0.095,0.485,0.507,0.738,0.577,0.584,0.769,0.577,citizen-assembly-threshold,Citizen assembly threshold gate,nonpartisan-commission,Nonpartisan commission appointments,democracy-vouchers,Democracy vouchers,balanced tradeoff
1195,exact,8047,0.575,0.095,0.485,0.507,0.741,0.577,0.580,0.766,0.577,citizen-assembly-threshold,Citizen assembly threshold gate,mandatory-written-emergency-reasoning,Mandatory written emergency reasoning,democracy-vouchers,Democracy vouchers,balanced tradeoff
1196,exact,8049,0.575,0.097,0.500,0.475,0.718,0.609,0.557,0.814,0.599,harm-weighted-majority,Harm-weighted double majority,jurisdiction-stripping-constraints,Jurisdiction stripping constrained by rights carveouts,budgeted-disclosed-lobbying,Budgeted disclosed lobbying,balanced tradeoff
1197,exact,8067,0.575,0.105,0.745,0.489,0.673,0.402,0.479,0.659,0.402,expanded-portfolio-hybrid-legislature,Expanded portfolio hybrid legislature,current-us-like,Stylized current U.S.-like supreme court,revolving-door-dominant,Revolving-door dominant,strong delivery; weak subsystem floor
1198,exact,8077,0.575,0.095,0.483,0.477,0.728,0.610,0.589,0.769,0.599,public-objection-majority,Public objection window + majority,council-concrete-hybrid,Constitutional council with concrete-review backstop,budgeted-disclosed-lobbying,Budgeted disclosed lobbying,balanced tradeoff
1199,exact,8079,0.575,0.104,0.635,0.484,0.760,0.404,0.597,0.761,0.404,simple-majority-alternatives-pairwise,Unicameral majority + pairwise alternatives,emergency-restraint-court,No emergency relief without merits review,revolving-door-dominant,Revolving-door dominant,strong rights screen; weak subsystem floor
1200,exact,8081,0.575,0.096,0.523,0.491,0.726,0.547,0.603,0.773,0.547,influence-system-majority,Campaign-finance influence system,emergency-integrity-package,Emergency integrity package,outside-spending-disclosure-evasion,Outside-spending disclosure evasion,weak subsystem floor
1201,exact,8085,0.575,0.095,0.485,0.510,0.735,0.577,0.585,0.769,0.577,citizen-assembly-threshold,Citizen assembly threshold gate,accountability-retention-court,Retention-election accountability court,democracy-vouchers,Democracy vouchers,balanced tradeoff
1202,exact,8086,0.575,0.095,0.483,0.477,0.736,0.610,0.578,0.764,0.599,public-objection-majority,Public objection window + majority,remand-override-window-package,Constitutional remand with override window,budgeted-disclosed-lobbying,Budgeted disclosed lobbying,balanced tradeoff
1203,exact,8109,0.575,0.096,0.515,0.513,0.702,0.570,0.566,0.799,0.570,district-population-majority,District-population public-will model,constitutional-remand,Constitutional remand before invalidation,democracy-vouchers,Democracy vouchers,balanced tradeoff
1204,exact,8112,0.575,0.097,0.472,0.477,0.736,0.625,0.565,0.824,0.599,citizens-agenda-petition-majority,Citizen agenda petitions + majority,jurisdiction-stripping-constraints,Jurisdiction stripping constrained by rights carveouts,budgeted-disclosed-lobbying,Budgeted disclosed lobbying,balanced tradeoff
1205,exact,8114,0.575,0.097,0.481,0.482,0.737,0.594,0.589,0.819,0.594,committee-regular-order,Committee-first regular order,emergency-integrity-package,Emergency integrity package,budgeted-disclosed-lobbying,Budgeted disclosed lobbying,balanced tradeoff
1206,exact,8141,0.574,0.097,0.500,0.474,0.720,0.609,0.554,0.814,0.599,harm-weighted-majority,Harm-weighted double majority,nonpartisan-commission,Nonpartisan commission appointments,budgeted-disclosed-lobbying,Budgeted disclosed lobbying,balanced tradeoff
1207,exact,8143,0.574,0.095,0.485,0.509,0.735,0.577,0.585,0.768,0.577,citizen-assembly-threshold,Citizen assembly threshold gate,legislative-override-window,Time-limited legislative override window,democracy-vouchers,Democracy vouchers,balanced tradeoff
1208,exact,8150,0.574,0.101,0.633,0.488,0.709,0.480,0.499,0.775,0.480,pairwise-amendment-tournament-majority,Pairwise amendment tournament + majority,current-us-like,Stylized current U.S.-like supreme court,open-access-lobbying,Open access lobbying,weak subsystem floor
1209,exact,8151,0.574,0.095,0.485,0.507,0.738,0.577,0.582,0.768,0.577,citizen-assembly-threshold,Citizen assembly threshold gate,recusal-and-emergency-reform,Peer recusal + reasoned emergency docket,democracy-vouchers,Democracy vouchers,balanced tradeoff
1210,exact,8158,0.574,0.095,0.491,0.505,0.736,0.577,0.572,0.774,0.577,random-public-review-panel-majority,Random public review panel + majority,supermajority-review,60 percent invalidation threshold,democracy-vouchers,Democracy vouchers,balanced tradeoff
1211,exact,8161,0.574,0.095,0.485,0.509,0.735,0.577,0.585,0.768,0.577,citizen-assembly-threshold,Citizen assembly threshold gate,legislative-override,Judicial review with legislative supermajority override,democracy-vouchers,Democracy vouchers,balanced tradeoff
1212,exact,8162,0.574,0.105,0.745,0.481,0.673,0.406,0.480,0.661,0.406,expanded-portfolio-hybrid-legislature,Expanded portfolio hybrid legislature,current-us-like,Stylized current U.S.-like supreme court,campaign-finance-dominant,Campaign finance dominant,strong delivery; weak subsystem floor
1213,exact,8165,0.574,0.095,0.491,0.508,0.745,0.554,0.621,0.712,0.554,random-public-review-panel-majority,Random public review panel + majority,emergency-restraint-court,No emergency relief without merits review,bundle-with-evasion,Anti-capture bundle with evasion,balanced tradeoff
1214,exact,8175,0.574,0.104,0.635,0.476,0.760,0.408,0.598,0.763,0.408,simple-majority-alternatives-pairwise,Unicameral majority + pairwise alternatives,emergency-restraint-court,No emergency relief without merits review,campaign-finance-dominant,Campaign finance dominant,strong rights screen; weak subsystem floor
1215,exact,8186,0.574,0.095,0.485,0.507,0.739,0.577,0.579,0.774,0.577,citizen-assembly-threshold,Citizen assembly threshold gate,term-limited-balanced,18-year staggered terms + regular appointments,democracy-vouchers,Democracy vouchers,balanced tradeoff
1216,exact,8216,0.574,0.095,0.483,0.477,0.733,0.610,0.578,0.770,0.599,public-objection-majority,Public objection window + majority,constitutional-remand,Constitutional remand before invalidation,budgeted-disclosed-lobbying,Budgeted disclosed lobbying,balanced tradeoff
1217,exact,8219,0.574,0.097,0.472,0.476,0.737,0.625,0.561,0.824,0.599,citizens-agenda-petition-majority,Citizen agenda petitions + majority,nonpartisan-commission,Nonpartisan commission appointments,budgeted-disclosed-lobbying,Budgeted disclosed lobbying,balanced tradeoff
1218,exact,8220,0.574,0.097,0.472,0.475,0.740,0.625,0.557,0.821,0.599,citizens-agenda-petition-majority,Citizen agenda petitions + majority,mandatory-written-emergency-reasoning,Mandatory written emergency reasoning,budgeted-disclosed-lobbying,Budgeted disclosed lobbying,balanced tradeoff
1219,exact,8238,0.574,0.098,0.523,0.493,0.727,0.539,0.602,0.807,0.539,influence-system-majority,Campaign-finance influence system,emergency-restraint-court,No emergency relief without merits review,public-interest-representation-funds,Public-interest representation funds,weak subsystem floor
1220,exact,8267,0.574,0.097,0.472,0.478,0.734,0.625,0.562,0.824,0.599,citizens-agenda-petition-majority,Citizen agenda petitions + majority,accountability-retention-court,Retention-election accountability court,budgeted-disclosed-lobbying,Budgeted disclosed lobbying,balanced tradeoff
1221,exact,8292,0.574,0.095,0.478,0.500,0.721,0.612,0.567,0.766,0.605,bicameral-majority,Bicameral simple majority,supermajority-review,60 percent invalidation threshold,full-anti-capture-bundle,Full anti-capture bundle,balanced tradeoff
1222,exact,8296,0.574,0.097,0.500,0.473,0.721,0.609,0.549,0.818,0.599,harm-weighted-majority,Harm-weighted double majority,term-limited-balanced,18-year staggered terms + regular appointments,budgeted-disclosed-lobbying,Budgeted disclosed lobbying,balanced tradeoff
1223,exact,8308,0.574,0.096,0.442,0.482,0.744,0.631,0.608,0.778,0.618,parliamentary-coalition-confidence,Parliamentary coalition confidence,emergency-restraint-court,No emergency relief without merits review,full-anti-capture-bundle,Full anti-capture bundle,balanced tradeoff
1224,exact,8318,0.574,0.097,0.487,0.480,0.729,0.595,0.584,0.816,0.595,proportional-committee-assignment-majority,Majority + proportional committee assignment,emergency-restraint-court,No emergency relief without merits review,budgeted-disclosed-lobbying,Budgeted disclosed lobbying,balanced tradeoff
1225,exact,8324,0.574,0.097,0.472,0.477,0.734,0.625,0.562,0.822,0.599,citizens-agenda-petition-majority,Citizen agenda petitions + majority,legislative-override-window,Time-limited legislative override window,budgeted-disclosed-lobbying,Budgeted disclosed lobbying,balanced tradeoff
1226,exact,8327,0.574,0.094,0.491,0.509,0.743,0.554,0.622,0.705,0.554,random-public-review-panel-majority,Random public review panel + majority,emergency-integrity-package,Emergency integrity package,bundle-with-evasion,Anti-capture bundle with evasion,balanced tradeoff
1227,exact,8330,0.574,0.097,0.472,0.476,0.738,0.625,0.559,0.823,0.599,citizens-agenda-petition-majority,Citizen agenda petitions + majority,recusal-and-emergency-reform,Peer recusal + reasoned emergency docket,budgeted-disclosed-lobbying,Budgeted disclosed lobbying,balanced tradeoff
1228,exact,8341,0.574,0.097,0.472,0.477,0.734,0.625,0.563,0.822,0.599,citizens-agenda-petition-majority,Citizen agenda petitions + majority,legislative-override,Judicial review with legislative supermajority override,budgeted-disclosed-lobbying,Budgeted disclosed lobbying,balanced tradeoff
1229,exact,8352,0.574,0.097,0.472,0.504,0.736,0.590,0.578,0.827,0.590,citizens-agenda-petition-majority,Citizen agenda petitions + majority,jurisdiction-stripping-constraints,Jurisdiction stripping constrained by rights carveouts,democracy-vouchers,Democracy vouchers,balanced tradeoff
1230,exact,8353,0.574,0.104,0.633,0.484,0.760,0.403,0.597,0.761,0.403,pairwise-amendment-tournament-majority,Pairwise amendment tournament + majority,emergency-restraint-court,No emergency relief without merits review,revolving-door-dominant,Revolving-door dominant,strong rights screen; weak subsystem floor
1231,exact,8355,0.574,0.097,0.500,0.477,0.732,0.587,0.586,0.783,0.573,harm-weighted-majority,Harm-weighted double majority,emergency-restraint-court,No emergency relief without merits review,audit-and-sanctions,Audit and sanctions,balanced tradeoff
1232,exact,8363,0.574,0.097,0.472,0.476,0.738,0.625,0.556,0.828,0.599,citizens-agenda-petition-majority,Citizen agenda petitions + majority,term-limited-balanced,18-year staggered terms + regular appointments,budgeted-disclosed-lobbying,Budgeted disclosed lobbying,balanced tradeoff
1233,exact,8398,0.574,0.098,0.523,0.493,0.726,0.539,0.604,0.800,0.539,influence-system-majority,Campaign-finance influence system,emergency-integrity-package,Emergency integrity package,public-interest-representation-funds,Public-interest representation funds,weak subsystem floor
1234,exact,8414,0.574,0.096,0.483,0.503,0.735,0.576,0.595,0.785,0.576,public-objection-majority,Public objection window + majority,automatic-merits-follow-up,Automatic merits follow-up for emergency relief,democracy-vouchers,Democracy vouchers,balanced tradeoff
1235,exact,8417,0.574,0.097,0.457,0.481,0.758,0.602,0.598,0.808,0.599,committee-discharge-target-majority,Committee discharge-petition target,emergency-restraint-court,No emergency relief without merits review,budgeted-disclosed-lobbying,Budgeted disclosed lobbying,strong rights screen
1236,exact,8430,0.574,0.097,0.472,0.479,0.749,0.603,0.594,0.793,0.573,citizens-agenda-petition-majority,Citizen agenda petitions + majority,emergency-restraint-court,No emergency relief without merits review,audit-and-sanctions,Audit and sanctions,balanced tradeoff
1237,exact,8436,0.574,0.095,0.485,0.506,0.740,0.577,0.573,0.774,0.577,citizen-assembly-threshold,Citizen assembly threshold gate,supermajority-review,60 percent invalidation threshold,democracy-vouchers,Democracy vouchers,balanced tradeoff
1238,exact,8443,0.574,0.095,0.485,0.509,0.750,0.554,0.622,0.712,0.554,citizen-assembly-threshold,Citizen assembly threshold gate,emergency-restraint-court,No emergency relief without merits review,bundle-with-evasion,Anti-capture bundle with evasion,balanced tradeoff
1239,exact,8455,0.574,0.097,0.472,0.503,0.737,0.590,0.574,0.827,0.590,citizens-agenda-petition-majority,Citizen agenda petitions + majority,nonpartisan-commission,Nonpartisan commission appointments,democracy-vouchers,Democracy vouchers,balanced tradeoff
1240,exact,8457,0.574,0.097,0.472,0.502,0.740,0.590,0.570,0.824,0.590,citizens-agenda-petition-majority,Citizen agenda petitions + majority,mandatory-written-emergency-reasoning,Mandatory written emergency reasoning,democracy-vouchers,Democracy vouchers,balanced tradeoff
1241,exact,8458,0.574,0.104,0.633,0.476,0.760,0.407,0.598,0.764,0.407,pairwise-amendment-tournament-majority,Pairwise amendment tournament + majority,emergency-restraint-court,No emergency relief without merits review,campaign-finance-dominant,Campaign finance dominant,strong rights screen; weak subsystem floor
1242,exact,8484,0.574,0.097,0.472,0.505,0.734,0.590,0.575,0.827,0.590,citizens-agenda-petition-majority,Citizen agenda petitions + majority,accountability-retention-court,Retention-election accountability court,democracy-vouchers,Democracy vouchers,balanced tradeoff
1243,exact,8492,0.574,0.096,0.500,0.477,0.730,0.587,0.588,0.776,0.573,harm-weighted-majority,Harm-weighted double majority,emergency-integrity-package,Emergency integrity package,audit-and-sanctions,Audit and sanctions,balanced tradeoff
1244,exact,8509,0.574,0.097,0.500,0.472,0.722,0.609,0.542,0.819,0.599,harm-weighted-majority,Harm-weighted double majority,supermajority-review,60 percent invalidation threshold,budgeted-disclosed-lobbying,Budgeted disclosed lobbying,balanced tradeoff
1245,exact,8518,0.574,0.097,0.515,0.484,0.693,0.605,0.540,0.814,0.599,district-population-majority,District-population public-will model,jurisdiction-stripping-constraints,Jurisdiction stripping constrained by rights carveouts,budgeted-disclosed-lobbying,Budgeted disclosed lobbying,balanced tradeoff
1246,exact,8519,0.574,0.103,0.659,0.471,0.641,0.480,0.557,0.831,0.480,default-pass-challenge,Default pass + challenge vouchers,emergency-restraint-court,No emergency relief without merits review,open-access-lobbying,Open access lobbying,weak subsystem floor
1247,exact,8524,0.574,0.097,0.472,0.504,0.734,0.590,0.575,0.826,0.590,citizens-agenda-petition-majority,Citizen agenda petitions + majority,legislative-override-window,Time-limited legislative override window,democracy-vouchers,Democracy vouchers,balanced tradeoff
1248,exact,8530,0.573,0.097,0.472,0.502,0.738,0.590,0.572,0.826,0.590,citizens-agenda-petition-majority,Citizen agenda petitions + majority,recusal-and-emergency-reform,Peer recusal + reasoned emergency docket,democracy-vouchers,Democracy vouchers,balanced tradeoff
1249,exact,8531,0.573,0.097,0.457,0.481,0.756,0.602,0.599,0.801,0.599,committee-discharge-target-majority,Committee discharge-petition target,emergency-integrity-package,Emergency integrity package,budgeted-disclosed-lobbying,Budgeted disclosed lobbying,strong rights screen
1250,exact,8538,0.573,0.097,0.472,0.504,0.734,0.590,0.575,0.826,0.590,citizens-agenda-petition-majority,Citizen agenda petitions + majority,legislative-override,Judicial review with legislative supermajority override,democracy-vouchers,Democracy vouchers,balanced tradeoff
1251,exact,8554,0.573,0.097,0.472,0.479,0.747,0.603,0.595,0.786,0.573,citizens-agenda-petition-majority,Citizen agenda petitions + majority,emergency-integrity-package,Emergency integrity package,audit-and-sanctions,Audit and sanctions,balanced tradeoff
1252,exact,8565,0.573,0.097,0.472,0.502,0.738,0.590,0.569,0.831,0.590,citizens-agenda-petition-majority,Citizen agenda petitions + majority,term-limited-balanced,18-year staggered terms + regular appointments,democracy-vouchers,Democracy vouchers,balanced tradeoff
1253,exact,8571,0.573,0.095,0.485,0.509,0.748,0.554,0.623,0.705,0.554,citizen-assembly-threshold,Citizen assembly threshold gate,emergency-integrity-package,Emergency integrity package,bundle-with-evasion,Anti-capture bundle with evasion,balanced tradeoff
1254,exact,8585,0.573,0.097,0.472,0.474,0.740,0.625,0.550,0.829,0.599,citizens-agenda-petition-majority,Citizen agenda petitions + majority,supermajority-review,60 percent invalidation threshold,budgeted-disclosed-lobbying,Budgeted disclosed lobbying,balanced tradeoff
1255,exact,8618,0.573,0.108,0.759,0.461,0.596,0.417,0.530,0.847,0.417,default-pass,Default pass unless 2/3 block,panel-en-banc,Three-judge panels with en banc correction,revolving-door-dominant,Revolving-door dominant,strong delivery; weak subsystem floor
1256,exact,8621,0.573,0.097,0.515,0.483,0.694,0.605,0.537,0.814,0.599,district-population-majority,District-population public-will model,nonpartisan-commission,Nonpartisan commission appointments,budgeted-disclosed-lobbying,Budgeted disclosed lobbying,balanced tradeoff
1257,exact,8624,0.573,0.097,0.515,0.482,0.698,0.605,0.533,0.811,0.599,district-population-majority,District-population public-will model,mandatory-written-emergency-reasoning,Mandatory written emergency reasoning,budgeted-disclosed-lobbying,Budgeted disclosed lobbying,balanced tradeoff
1258,exact,8630,0.573,0.097,0.481,0.482,0.735,0.594,0.578,0.823,0.594,committee-regular-order,Committee-first regular order,automatic-merits-follow-up,Automatic merits follow-up for emergency relief,budgeted-disclosed-lobbying,Budgeted disclosed lobbying,balanced tradeoff
1259,exact,8662,0.573,0.096,0.500,0.501,0.718,0.574,0.570,0.817,0.574,harm-weighted-majority,Harm-weighted double majority,jurisdiction-stripping-constraints,Jurisdiction stripping constrained by rights carveouts,democracy-vouchers,Democracy vouchers,balanced tradeoff
1260,exact,8664,0.573,0.095,0.483,0.504,0.728,0.576,0.602,0.773,0.576,public-objection-majority,Public objection window + majority,council-concrete-hybrid,Constitutional council with concrete-review backstop,democracy-vouchers,Democracy vouchers,balanced tradeoff
1261,exact,8675,0.573,0.095,0.483,0.503,0.736,0.576,0.591,0.768,0.576,public-objection-majority,Public objection window + majority,remand-override-window-package,Constitutional remand with override window,democracy-vouchers,Democracy vouchers,balanced tradeoff
1262,exact,8679,0.573,0.103,0.659,0.471,0.639,0.480,0.559,0.823,0.480,default-pass-challenge,Default pass + challenge vouchers,emergency-integrity-package,Emergency integrity package,open-access-lobbying,Open access lobbying,weak subsystem floor
1263,exact,8700,0.573,0.096,0.515,0.510,0.695,0.570,0.565,0.814,0.570,district-population-majority,District-population public-will model,panel-en-banc,Three-judge panels with en banc correction,democracy-vouchers,Democracy vouchers,balanced tradeoff
1264,exact,8708,0.573,0.108,0.759,0.453,0.596,0.421,0.531,0.849,0.421,default-pass,Default pass unless 2/3 block,panel-en-banc,Three-judge panels with en banc correction,campaign-finance-dominant,Campaign finance dominant,strong delivery; weak subsystem floor
1265,exact,8724,0.573,0.097,0.515,0.483,0.695,0.605,0.534,0.813,0.599,district-population-majority,District-population public-will model,recusal-and-emergency-reform,Peer recusal + reasoned emergency docket,budgeted-disclosed-lobbying,Budgeted disclosed lobbying,balanced tradeoff
1266,exact,8741,0.573,0.097,0.528,0.502,0.678,0.601,0.494,0.831,0.600,anti-capture-majority-bundle,Majority + anti-capture bundle,current-us-like,Stylized current U.S.-like supreme court,democracy-vouchers,Democracy vouchers,balanced tradeoff
1267,exact,8744,0.573,0.096,0.500,0.500,0.720,0.574,0.567,0.817,0.574,harm-weighted-majority,Harm-weighted double majority,nonpartisan-commission,Nonpartisan commission appointments,democracy-vouchers,Democracy vouchers,balanced tradeoff
1268,exact,8750,0.573,0.097,0.515,0.483,0.695,0.605,0.532,0.818,0.599,district-population-majority,District-population public-will model,term-limited-balanced,18-year staggered terms + regular appointments,budgeted-disclosed-lobbying,Budgeted disclosed lobbying,balanced tradeoff
1269,exact,8777,0.573,0.097,0.528,0.475,0.678,0.636,0.482,0.828,0.599,anti-capture-majority-bundle,Majority + anti-capture bundle,current-us-like,Stylized current U.S.-like supreme court,budgeted-disclosed-lobbying,Budgeted disclosed lobbying,balanced tradeoff
1270,exact,8783,0.573,0.095,0.483,0.504,0.733,0.576,0.590,0.774,0.576,public-objection-majority,Public objection window + majority,constitutional-remand,Constitutional remand before invalidation,democracy-vouchers,Democracy vouchers,balanced tradeoff
1271,exact,8804,0.573,0.097,0.472,0.501,0.740,0.590,0.563,0.832,0.590,citizens-agenda-petition-majority,Citizen agenda petitions + majority,supermajority-review,60 percent invalidation threshold,democracy-vouchers,Democracy vouchers,balanced tradeoff
1272,exact,8810,0.573,0.096,0.472,0.504,0.749,0.567,0.612,0.770,0.567,citizens-agenda-petition-majority,Citizen agenda petitions + majority,emergency-restraint-court,No emergency relief without merits review,bundle-with-evasion,Anti-capture bundle with evasion,balanced tradeoff
1273,exact,8812,0.573,0.097,0.481,0.484,0.738,0.589,0.590,0.789,0.584,committee-regular-order,Committee-first regular order,emergency-restraint-court,No emergency relief without merits review,randomized-audit-sanctions,Randomized audit and sanctions,balanced tradeoff
1274,exact,8821,0.573,0.097,0.481,0.509,0.738,0.559,0.601,0.829,0.559,committee-regular-order,Committee-first regular order,emergency-restraint-court,No emergency relief without merits review,democracy-vouchers,Democracy vouchers,balanced tradeoff
1275,exact,8823,0.573,0.104,0.635,0.477,0.757,0.408,0.588,0.760,0.408,simple-majority-alternatives-pairwise,Unicameral majority + pairwise alternatives,automatic-merits-follow-up,Automatic merits follow-up for emergency relief,campaign-finance-dominant,Campaign finance dominant,strong rights screen; weak subsystem floor
1276,exact,8886,0.573,0.096,0.500,0.500,0.721,0.574,0.562,0.822,0.574,harm-weighted-majority,Harm-weighted double majority,term-limited-balanced,18-year staggered terms + regular appointments,democracy-vouchers,Democracy vouchers,balanced tradeoff
1277,exact,8894,0.573,0.097,0.492,0.473,0.715,0.607,0.569,0.815,0.599,public-interest-majority,Majority + public-interest screen,panel-en-banc,Three-judge panels with en banc correction,budgeted-disclosed-lobbying,Budgeted disclosed lobbying,balanced tradeoff
1278,exact,8902,0.573,0.097,0.481,0.482,0.737,0.594,0.573,0.805,0.594,committee-regular-order,Committee-first regular order,remand-override-window-package,Constitutional remand with override window,budgeted-disclosed-lobbying,Budgeted disclosed lobbying,balanced tradeoff
1279,exact,8932,0.573,0.096,0.442,0.482,0.741,0.631,0.598,0.775,0.618,parliamentary-coalition-confidence,Parliamentary coalition confidence,automatic-merits-follow-up,Automatic merits follow-up for emergency relief,full-anti-capture-bundle,Full anti-capture bundle,balanced tradeoff
1280,exact,8953,0.572,0.096,0.481,0.484,0.737,0.589,0.591,0.782,0.584,committee-regular-order,Committee-first regular order,emergency-integrity-package,Emergency integrity package,randomized-audit-sanctions,Randomized audit and sanctions,balanced tradeoff
1281,exact,8958,0.572,0.097,0.481,0.509,0.737,0.559,0.602,0.822,0.559,committee-regular-order,Committee-first regular order,emergency-integrity-package,Emergency integrity package,democracy-vouchers,Democracy vouchers,balanced tradeoff
1282,exact,8969,0.572,0.098,0.454,0.474,0.743,0.618,0.593,0.828,0.599,leadership-cartel-majority,Leadership agenda cartel + majority,emergency-restraint-court,No emergency relief without merits review,budgeted-disclosed-lobbying,Budgeted disclosed lobbying,balanced tradeoff
1283,exact,8977,0.572,0.097,0.515,0.481,0.697,0.605,0.525,0.819,0.599,district-population-majority,District-population public-will model,supermajority-review,60 percent invalidation threshold,budgeted-disclosed-lobbying,Budgeted disclosed lobbying,balanced tradeoff
1284,exact,9023,0.572,0.097,0.481,0.483,0.734,0.594,0.573,0.811,0.594,committee-regular-order,Committee-first regular order,constitutional-remand,Constitutional remand before invalidation,budgeted-disclosed-lobbying,Budgeted disclosed lobbying,balanced tradeoff
1285,exact,9036,0.572,0.097,0.457,0.481,0.755,0.602,0.588,0.805,0.599,committee-discharge-target-majority,Committee discharge-petition target,automatic-merits-follow-up,Automatic merits follow-up for emergency relief,budgeted-disclosed-lobbying,Budgeted disclosed lobbying,strong rights screen
1286,exact,9063,0.572,0.097,0.472,0.479,0.746,0.603,0.584,0.790,0.573,citizens-agenda-petition-majority,Citizen agenda petitions + majority,automatic-merits-follow-up,Automatic merits follow-up for emergency relief,audit-and-sanctions,Audit and sanctions,balanced tradeoff
1287,exact,9085,0.572,0.104,0.633,0.477,0.757,0.407,0.588,0.761,0.407,pairwise-amendment-tournament-majority,Pairwise amendment tournament + majority,automatic-merits-follow-up,Automatic merits follow-up for emergency relief,campaign-finance-dominant,Campaign finance dominant,strong rights screen; weak subsystem floor
1288,exact,9135,0.572,0.096,0.500,0.499,0.722,0.574,0.555,0.822,0.574,harm-weighted-majority,Harm-weighted double majority,supermajority-review,60 percent invalidation threshold,democracy-vouchers,Democracy vouchers,balanced tradeoff
1289,exact,9141,0.572,0.095,0.500,0.502,0.732,0.552,0.604,0.760,0.552,harm-weighted-majority,Harm-weighted double majority,emergency-restraint-court,No emergency relief without merits review,bundle-with-evasion,Anti-capture bundle with evasion,balanced tradeoff
1290,exact,9147,0.572,0.098,0.454,0.474,0.741,0.618,0.595,0.820,0.599,leadership-cartel-majority,Leadership agenda cartel + majority,emergency-integrity-package,Emergency integrity package,budgeted-disclosed-lobbying,Budgeted disclosed lobbying,balanced tradeoff
1291,exact,9161,0.572,0.108,0.759,0.462,0.594,0.417,0.519,0.850,0.417,default-pass,Default pass unless 2/3 block,jurisdiction-stripping-constraints,Jurisdiction stripping constrained by rights carveouts,revolving-door-dominant,Revolving-door dominant,strong delivery; weak subsystem floor
1292,exact,9178,0.572,0.097,0.487,0.506,0.729,0.560,0.597,0.819,0.560,proportional-committee-assignment-majority,Majority + proportional committee assignment,emergency-restraint-court,No emergency relief without merits review,democracy-vouchers,Democracy vouchers,balanced tradeoff
1293,exact,9188,0.572,0.097,0.457,0.507,0.758,0.568,0.611,0.811,0.568,committee-discharge-target-majority,Committee discharge-petition target,emergency-restraint-court,No emergency relief without merits review,democracy-vouchers,Democracy vouchers,strong rights screen
1294,exact,9202,0.572,0.103,0.659,0.471,0.638,0.480,0.548,0.828,0.480,default-pass-challenge,Default pass + challenge vouchers,automatic-merits-follow-up,Automatic merits follow-up for emergency relief,open-access-lobbying,Open access lobbying,weak subsystem floor
1295,exact,9215,0.572,0.098,0.509,0.494,0.727,0.546,0.600,0.807,0.545,anti-capture-access-majority,Anti-capture proposal access + majority,emergency-restraint-court,No emergency relief without merits review,public-interest-representation-funds,Public-interest representation funds,weak subsystem floor
1296,exact,9255,0.572,0.096,0.515,0.511,0.693,0.570,0.553,0.817,0.570,district-population-majority,District-population public-will model,jurisdiction-stripping-constraints,Jurisdiction stripping constrained by rights carveouts,democracy-vouchers,Democracy vouchers,balanced tradeoff
1297,exact,9264,0.572,0.108,0.759,0.454,0.594,0.421,0.520,0.852,0.421,default-pass,Default pass unless 2/3 block,jurisdiction-stripping-constraints,Jurisdiction stripping constrained by rights carveouts,campaign-finance-dominant,Campaign finance dominant,strong delivery; weak subsystem floor
1298,exact,9265,0.572,0.108,0.759,0.461,0.598,0.417,0.511,0.847,0.417,default-pass,Default pass unless 2/3 block,mandatory-written-emergency-reasoning,Mandatory written emergency reasoning,revolving-door-dominant,Revolving-door dominant,strong delivery; weak subsystem floor
1299,exact,9311,0.572,0.095,0.500,0.502,0.730,0.552,0.605,0.753,0.552,harm-weighted-majority,Harm-weighted double majority,emergency-integrity-package,Emergency integrity package,bundle-with-evasion,Anti-capture bundle with evasion,balanced tradeoff
1300,exact,9342,0.572,0.096,0.457,0.482,0.748,0.602,0.594,0.793,0.599,committee-discharge-target-majority,Committee discharge-petition target,council-concrete-hybrid,Constitutional council with concrete-review backstop,budgeted-disclosed-lobbying,Budgeted disclosed lobbying,balanced tradeoff
1301,exact,9346,0.572,0.097,0.457,0.508,0.756,0.568,0.612,0.804,0.568,committee-discharge-target-majority,Committee discharge-petition target,emergency-integrity-package,Emergency integrity package,democracy-vouchers,Democracy vouchers,strong rights screen
1302,exact,9362,0.572,0.096,0.457,0.481,0.756,0.602,0.583,0.788,0.599,committee-discharge-target-majority,Committee discharge-petition target,remand-override-window-package,Constitutional remand with override window,budgeted-disclosed-lobbying,Budgeted disclosed lobbying,strong rights screen
1303,exact,9368,0.572,0.096,0.515,0.510,0.694,0.570,0.550,0.817,0.570,district-population-majority,District-population public-will model,nonpartisan-commission,Nonpartisan commission appointments,democracy-vouchers,Democracy vouchers,balanced tradeoff
1304,exact,9372,0.572,0.096,0.472,0.480,0.739,0.603,0.590,0.778,0.573,citizens-agenda-petition-majority,Citizen agenda petitions + majority,council-concrete-hybrid,Constitutional council with concrete-review backstop,audit-and-sanctions,Audit and sanctions,balanced tradeoff
1305,exact,9373,0.572,0.096,0.515,0.509,0.698,0.570,0.546,0.814,0.570,district-population-majority,District-population public-will model,mandatory-written-emergency-reasoning,Mandatory written emergency reasoning,democracy-vouchers,Democracy vouchers,balanced tradeoff
1306,exact,9381,0.572,0.108,0.759,0.453,0.598,0.421,0.512,0.849,0.421,default-pass,Default pass unless 2/3 block,mandatory-written-emergency-reasoning,Mandatory written emergency reasoning,campaign-finance-dominant,Campaign finance dominant,strong delivery; weak subsystem floor
1307,exact,9385,0.572,0.098,0.509,0.494,0.726,0.546,0.601,0.800,0.545,anti-capture-access-majority,Anti-capture proposal access + majority,emergency-integrity-package,Emergency integrity package,public-interest-representation-funds,Public-interest representation funds,weak subsystem floor
1308,exact,9423,0.571,0.096,0.457,0.482,0.758,0.597,0.600,0.771,0.584,committee-discharge-target-majority,Committee discharge-petition target,emergency-restraint-court,No emergency relief without merits review,randomized-audit-sanctions,Randomized audit and sanctions,strong rights screen
1309,exact,9426,0.571,0.098,0.454,0.501,0.743,0.584,0.606,0.831,0.584,leadership-cartel-majority,Leadership agenda cartel + majority,emergency-restraint-court,No emergency relief without merits review,democracy-vouchers,Democracy vouchers,balanced tradeoff
1310,exact,9446,0.571,0.108,0.759,0.461,0.596,0.417,0.510,0.855,0.417,default-pass,Default pass unless 2/3 block,term-limited-balanced,18-year staggered terms + regular appointments,revolving-door-dominant,Revolving-door dominant,strong delivery; weak subsystem floor
1311,exact,9485,0.571,0.097,0.478,0.476,0.730,0.594,0.589,0.811,0.594,bicameral-majority,Bicameral simple majority,emergency-restraint-court,No emergency relief without merits review,budgeted-disclosed-lobbying,Budgeted disclosed lobbying,balanced tradeoff
1312,exact,9497,0.571,0.097,0.492,0.474,0.713,0.607,0.558,0.818,0.599,public-interest-majority,Majority + public-interest screen,jurisdiction-stripping-constraints,Jurisdiction stripping constrained by rights carveouts,budgeted-disclosed-lobbying,Budgeted disclosed lobbying,balanced tradeoff
1313,exact,9507,0.571,0.096,0.515,0.509,0.695,0.570,0.547,0.816,0.570,district-population-majority,District-population public-will model,recusal-and-emergency-reform,Peer recusal + reasoned emergency docket,democracy-vouchers,Democracy vouchers,balanced tradeoff
1314,exact,9512,0.571,0.097,0.457,0.481,0.753,0.602,0.583,0.794,0.599,committee-discharge-target-majority,Committee discharge-petition target,constitutional-remand,Constitutional remand before invalidation,budgeted-disclosed-lobbying,Budgeted disclosed lobbying,strong rights screen
1315,exact,9516,0.571,0.102,0.659,0.472,0.631,0.480,0.554,0.815,0.480,default-pass-challenge,Default pass + challenge vouchers,council-concrete-hybrid,Constitutional council with concrete-review backstop,open-access-lobbying,Open access lobbying,weak subsystem floor
1316,exact,9525,0.571,0.108,0.759,0.455,0.592,0.421,0.517,0.851,0.421,default-pass,Default pass unless 2/3 block,legislative-override,Judicial review with legislative supermajority override,campaign-finance-dominant,Campaign finance dominant,strong delivery; weak subsystem floor
1317,exact,9528,0.571,0.102,0.659,0.471,0.639,0.480,0.543,0.810,0.480,default-pass-challenge,Default pass + challenge vouchers,remand-override-window-package,Constitutional remand with override window,open-access-lobbying,Open access lobbying,weak subsystem floor
1318,exact,9537,0.571,0.096,0.472,0.480,0.744,0.603,0.579,0.779,0.573,citizens-agenda-petition-majority,Citizen agenda petitions + majority,constitutional-remand,Constitutional remand before invalidation,audit-and-sanctions,Audit and sanctions,balanced tradeoff
1319,exact,9539,0.571,0.096,0.481,0.484,0.735,0.589,0.580,0.786,0.584,committee-regular-order,Committee-first regular order,automatic-merits-follow-up,Automatic merits follow-up for emergency relief,randomized-audit-sanctions,Randomized audit and sanctions,balanced tradeoff
1320,exact,9543,0.571,0.096,0.515,0.509,0.695,0.570,0.544,0.822,0.570,district-population-majority,District-population public-will model,term-limited-balanced,18-year staggered terms + regular appointments,democracy-vouchers,Democracy vouchers,balanced tradeoff
1321,exact,9548,0.571,0.108,0.759,0.453,0.596,0.421,0.511,0.857,0.421,default-pass,Default pass unless 2/3 block,term-limited-balanced,18-year staggered terms + regular appointments,campaign-finance-dominant,Campaign finance dominant,strong delivery; weak subsystem floor
1322,exact,9550,0.571,0.097,0.481,0.509,0.735,0.559,0.591,0.826,0.559,committee-regular-order,Committee-first regular order,automatic-merits-follow-up,Automatic merits follow-up for emergency relief,democracy-vouchers,Democracy vouchers,balanced tradeoff
1323,exact,9560,0.571,0.096,0.457,0.483,0.746,0.602,0.592,0.795,0.599,committee-discharge-target-majority,Committee discharge-petition target,constitutional-council,Pre-enactment constitutional council,budgeted-disclosed-lobbying,Budgeted disclosed lobbying,balanced tradeoff
1324,exact,9581,0.571,0.096,0.472,0.481,0.737,0.603,0.588,0.781,0.573,citizens-agenda-petition-majority,Citizen agenda petitions + majority,constitutional-council,Pre-enactment constitutional council,audit-and-sanctions,Audit and sanctions,balanced tradeoff
1325,exact,9586,0.571,0.096,0.457,0.482,0.756,0.597,0.601,0.764,0.584,committee-discharge-target-majority,Committee discharge-petition target,emergency-integrity-package,Emergency integrity package,randomized-audit-sanctions,Randomized audit and sanctions,strong rights screen
1326,exact,9587,0.571,0.098,0.454,0.501,0.741,0.584,0.607,0.824,0.584,leadership-cartel-majority,Leadership agenda cartel + majority,emergency-integrity-package,Emergency integrity package,democracy-vouchers,Democracy vouchers,balanced tradeoff
1327,exact,9599,0.571,0.097,0.492,0.473,0.715,0.607,0.554,0.818,0.599,public-interest-majority,Majority + public-interest screen,nonpartisan-commission,Nonpartisan commission appointments,budgeted-disclosed-lobbying,Budgeted disclosed lobbying,balanced tradeoff
1328,exact,9633,0.571,0.102,0.583,0.490,0.701,0.483,0.583,0.845,0.483,citizen-initiative-referendum,Citizen initiative and referendum,emergency-restraint-court,No emergency relief without merits review,open-access-lobbying,Open access lobbying,weak subsystem floor
1329,exact,9644,0.571,0.096,0.492,0.500,0.715,0.572,0.582,0.818,0.572,public-interest-majority,Majority + public-interest screen,panel-en-banc,Three-judge panels with en banc correction,democracy-vouchers,Democracy vouchers,balanced tradeoff
1330,exact,9652,0.571,0.097,0.492,0.475,0.712,0.607,0.555,0.818,0.599,public-interest-majority,Majority + public-interest screen,accountability-retention-court,Retention-election accountability court,budgeted-disclosed-lobbying,Budgeted disclosed lobbying,balanced tradeoff
1331,exact,9660,0.571,0.096,0.441,0.506,0.748,0.591,0.621,0.757,0.591,supermajority-60,Unicameral 60 percent passage,emergency-restraint-court,No emergency relief without merits review,full-anti-capture-bundle,Full anti-capture bundle,balanced tradeoff
1332,exact,9665,0.571,0.102,0.659,0.472,0.636,0.480,0.542,0.816,0.480,default-pass-challenge,Default pass + challenge vouchers,constitutional-remand,Constitutional remand before invalidation,open-access-lobbying,Open access lobbying,weak subsystem floor
1333,exact,9694,0.571,0.097,0.481,0.480,0.727,0.594,0.572,0.826,0.594,committee-regular-order,Committee-first regular order,panel-en-banc,Three-judge panels with en banc correction,budgeted-disclosed-lobbying,Budgeted disclosed lobbying,balanced tradeoff
1334,exact,9698,0.571,0.108,0.759,0.459,0.598,0.417,0.504,0.855,0.417,default-pass,Default pass unless 2/3 block,supermajority-review,60 percent invalidation threshold,revolving-door-dominant,Revolving-door dominant,strong delivery; weak subsystem floor
1335,exact,9703,0.571,0.102,0.659,0.473,0.629,0.480,0.552,0.818,0.480,default-pass-challenge,Default pass + challenge vouchers,constitutional-council,Pre-enactment constitutional council,open-access-lobbying,Open access lobbying,weak subsystem floor
1336,exact,9717,0.571,0.098,0.454,0.474,0.740,0.618,0.583,0.825,0.599,leadership-cartel-majority,Leadership agenda cartel + majority,automatic-merits-follow-up,Automatic merits follow-up for emergency relief,budgeted-disclosed-lobbying,Budgeted disclosed lobbying,balanced tradeoff
1337,exact,9738,0.571,0.097,0.492,0.473,0.715,0.607,0.549,0.822,0.599,public-interest-majority,Majority + public-interest screen,term-limited-balanced,18-year staggered terms + regular appointments,budgeted-disclosed-lobbying,Budgeted disclosed lobbying,balanced tradeoff
1338,exact,9766,0.571,0.102,0.583,0.490,0.699,0.483,0.585,0.838,0.483,citizen-initiative-referendum,Citizen initiative and referendum,emergency-integrity-package,Emergency integrity package,open-access-lobbying,Open access lobbying,weak subsystem floor
1339,exact,9769,0.571,0.097,0.515,0.508,0.697,0.570,0.538,0.822,0.570,district-population-majority,District-population public-will model,supermajority-review,60 percent invalidation threshold,democracy-vouchers,Democracy vouchers,balanced tradeoff
1340,exact,9777,0.571,0.095,0.515,0.511,0.706,0.547,0.587,0.760,0.547,district-population-majority,District-population public-will model,emergency-restraint-court,No emergency relief without merits review,bundle-with-evasion,Anti-capture bundle with evasion,weak subsystem floor
1341,exact,9779,0.571,0.108,0.759,0.452,0.598,0.421,0.505,0.857,0.421,default-pass,Default pass unless 2/3 block,supermajority-review,60 percent invalidation threshold,campaign-finance-dominant,Campaign finance dominant,strong delivery; weak subsystem floor
1342,exact,9793,0.571,0.104,0.635,0.482,0.749,0.404,0.581,0.761,0.404,simple-majority-alternatives-pairwise,Unicameral majority + pairwise alternatives,panel-en-banc,Three-judge panels with en banc correction,revolving-door-dominant,Revolving-door dominant,weak subsystem floor
1343,exact,9803,0.571,0.096,0.441,0.506,0.747,0.591,0.623,0.750,0.591,supermajority-60,Unicameral 60 percent passage,emergency-integrity-package,Emergency integrity package,full-anti-capture-bundle,Full anti-capture bundle,balanced tradeoff
1344,exact,9830,0.571,0.097,0.481,0.510,0.729,0.559,0.597,0.814,0.559,committee-regular-order,Committee-first regular order,council-concrete-hybrid,Constitutional council with concrete-review backstop,democracy-vouchers,Democracy vouchers,balanced tradeoff
1345,exact,9852,0.571,0.097,0.481,0.509,0.737,0.559,0.586,0.809,0.559,committee-regular-order,Committee-first regular order,remand-override-window-package,Constitutional remand with override window,democracy-vouchers,Democracy vouchers,balanced tradeoff
1346,exact,9921,0.570,0.097,0.487,0.507,0.726,0.560,0.587,0.816,0.560,proportional-committee-assignment-majority,Majority + proportional committee assignment,automatic-merits-follow-up,Automatic merits follow-up for emergency relief,democracy-vouchers,Democracy vouchers,balanced tradeoff
1347,exact,9924,0.570,0.097,0.457,0.508,0.755,0.568,0.601,0.808,0.568,committee-discharge-target-majority,Committee discharge-petition target,automatic-merits-follow-up,Automatic merits follow-up for emergency relief,democracy-vouchers,Democracy vouchers,strong rights screen
1348,exact,9928,0.570,0.104,0.635,0.474,0.749,0.408,0.582,0.763,0.408,simple-majority-alternatives-pairwise,Unicameral majority + pairwise alternatives,panel-en-banc,Three-judge panels with en banc correction,campaign-finance-dominant,Campaign finance dominant,weak subsystem floor
1349,exact,9970,0.570,0.095,0.515,0.512,0.704,0.547,0.588,0.753,0.547,district-population-majority,District-population public-will model,emergency-integrity-package,Emergency integrity package,bundle-with-evasion,Anti-capture bundle with evasion,weak subsystem floor
1350,exact,9983,0.570,0.096,0.481,0.484,0.734,0.589,0.574,0.775,0.584,committee-regular-order,Committee-first regular order,constitutional-remand,Constitutional remand before invalidation,randomized-audit-sanctions,Randomized audit and sanctions,balanced tradeoff
1351,exact,9998,0.570,0.097,0.481,0.510,0.734,0.559,0.585,0.815,0.559,committee-regular-order,Committee-first regular order,constitutional-remand,Constitutional remand before invalidation,democracy-vouchers,Democracy vouchers,balanced tradeoff
1352,exact,10014,0.570,0.097,0.492,0.471,0.717,0.607,0.543,0.823,0.599,public-interest-majority,Majority + public-interest screen,supermajority-review,60 percent invalidation threshold,budgeted-disclosed-lobbying,Budgeted disclosed lobbying,balanced tradeoff
1353,exact,10041,0.570,0.097,0.481,0.511,0.727,0.559,0.595,0.817,0.559,committee-regular-order,Committee-first regular order,constitutional-council,Pre-enactment constitutional council,democracy-vouchers,Democracy vouchers,balanced tradeoff
1354,exact,10051,0.570,0.096,0.444,0.503,0.740,0.597,0.614,0.757,0.594,presidential-veto,Bicameral majority + presidential veto,emergency-restraint-court,No emergency relief without merits review,full-anti-capture-bundle,Full anti-capture bundle,balanced tradeoff
1355,exact,10058,0.570,0.095,0.442,0.479,0.733,0.631,0.592,0.778,0.618,parliamentary-coalition-confidence,Parliamentary coalition confidence,panel-en-banc,Three-judge panels with en banc correction,full-anti-capture-bundle,Full anti-capture bundle,balanced tradeoff
1356,exact,10072,0.570,0.097,0.487,0.478,0.718,0.595,0.568,0.816,0.595,proportional-committee-assignment-majority,Majority + proportional committee assignment,panel-en-banc,Three-judge panels with en banc correction,budgeted-disclosed-lobbying,Budgeted disclosed lobbying,balanced tradeoff
1357,exact,10079,0.570,0.097,0.454,0.475,0.743,0.613,0.595,0.791,0.584,leadership-cartel-majority,Leadership agenda cartel + majority,emergency-restraint-court,No emergency relief without merits review,randomized-audit-sanctions,Randomized audit and sanctions,balanced tradeoff
1358,exact,10109,0.570,0.104,0.633,0.482,0.749,0.403,0.581,0.762,0.403,pairwise-amendment-tournament-majority,Pairwise amendment tournament + majority,panel-en-banc,Three-judge panels with en banc correction,revolving-door-dominant,Revolving-door dominant,weak subsystem floor
1359,exact,10153,0.570,0.096,0.457,0.482,0.755,0.597,0.590,0.768,0.584,committee-discharge-target-majority,Committee discharge-petition target,automatic-merits-follow-up,Automatic merits follow-up for emergency relief,randomized-audit-sanctions,Randomized audit and sanctions,strong rights screen
1360,exact,10155,0.570,0.098,0.454,0.501,0.740,0.584,0.596,0.828,0.584,leadership-cartel-majority,Leadership agenda cartel + majority,automatic-merits-follow-up,Automatic merits follow-up for emergency relief,democracy-vouchers,Democracy vouchers,balanced tradeoff
1361,exact,10170,0.570,0.101,0.619,0.487,0.702,0.485,0.490,0.795,0.485,portfolio-hybrid-legislature,Portfolio hybrid legislature,current-us-like,Stylized current U.S.-like supreme court,open-access-lobbying,Open access lobbying,weak subsystem floor
1362,exact,10179,0.570,0.097,0.457,0.479,0.747,0.602,0.582,0.808,0.599,committee-discharge-target-majority,Committee discharge-petition target,panel-en-banc,Three-judge panels with en banc correction,budgeted-disclosed-lobbying,Budgeted disclosed lobbying,balanced tradeoff
1363,exact,10235,0.570,0.104,0.633,0.474,0.749,0.407,0.582,0.764,0.407,pairwise-amendment-tournament-majority,Pairwise amendment tournament + majority,panel-en-banc,Three-judge panels with en banc correction,campaign-finance-dominant,Campaign finance dominant,weak subsystem floor
1364,exact,10247,0.570,0.096,0.487,0.508,0.719,0.560,0.593,0.804,0.560,proportional-committee-assignment-majority,Majority + proportional committee assignment,council-concrete-hybrid,Constitutional council with concrete-review backstop,democracy-vouchers,Democracy vouchers,balanced tradeoff
1365,exact,10253,0.570,0.096,0.457,0.509,0.748,0.568,0.607,0.796,0.568,committee-discharge-target-majority,Committee discharge-petition target,council-concrete-hybrid,Constitutional council with concrete-review backstop,democracy-vouchers,Democracy vouchers,balanced tradeoff
1366,exact,10261,0.570,0.097,0.492,0.501,0.713,0.572,0.570,0.821,0.572,public-interest-majority,Majority + public-interest screen,jurisdiction-stripping-constraints,Jurisdiction stripping constrained by rights carveouts,democracy-vouchers,Democracy vouchers,balanced tradeoff
1367,exact,10271,0.570,0.096,0.457,0.508,0.756,0.568,0.596,0.791,0.568,committee-discharge-target-majority,Committee discharge-petition target,remand-override-window-package,Constitutional remand with override window,democracy-vouchers,Democracy vouchers,strong rights screen
1368,exact,10288,0.570,0.097,0.454,0.476,0.741,0.613,0.596,0.784,0.584,leadership-cartel-majority,Leadership agenda cartel + majority,emergency-integrity-package,Emergency integrity package,randomized-audit-sanctions,Randomized audit and sanctions,balanced tradeoff
1369,exact,10336,0.570,0.097,0.481,0.481,0.725,0.594,0.560,0.829,0.594,committee-regular-order,Committee-first regular order,jurisdiction-stripping-constraints,Jurisdiction stripping constrained by rights carveouts,budgeted-disclosed-lobbying,Budgeted disclosed lobbying,balanced tradeoff
1370,exact,10348,0.570,0.094,0.472,0.500,0.698,0.642,0.507,0.783,0.623,citizens-agenda-petition-majority,Citizen agenda petitions + majority,current-us-like,Stylized current U.S.-like supreme court,full-anti-capture-bundle,Full anti-capture bundle,balanced tradeoff
1371,exact,10351,0.570,0.103,0.659,0.469,0.630,0.480,0.541,0.831,0.480,default-pass-challenge,Default pass + challenge vouchers,panel-en-banc,Three-judge panels with en banc correction,open-access-lobbying,Open access lobbying,weak subsystem floor
1372,exact,10372,0.569,0.097,0.492,0.500,0.715,0.572,0.567,0.821,0.572,public-interest-majority,Majority + public-interest screen,nonpartisan-commission,Nonpartisan commission appointments,democracy-vouchers,Democracy vouchers,balanced tradeoff
1373,exact,10388,0.569,0.102,0.583,0.490,0.698,0.483,0.574,0.842,0.483,citizen-initiative-referendum,Citizen initiative and referendum,automatic-merits-follow-up,Automatic merits follow-up for emergency relief,open-access-lobbying,Open access lobbying,weak subsystem floor
1374,exact,10402,0.569,0.105,0.619,0.482,0.753,0.408,0.588,0.782,0.408,portfolio-hybrid-legislature,Portfolio hybrid legislature,emergency-restraint-court,No emergency relief without merits review,revolving-door-dominant,Revolving-door dominant,strong rights screen; weak subsystem floor
1375,exact,10408,0.569,0.097,0.457,0.508,0.753,0.568,0.595,0.797,0.568,committee-discharge-target-majority,Committee discharge-petition target,constitutional-remand,Constitutional remand before invalidation,democracy-vouchers,Democracy vouchers,strong rights screen
1376,exact,10424,0.569,0.097,0.492,0.502,0.712,0.572,0.567,0.821,0.572,public-interest-majority,Majority + public-interest screen,accountability-retention-court,Retention-election accountability court,democracy-vouchers,Democracy vouchers,balanced tradeoff
1377,exact,10437,0.569,0.097,0.481,0.480,0.727,0.594,0.557,0.829,0.594,committee-regular-order,Committee-first regular order,nonpartisan-commission,Nonpartisan commission appointments,budgeted-disclosed-lobbying,Budgeted disclosed lobbying,balanced tradeoff
1378,exact,10440,0.569,0.097,0.481,0.479,0.730,0.594,0.553,0.826,0.594,committee-regular-order,Committee-first regular order,mandatory-written-emergency-reasoning,Mandatory written emergency reasoning,budgeted-disclosed-lobbying,Budgeted disclosed lobbying,balanced tradeoff
1379,exact,10459,0.569,0.096,0.487,0.508,0.717,0.560,0.591,0.807,0.560,proportional-committee-assignment-majority,Majority + proportional committee assignment,constitutional-council,Pre-enactment constitutional council,democracy-vouchers,Democracy vouchers,balanced tradeoff
1380,exact,10461,0.569,0.104,0.635,0.483,0.747,0.404,0.569,0.764,0.404,simple-majority-alternatives-pairwise,Unicameral majority + pairwise alternatives,jurisdiction-stripping-constraints,Jurisdiction stripping constrained by rights carveouts,revolving-door-dominant,Revolving-door dominant,weak subsystem floor
1381,exact,10465,0.569,0.096,0.457,0.509,0.746,0.568,0.605,0.799,0.568,committee-discharge-target-majority,Committee discharge-petition target,constitutional-council,Pre-enactment constitutional council,democracy-vouchers,Democracy vouchers,balanced tradeoff
1382,exact,10480,0.569,0.094,0.500,0.498,0.680,0.626,0.500,0.773,0.616,harm-weighted-majority,Harm-weighted double majority,current-us-like,Stylized current U.S.-like supreme court,full-anti-capture-bundle,Full anti-capture bundle,balanced tradeoff
1383,exact,10490,0.569,0.097,0.478,0.503,0.730,0.560,0.602,0.814,0.560,bicameral-majority,Bicameral simple majority,emergency-restraint-court,No emergency relief without merits review,democracy-vouchers,Democracy vouchers,balanced tradeoff
1384,exact,10500,0.569,0.097,0.481,0.482,0.724,0.594,0.557,0.829,0.594,committee-regular-order,Committee-first regular order,accountability-retention-court,Retention-election accountability court,budgeted-disclosed-lobbying,Budgeted disclosed lobbying,balanced tradeoff
1385,exact,10504,0.569,0.096,0.478,0.478,0.730,0.589,0.591,0.774,0.584,bicameral-majority,Bicameral simple majority,emergency-restraint-court,No emergency relief without merits review,randomized-audit-sanctions,Randomized audit and sanctions,balanced tradeoff
1386,exact,10533,0.569,0.105,0.619,0.475,0.753,0.412,0.589,0.784,0.412,portfolio-hybrid-legislature,Portfolio hybrid legislature,emergency-restraint-court,No emergency relief without merits review,campaign-finance-dominant,Campaign finance dominant,strong rights screen; weak subsystem floor
1387,exact,10553,0.569,0.097,0.492,0.499,0.715,0.572,0.562,0.826,0.572,public-interest-majority,Majority + public-interest screen,term-limited-balanced,18-year staggered terms + regular appointments,democracy-vouchers,Democracy vouchers,balanced tradeoff
1388,exact,10571,0.569,0.097,0.481,0.483,0.738,0.572,0.589,0.799,0.572,committee-regular-order,Committee-first regular order,emergency-restraint-court,No emergency relief without merits review,audit-and-sanctions,Audit and sanctions,balanced tradeoff
1389,exact,10578,0.569,0.097,0.481,0.481,0.724,0.594,0.557,0.828,0.594,committee-regular-order,Committee-first regular order,legislative-override-window,Time-limited legislative override window,budgeted-disclosed-lobbying,Budgeted disclosed lobbying,balanced tradeoff
1390,exact,10590,0.569,0.097,0.481,0.480,0.727,0.594,0.554,0.828,0.594,committee-regular-order,Committee-first regular order,recusal-and-emergency-reform,Peer recusal + reasoned emergency docket,budgeted-disclosed-lobbying,Budgeted disclosed lobbying,balanced tradeoff
1391,exact,10594,0.569,0.104,0.635,0.475,0.747,0.408,0.570,0.766,0.408,simple-majority-alternatives-pairwise,Unicameral majority + pairwise alternatives,jurisdiction-stripping-constraints,Jurisdiction stripping constrained by rights carveouts,campaign-finance-dominant,Campaign finance dominant,weak subsystem floor
1392,exact,10595,0.569,0.104,0.635,0.481,0.752,0.404,0.562,0.761,0.404,simple-majority-alternatives-pairwise,Unicameral majority + pairwise alternatives,mandatory-written-emergency-reasoning,Mandatory written emergency reasoning,revolving-door-dominant,Revolving-door dominant,strong rights screen; weak subsystem floor
1393,exact,10604,0.569,0.097,0.481,0.481,0.723,0.594,0.558,0.828,0.594,committee-regular-order,Committee-first regular order,legislative-override,Judicial review with legislative supermajority override,budgeted-disclosed-lobbying,Budgeted disclosed lobbying,balanced tradeoff
1394,exact,10636,0.569,0.097,0.481,0.480,0.727,0.594,0.551,0.834,0.594,committee-regular-order,Committee-first regular order,term-limited-balanced,18-year staggered terms + regular appointments,budgeted-disclosed-lobbying,Budgeted disclosed lobbying,balanced tradeoff
1395,exact,10675,0.569,0.096,0.457,0.483,0.753,0.597,0.584,0.757,0.584,committee-discharge-target-majority,Committee discharge-petition target,constitutional-remand,Constitutional remand before invalidation,randomized-audit-sanctions,Randomized audit and sanctions,strong rights screen
1396,exact,10684,0.569,0.097,0.478,0.503,0.728,0.560,0.604,0.806,0.560,bicameral-majority,Bicameral simple majority,emergency-integrity-package,Emergency integrity package,democracy-vouchers,Democracy vouchers,balanced tradeoff
1397,exact,10707,0.569,0.104,0.635,0.474,0.752,0.408,0.563,0.763,0.408,simple-majority-alternatives-pairwise,Unicameral majority + pairwise alternatives,mandatory-written-emergency-reasoning,Mandatory written emergency reasoning,campaign-finance-dominant,Campaign finance dominant,strong rights screen; weak subsystem floor
1398,exact,10713,0.569,0.107,0.723,0.469,0.627,0.403,0.558,0.792,0.403,default-pass-multiround-mediation-challenge,Default pass + multi-round mediation + challenge,emergency-restraint-court,No emergency relief without merits review,revolving-door-dominant,Revolving-door dominant,strong delivery; weak subsystem floor
1399,exact,10738,0.569,0.097,0.481,0.507,0.727,0.559,0.584,0.829,0.559,committee-regular-order,Committee-first regular order,panel-en-banc,Three-judge panels with en banc correction,democracy-vouchers,Democracy vouchers,balanced tradeoff
1400,exact,10745,0.569,0.096,0.442,0.480,0.730,0.631,0.580,0.781,0.618,parliamentary-coalition-confidence,Parliamentary coalition confidence,jurisdiction-stripping-constraints,Jurisdiction stripping constrained by rights carveouts,full-anti-capture-bundle,Full anti-capture bundle,balanced tradeoff
1401,exact,10747,0.569,0.102,0.583,0.491,0.692,0.483,0.580,0.830,0.483,citizen-initiative-referendum,Citizen initiative and referendum,council-concrete-hybrid,Constitutional council with concrete-review backstop,open-access-lobbying,Open access lobbying,weak subsystem floor
1402,exact,10758,0.569,0.102,0.583,0.490,0.699,0.483,0.569,0.825,0.483,citizen-initiative-referendum,Citizen initiative and referendum,remand-override-window-package,Constitutional remand with override window,open-access-lobbying,Open access lobbying,weak subsystem floor
1403,exact,10761,0.569,0.097,0.481,0.483,0.737,0.572,0.590,0.792,0.572,committee-regular-order,Committee-first regular order,emergency-integrity-package,Emergency integrity package,audit-and-sanctions,Audit and sanctions,balanced tradeoff
1404,exact,10763,0.569,0.104,0.635,0.481,0.749,0.404,0.561,0.769,0.404,simple-majority-alternatives-pairwise,Unicameral majority + pairwise alternatives,term-limited-balanced,18-year staggered terms + regular appointments,revolving-door-dominant,Revolving-door dominant,weak subsystem floor
1405,exact,10806,0.569,0.104,0.633,0.483,0.747,0.403,0.569,0.765,0.403,pairwise-amendment-tournament-majority,Pairwise amendment tournament + majority,jurisdiction-stripping-constraints,Jurisdiction stripping constrained by rights carveouts,revolving-door-dominant,Revolving-door dominant,weak subsystem floor
1406,exact,10835,0.569,0.097,0.523,0.473,0.676,0.623,0.483,0.829,0.599,influence-system-majority,Campaign-finance influence system,current-us-like,Stylized current U.S.-like supreme court,budgeted-disclosed-lobbying,Budgeted disclosed lobbying,balanced tradeoff
1407,exact,10848,0.569,0.107,0.723,0.461,0.627,0.407,0.559,0.794,0.407,default-pass-multiround-mediation-challenge,Default pass + multi-round mediation + challenge,emergency-restraint-court,No emergency relief without merits review,campaign-finance-dominant,Campaign finance dominant,strong delivery; weak subsystem floor
1408,exact,10864,0.569,0.097,0.492,0.498,0.717,0.572,0.555,0.826,0.572,public-interest-majority,Majority + public-interest screen,supermajority-review,60 percent invalidation threshold,democracy-vouchers,Democracy vouchers,balanced tradeoff
1409,exact,10867,0.569,0.104,0.635,0.476,0.745,0.408,0.568,0.765,0.408,simple-majority-alternatives-pairwise,Unicameral majority + pairwise alternatives,legislative-override,Judicial review with legislative supermajority override,campaign-finance-dominant,Campaign finance dominant,weak subsystem floor
1410,exact,10874,0.569,0.095,0.492,0.501,0.726,0.550,0.604,0.764,0.550,public-interest-majority,Majority + public-interest screen,emergency-restraint-court,No emergency relief without merits review,bundle-with-evasion,Anti-capture bundle with evasion,weak subsystem floor
1411,exact,10876,0.569,0.095,0.442,0.479,0.735,0.631,0.573,0.778,0.618,parliamentary-coalition-confidence,Parliamentary coalition confidence,mandatory-written-emergency-reasoning,Mandatory written emergency reasoning,full-anti-capture-bundle,Full anti-capture bundle,balanced tradeoff
1412,exact,10877,0.569,0.097,0.457,0.479,0.744,0.602,0.570,0.811,0.599,committee-discharge-target-majority,Committee discharge-petition target,jurisdiction-stripping-constraints,Jurisdiction stripping constrained by rights carveouts,budgeted-disclosed-lobbying,Budgeted disclosed lobbying,balanced tradeoff
1413,exact,10888,0.569,0.097,0.487,0.477,0.720,0.595,0.549,0.816,0.595,proportional-committee-assignment-majority,Majority + proportional committee assignment,mandatory-written-emergency-reasoning,Mandatory written emergency reasoning,budgeted-disclosed-lobbying,Budgeted disclosed lobbying,balanced tradeoff
1414,exact,10896,0.569,0.105,0.635,0.474,0.749,0.408,0.562,0.771,0.408,simple-majority-alternatives-pairwise,Unicameral majority + pairwise alternatives,term-limited-balanced,18-year staggered terms + regular appointments,campaign-finance-dominant,Campaign finance dominant,weak subsystem floor
1415,exact,10920,0.568,0.102,0.583,0.491,0.697,0.483,0.568,0.831,0.483,citizen-initiative-referendum,Citizen initiative and referendum,constitutional-remand,Constitutional remand before invalidation,open-access-lobbying,Open access lobbying,weak subsystem floor
1416,exact,10933,0.568,0.104,0.633,0.475,0.747,0.407,0.570,0.767,0.407,pairwise-amendment-tournament-majority,Pairwise amendment tournament + majority,jurisdiction-stripping-constraints,Jurisdiction stripping constrained by rights carveouts,campaign-finance-dominant,Campaign finance dominant,weak subsystem floor
1417,exact,10934,0.568,0.104,0.633,0.481,0.752,0.403,0.562,0.762,0.403,pairwise-amendment-tournament-majority,Pairwise amendment tournament + majority,mandatory-written-emergency-reasoning,Mandatory written emergency reasoning,revolving-door-dominant,Revolving-door dominant,strong rights screen; weak subsystem floor
1418,exact,10943,0.568,0.097,0.481,0.478,0.729,0.594,0.545,0.835,0.594,committee-regular-order,Committee-first regular order,supermajority-review,60 percent invalidation threshold,budgeted-disclosed-lobbying,Budgeted disclosed lobbying,balanced tradeoff
1419,exact,10957,0.568,0.098,0.454,0.472,0.732,0.618,0.577,0.828,0.599,leadership-cartel-majority,Leadership agenda cartel + majority,panel-en-banc,Three-judge panels with en banc correction,budgeted-disclosed-lobbying,Budgeted disclosed lobbying,balanced tradeoff
1420,exact,10978,0.568,0.102,0.583,0.492,0.689,0.483,0.578,0.832,0.483,citizen-initiative-referendum,Citizen initiative and referendum,constitutional-council,Pre-enactment constitutional council,open-access-lobbying,Open access lobbying,weak subsystem floor
1421,exact,11000,0.568,0.097,0.457,0.478,0.746,0.602,0.567,0.811,0.599,committee-discharge-target-majority,Committee discharge-petition target,nonpartisan-commission,Nonpartisan commission appointments,budgeted-disclosed-lobbying,Budgeted disclosed lobbying,balanced tradeoff
1422,exact,11002,0.568,0.097,0.457,0.478,0.749,0.602,0.563,0.808,0.599,committee-discharge-target-majority,Committee discharge-petition target,mandatory-written-emergency-reasoning,Mandatory written emergency reasoning,budgeted-disclosed-lobbying,Budgeted disclosed lobbying,balanced tradeoff
1423,exact,11005,0.568,0.096,0.442,0.481,0.729,0.631,0.577,0.779,0.618,parliamentary-coalition-confidence,Parliamentary coalition confidence,legislative-override-window,Time-limited legislative override window,full-anti-capture-bundle,Full anti-capture bundle,balanced tradeoff
1424,exact,11012,0.568,0.095,0.442,0.479,0.732,0.631,0.574,0.780,0.618,parliamentary-coalition-confidence,Parliamentary coalition confidence,recusal-and-emergency-reform,Peer recusal + reasoned emergency docket,full-anti-capture-bundle,Full anti-capture bundle,balanced tradeoff
1425,exact,11024,0.568,0.096,0.442,0.481,0.729,0.631,0.578,0.779,0.618,parliamentary-coalition-confidence,Parliamentary coalition confidence,legislative-override,Judicial review with legislative supermajority override,full-anti-capture-bundle,Full anti-capture bundle,balanced tradeoff
1426,exact,11053,0.568,0.096,0.442,0.479,0.733,0.631,0.571,0.785,0.618,parliamentary-coalition-confidence,Parliamentary coalition confidence,term-limited-balanced,18-year staggered terms + regular appointments,full-anti-capture-bundle,Full anti-capture bundle,balanced tradeoff
1427,exact,11054,0.568,0.103,0.659,0.470,0.628,0.480,0.530,0.834,0.480,default-pass-challenge,Default pass + challenge vouchers,jurisdiction-stripping-constraints,Jurisdiction stripping constrained by rights carveouts,open-access-lobbying,Open access lobbying,weak subsystem floor
1428,exact,11055,0.568,0.097,0.457,0.481,0.743,0.602,0.567,0.811,0.599,committee-discharge-target-majority,Committee discharge-petition target,accountability-retention-court,Retention-election accountability court,budgeted-disclosed-lobbying,Budgeted disclosed lobbying,balanced tradeoff
1429,exact,11059,0.568,0.104,0.633,0.474,0.752,0.407,0.563,0.764,0.407,pairwise-amendment-tournament-majority,Pairwise amendment tournament + majority,mandatory-written-emergency-reasoning,Mandatory written emergency reasoning,campaign-finance-dominant,Campaign finance dominant,strong rights screen; weak subsystem floor
1430,exact,11082,0.568,0.105,0.635,0.480,0.751,0.404,0.554,0.769,0.404,simple-majority-alternatives-pairwise,Unicameral majority + pairwise alternatives,supermajority-review,60 percent invalidation threshold,revolving-door-dominant,Revolving-door dominant,strong rights screen; weak subsystem floor
1431,exact,11101,0.568,0.104,0.633,0.481,0.749,0.403,0.560,0.769,0.403,pairwise-amendment-tournament-majority,Pairwise amendment tournament + majority,term-limited-balanced,18-year staggered terms + regular appointments,revolving-door-dominant,Revolving-door dominant,weak subsystem floor
1432,exact,11115,0.568,0.097,0.457,0.480,0.743,0.602,0.567,0.810,0.599,committee-discharge-target-majority,Committee discharge-petition target,legislative-override-window,Time-limited legislative override window,budgeted-disclosed-lobbying,Budgeted disclosed lobbying,balanced tradeoff
1433,exact,11134,0.568,0.097,0.457,0.480,0.743,0.602,0.568,0.810,0.599,committee-discharge-target-majority,Committee discharge-petition target,legislative-override,Judicial review with legislative supermajority override,budgeted-disclosed-lobbying,Budgeted disclosed lobbying,balanced tradeoff
1434,exact,11159,0.568,0.103,0.659,0.469,0.629,0.480,0.526,0.834,0.480,default-pass-challenge,Default pass + challenge vouchers,nonpartisan-commission,Nonpartisan commission appointments,open-access-lobbying,Open access lobbying,weak subsystem floor
1435,exact,11161,0.568,0.097,0.457,0.478,0.747,0.602,0.561,0.816,0.599,committee-discharge-target-majority,Committee discharge-petition target,term-limited-balanced,18-year staggered terms + regular appointments,budgeted-disclosed-lobbying,Budgeted disclosed lobbying,balanced tradeoff
1436,exact,11162,0.568,0.103,0.659,0.468,0.632,0.480,0.522,0.831,0.480,default-pass-challenge,Default pass + challenge vouchers,mandatory-written-emergency-reasoning,Mandatory written emergency reasoning,open-access-lobbying,Open access lobbying,weak subsystem floor
1437,exact,11166,0.568,0.097,0.487,0.504,0.718,0.560,0.581,0.819,0.560,proportional-committee-assignment-majority,Majority + proportional committee assignment,panel-en-banc,Three-judge panels with en banc correction,democracy-vouchers,Democracy vouchers,balanced tradeoff
1438,exact,11174,0.568,0.097,0.457,0.505,0.747,0.568,0.594,0.811,0.568,committee-discharge-target-majority,Committee discharge-petition target,panel-en-banc,Three-judge panels with en banc correction,democracy-vouchers,Democracy vouchers,balanced tradeoff
1439,exact,11178,0.568,0.096,0.523,0.500,0.676,0.588,0.496,0.832,0.588,influence-system-majority,Campaign-finance influence system,current-us-like,Stylized current U.S.-like supreme court,democracy-vouchers,Democracy vouchers,balanced tradeoff
1440,exact,11200,0.568,0.105,0.635,0.472,0.751,0.408,0.555,0.772,0.408,simple-majority-alternatives-pairwise,Unicameral majority + pairwise alternatives,supermajority-review,60 percent invalidation threshold,campaign-finance-dominant,Campaign finance dominant,strong rights screen; weak subsystem floor
1441,exact,11228,0.568,0.103,0.659,0.471,0.626,0.480,0.527,0.834,0.480,default-pass-challenge,Default pass + challenge vouchers,accountability-retention-court,Retention-election accountability court,open-access-lobbying,Open access lobbying,weak subsystem floor
1442,exact,11234,0.568,0.105,0.633,0.474,0.749,0.407,0.562,0.771,0.407,pairwise-amendment-tournament-majority,Pairwise amendment tournament + majority,term-limited-balanced,18-year staggered terms + regular appointments,campaign-finance-dominant,Campaign finance dominant,weak subsystem floor
1443,exact,11251,0.568,0.097,0.457,0.482,0.758,0.580,0.599,0.781,0.573,committee-discharge-target-majority,Committee discharge-petition target,emergency-restraint-court,No emergency relief without merits review,audit-and-sanctions,Audit and sanctions,strong rights screen
1444,exact,11307,0.568,0.103,0.659,0.470,0.626,0.480,0.527,0.832,0.480,default-pass-challenge,Default pass + challenge vouchers,legislative-override-window,Time-limited legislative override window,open-access-lobbying,Open access lobbying,weak subsystem floor
1445,exact,11315,0.568,0.103,0.659,0.469,0.630,0.480,0.524,0.833,0.480,default-pass-challenge,Default pass + challenge vouchers,recusal-and-emergency-reform,Peer recusal + reasoned emergency docket,open-access-lobbying,Open access lobbying,weak subsystem floor
1446,exact,11321,0.568,0.103,0.659,0.470,0.626,0.480,0.527,0.832,0.480,default-pass-challenge,Default pass + challenge vouchers,legislative-override,Judicial review with legislative supermajority override,open-access-lobbying,Open access lobbying,weak subsystem floor
1447,exact,11344,0.568,0.103,0.659,0.468,0.630,0.480,0.521,0.838,0.480,default-pass-challenge,Default pass + challenge vouchers,term-limited-balanced,18-year staggered terms + regular appointments,open-access-lobbying,Open access lobbying,weak subsystem floor
1448,exact,11349,0.568,0.096,0.442,0.478,0.734,0.631,0.565,0.786,0.618,parliamentary-coalition-confidence,Parliamentary coalition confidence,supermajority-review,60 percent invalidation threshold,full-anti-capture-bundle,Full anti-capture bundle,balanced tradeoff
1449,exact,11359,0.568,0.097,0.487,0.476,0.719,0.595,0.541,0.824,0.595,proportional-committee-assignment-majority,Majority + proportional committee assignment,supermajority-review,60 percent invalidation threshold,budgeted-disclosed-lobbying,Budgeted disclosed lobbying,balanced tradeoff
1450,exact,11371,0.568,0.105,0.619,0.475,0.750,0.412,0.579,0.781,0.412,portfolio-hybrid-legislature,Portfolio hybrid legislature,automatic-merits-follow-up,Automatic merits follow-up for emergency relief,campaign-finance-dominant,Campaign finance dominant,strong rights screen; weak subsystem floor
1451,exact,11394,0.568,0.105,0.633,0.480,0.751,0.403,0.554,0.770,0.403,pairwise-amendment-tournament-majority,Pairwise amendment tournament + majority,supermajority-review,60 percent invalidation threshold,revolving-door-dominant,Revolving-door dominant,strong rights screen; weak subsystem floor
1452,exact,11399,0.568,0.097,0.481,0.483,0.735,0.572,0.579,0.796,0.572,committee-regular-order,Committee-first regular order,automatic-merits-follow-up,Automatic merits follow-up for emergency relief,audit-and-sanctions,Audit and sanctions,balanced tradeoff
1453,exact,11410,0.568,0.095,0.491,0.495,0.745,0.536,0.615,0.730,0.536,random-public-review-panel-majority,Random public review panel + majority,emergency-restraint-court,No emergency relief without merits review,outside-spending-disclosure-evasion,Outside-spending disclosure evasion,weak subsystem floor
1454,exact,11416,0.568,0.097,0.481,0.508,0.725,0.559,0.573,0.833,0.559,committee-regular-order,Committee-first regular order,jurisdiction-stripping-constraints,Jurisdiction stripping constrained by rights carveouts,democracy-vouchers,Democracy vouchers,balanced tradeoff
1455,exact,11425,0.567,0.098,0.454,0.499,0.732,0.584,0.590,0.831,0.584,leadership-cartel-majority,Leadership agenda cartel + majority,panel-en-banc,Three-judge panels with en banc correction,democracy-vouchers,Democracy vouchers,balanced tradeoff
1456,exact,11426,0.567,0.097,0.457,0.482,0.756,0.580,0.600,0.774,0.573,committee-discharge-target-majority,Committee discharge-petition target,emergency-integrity-package,Emergency integrity package,audit-and-sanctions,Audit and sanctions,strong rights screen
1457,exact,11490,0.567,0.105,0.633,0.472,0.751,0.407,0.555,0.772,0.407,pairwise-amendment-tournament-majority,Pairwise amendment tournament + majority,supermajority-review,60 percent invalidation threshold,campaign-finance-dominant,Campaign finance dominant,strong rights screen; weak subsystem floor
1458,exact,11503,0.567,0.097,0.481,0.507,0.727,0.559,0.569,0.833,0.559,committee-regular-order,Committee-first regular order,nonpartisan-commission,Nonpartisan commission appointments,democracy-vouchers,Democracy vouchers,balanced tradeoff
1459,exact,11506,0.567,0.097,0.481,0.506,0.730,0.559,0.565,0.830,0.559,committee-regular-order,Committee-first regular order,mandatory-written-emergency-reasoning,Mandatory written emergency reasoning,democracy-vouchers,Democracy vouchers,balanced tradeoff
1460,exact,11514,0.567,0.095,0.515,0.507,0.655,0.622,0.483,0.773,0.602,district-population-majority,District-population public-will model,current-us-like,Stylized current U.S.-like supreme court,full-anti-capture-bundle,Full anti-capture bundle,balanced tradeoff
1461,exact,11565,0.567,0.097,0.481,0.509,0.724,0.559,0.570,0.833,0.559,committee-regular-order,Committee-first regular order,accountability-retention-court,Retention-election accountability court,democracy-vouchers,Democracy vouchers,balanced tradeoff
1462,exact,11586,0.567,0.098,0.454,0.473,0.730,0.618,0.566,0.831,0.599,leadership-cartel-majority,Leadership agenda cartel + majority,jurisdiction-stripping-constraints,Jurisdiction stripping constrained by rights carveouts,budgeted-disclosed-lobbying,Budgeted disclosed lobbying,balanced tradeoff
1463,exact,11599,0.567,0.103,0.659,0.467,0.631,0.480,0.515,0.839,0.480,default-pass-challenge,Default pass + challenge vouchers,supermajority-review,60 percent invalidation threshold,open-access-lobbying,Open access lobbying,weak subsystem floor
1464,exact,11632,0.567,0.102,0.583,0.488,0.690,0.483,0.567,0.845,0.483,citizen-initiative-referendum,Citizen initiative and referendum,panel-en-banc,Three-judge panels with en banc correction,open-access-lobbying,Open access lobbying,weak subsystem floor
1465,exact,11636,0.567,0.097,0.481,0.508,0.724,0.559,0.570,0.831,0.559,committee-regular-order,Committee-first regular order,legislative-override-window,Time-limited legislative override window,democracy-vouchers,Democracy vouchers,balanced tradeoff
1466,exact,11640,0.567,0.107,0.723,0.461,0.624,0.407,0.549,0.791,0.407,default-pass-multiround-mediation-challenge,Default pass + multi-round mediation + challenge,automatic-merits-follow-up,Automatic merits follow-up for emergency relief,campaign-finance-dominant,Campaign finance dominant,strong delivery; weak subsystem floor
1467,exact,11647,0.567,0.097,0.481,0.507,0.727,0.559,0.567,0.831,0.559,committee-regular-order,Committee-first regular order,recusal-and-emergency-reform,Peer recusal + reasoned emergency docket,democracy-vouchers,Democracy vouchers,balanced tradeoff
1468,exact,11659,0.567,0.097,0.481,0.508,0.723,0.559,0.571,0.831,0.559,committee-regular-order,Committee-first regular order,legislative-override,Judicial review with legislative supermajority override,democracy-vouchers,Democracy vouchers,balanced tradeoff
1469,exact,11664,0.567,0.102,0.598,0.479,0.708,0.460,0.578,0.806,0.460,risk-routed-majority,Risk-routed majority legislature,emergency-restraint-court,No emergency relief without merits review,open-access-lobbying,Open access lobbying,weak subsystem floor
1470,exact,11693,0.567,0.097,0.481,0.506,0.727,0.559,0.564,0.837,0.559,committee-regular-order,Committee-first regular order,term-limited-balanced,18-year staggered terms + regular appointments,democracy-vouchers,Democracy vouchers,balanced tradeoff
1471,exact,11723,0.567,0.098,0.454,0.472,0.732,0.618,0.562,0.831,0.599,leadership-cartel-majority,Leadership agenda cartel + majority,nonpartisan-commission,Nonpartisan commission appointments,budgeted-disclosed-lobbying,Budgeted disclosed lobbying,balanced tradeoff
1472,exact,11724,0.567,0.096,0.485,0.496,0.750,0.536,0.616,0.730,0.536,citizen-assembly-threshold,Citizen assembly threshold gate,emergency-restraint-court,No emergency relief without merits review,outside-spending-disclosure-evasion,Outside-spending disclosure evasion,weak subsystem floor
1473,exact,11731,0.567,0.098,0.454,0.471,0.735,0.618,0.558,0.828,0.599,leadership-cartel-majority,Leadership agenda cartel + majority,mandatory-written-emergency-reasoning,Mandatory written emergency reasoning,budgeted-disclosed-lobbying,Budgeted disclosed lobbying,balanced tradeoff
1474,exact,11772,0.567,0.097,0.491,0.497,0.745,0.529,0.616,0.756,0.529,random-public-review-panel-majority,Random public review panel + majority,emergency-restraint-court,No emergency relief without merits review,public-interest-representation-funds,Public-interest representation funds,weak subsystem floor
1475,exact,11775,0.567,0.098,0.454,0.474,0.729,0.618,0.563,0.831,0.599,leadership-cartel-majority,Leadership agenda cartel + majority,accountability-retention-court,Retention-election accountability court,budgeted-disclosed-lobbying,Budgeted disclosed lobbying,balanced tradeoff
1476,exact,11818,0.567,0.097,0.487,0.505,0.715,0.560,0.569,0.823,0.560,proportional-committee-assignment-majority,Majority + proportional committee assignment,jurisdiction-stripping-constraints,Jurisdiction stripping constrained by rights carveouts,democracy-vouchers,Democracy vouchers,balanced tradeoff
1477,exact,11825,0.567,0.097,0.457,0.506,0.744,0.568,0.583,0.815,0.568,committee-discharge-target-majority,Committee discharge-petition target,jurisdiction-stripping-constraints,Jurisdiction stripping constrained by rights carveouts,democracy-vouchers,Democracy vouchers,balanced tradeoff
1478,exact,11842,0.567,0.098,0.454,0.473,0.729,0.618,0.563,0.830,0.599,leadership-cartel-majority,Leadership agenda cartel + majority,legislative-override-window,Time-limited legislative override window,budgeted-disclosed-lobbying,Budgeted disclosed lobbying,balanced tradeoff
1479,exact,11853,0.567,0.102,0.598,0.479,0.706,0.460,0.580,0.798,0.460,risk-routed-majority,Risk-routed majority legislature,emergency-integrity-package,Emergency integrity package,open-access-lobbying,Open access lobbying,weak subsystem floor
1480,exact,11854,0.567,0.098,0.454,0.472,0.732,0.618,0.560,0.830,0.599,leadership-cartel-majority,Leadership agenda cartel + majority,recusal-and-emergency-reform,Peer recusal + reasoned emergency docket,budgeted-disclosed-lobbying,Budgeted disclosed lobbying,balanced tradeoff
1481,exact,11873,0.567,0.098,0.454,0.473,0.728,0.618,0.563,0.830,0.599,leadership-cartel-majority,Leadership agenda cartel + majority,legislative-override,Judicial review with legislative supermajority override,budgeted-disclosed-lobbying,Budgeted disclosed lobbying,balanced tradeoff
1482,exact,11896,0.567,0.098,0.454,0.471,0.732,0.618,0.557,0.836,0.599,leadership-cartel-majority,Leadership agenda cartel + majority,term-limited-balanced,18-year staggered terms + regular appointments,budgeted-disclosed-lobbying,Budgeted disclosed lobbying,balanced tradeoff
1483,exact,11930,0.566,0.097,0.487,0.504,0.717,0.560,0.566,0.823,0.560,proportional-committee-assignment-majority,Majority + proportional committee assignment,nonpartisan-commission,Nonpartisan commission appointments,democracy-vouchers,Democracy vouchers,balanced tradeoff
1484,exact,11932,0.566,0.097,0.487,0.504,0.720,0.560,0.562,0.819,0.560,proportional-committee-assignment-majority,Majority + proportional committee assignment,mandatory-written-emergency-reasoning,Mandatory written emergency reasoning,democracy-vouchers,Democracy vouchers,balanced tradeoff
1485,exact,11939,0.566,0.097,0.457,0.505,0.746,0.568,0.579,0.815,0.568,committee-discharge-target-majority,Committee discharge-petition target,nonpartisan-commission,Nonpartisan commission appointments,democracy-vouchers,Democracy vouchers,balanced tradeoff
1486,exact,11941,0.566,0.097,0.457,0.505,0.749,0.568,0.575,0.812,0.568,committee-discharge-target-majority,Committee discharge-petition target,mandatory-written-emergency-reasoning,Mandatory written emergency reasoning,democracy-vouchers,Democracy vouchers,balanced tradeoff
1487,exact,11947,0.566,0.096,0.491,0.497,0.743,0.529,0.617,0.749,0.529,random-public-review-panel-majority,Random public review panel + majority,emergency-integrity-package,Emergency integrity package,public-interest-representation-funds,Public-interest representation funds,weak subsystem floor
1488,exact,11983,0.566,0.097,0.481,0.505,0.729,0.559,0.558,0.838,0.559,committee-regular-order,Committee-first regular order,supermajority-review,60 percent invalidation threshold,democracy-vouchers,Democracy vouchers,balanced tradeoff
1489,exact,11988,0.566,0.097,0.487,0.506,0.714,0.560,0.566,0.822,0.560,proportional-committee-assignment-majority,Majority + proportional committee assignment,accountability-retention-court,Retention-election accountability court,democracy-vouchers,Democracy vouchers,balanced tradeoff
1490,exact,11994,0.566,0.096,0.481,0.508,0.738,0.536,0.607,0.776,0.536,committee-regular-order,Committee-first regular order,emergency-restraint-court,No emergency relief without merits review,bundle-with-evasion,Anti-capture bundle with evasion,weak subsystem floor
1491,exact,11996,0.566,0.097,0.457,0.508,0.743,0.568,0.580,0.815,0.568,committee-discharge-target-majority,Committee discharge-petition target,accountability-retention-court,Retention-election accountability court,democracy-vouchers,Democracy vouchers,balanced tradeoff
1492,exact,12040,0.566,0.097,0.457,0.482,0.755,0.580,0.589,0.778,0.573,committee-discharge-target-majority,Committee discharge-petition target,automatic-merits-follow-up,Automatic merits follow-up for emergency relief,audit-and-sanctions,Audit and sanctions,strong rights screen
1493,exact,12063,0.566,0.097,0.487,0.506,0.714,0.560,0.567,0.821,0.560,proportional-committee-assignment-majority,Majority + proportional committee assignment,legislative-override-window,Time-limited legislative override window,democracy-vouchers,Democracy vouchers,balanced tradeoff
1494,exact,12071,0.566,0.097,0.457,0.507,0.743,0.568,0.580,0.813,0.568,committee-discharge-target-majority,Committee discharge-petition target,legislative-override-window,Time-limited legislative override window,democracy-vouchers,Democracy vouchers,balanced tradeoff
1495,exact,12084,0.566,0.098,0.454,0.499,0.730,0.584,0.578,0.834,0.584,leadership-cartel-majority,Leadership agenda cartel + majority,jurisdiction-stripping-constraints,Jurisdiction stripping constrained by rights carveouts,democracy-vouchers,Democracy vouchers,balanced tradeoff
1496,exact,12091,0.566,0.097,0.487,0.506,0.714,0.560,0.567,0.821,0.560,proportional-committee-assignment-majority,Majority + proportional committee assignment,legislative-override,Judicial review with legislative supermajority override,democracy-vouchers,Democracy vouchers,balanced tradeoff
1497,exact,12101,0.566,0.097,0.457,0.507,0.743,0.568,0.581,0.813,0.568,committee-discharge-target-majority,Committee discharge-petition target,legislative-override,Judicial review with legislative supermajority override,democracy-vouchers,Democracy vouchers,balanced tradeoff
1498,exact,12103,0.566,0.097,0.485,0.498,0.750,0.528,0.616,0.756,0.528,citizen-assembly-threshold,Citizen assembly threshold gate,emergency-restraint-court,No emergency relief without merits review,public-interest-representation-funds,Public-interest representation funds,weak subsystem floor
1499,exact,12120,0.566,0.097,0.487,0.504,0.718,0.560,0.560,0.827,0.560,proportional-committee-assignment-majority,Majority + proportional committee assignment,term-limited-balanced,18-year staggered terms + regular appointments,democracy-vouchers,Democracy vouchers,balanced tradeoff
1500,exact,12131,0.566,0.097,0.457,0.505,0.747,0.568,0.574,0.819,0.568,committee-discharge-target-majority,Committee discharge-petition target,term-limited-balanced,18-year staggered terms + regular appointments,democracy-vouchers,Democracy vouchers,balanced tradeoff
1501,exact,12188,0.566,0.096,0.481,0.509,0.737,0.536,0.608,0.769,0.536,committee-regular-order,Committee-first regular order,emergency-integrity-package,Emergency integrity package,bundle-with-evasion,Anti-capture bundle with evasion,weak subsystem floor
1502,exact,12191,0.566,0.097,0.509,0.474,0.676,0.629,0.481,0.829,0.599,anti-capture-access-majority,Anti-capture proposal access + majority,current-us-like,Stylized current U.S.-like supreme court,budgeted-disclosed-lobbying,Budgeted disclosed lobbying,balanced tradeoff
1503,exact,12192,0.566,0.098,0.454,0.470,0.734,0.618,0.551,0.836,0.599,leadership-cartel-majority,Leadership agenda cartel + majority,supermajority-review,60 percent invalidation threshold,budgeted-disclosed-lobbying,Budgeted disclosed lobbying,balanced tradeoff
1504,exact,12199,0.566,0.098,0.454,0.498,0.732,0.584,0.575,0.834,0.584,leadership-cartel-majority,Leadership agenda cartel + majority,nonpartisan-commission,Nonpartisan commission appointments,democracy-vouchers,Democracy vouchers,balanced tradeoff
1505,exact,12203,0.566,0.098,0.454,0.498,0.735,0.584,0.571,0.831,0.584,leadership-cartel-majority,Leadership agenda cartel + majority,mandatory-written-emergency-reasoning,Mandatory written emergency reasoning,democracy-vouchers,Democracy vouchers,balanced tradeoff
1506,exact,12210,0.566,0.097,0.472,0.491,0.749,0.549,0.606,0.787,0.549,citizens-agenda-petition-majority,Citizen agenda petitions + majority,emergency-restraint-court,No emergency relief without merits review,outside-spending-disclosure-evasion,Outside-spending disclosure evasion,weak subsystem floor
1507,exact,12251,0.566,0.098,0.454,0.501,0.729,0.584,0.575,0.834,0.584,leadership-cartel-majority,Leadership agenda cartel + majority,accountability-retention-court,Retention-election accountability court,democracy-vouchers,Democracy vouchers,balanced tradeoff
1508,exact,12273,0.566,0.096,0.485,0.498,0.748,0.528,0.618,0.749,0.528,citizen-assembly-threshold,Citizen assembly threshold gate,emergency-integrity-package,Emergency integrity package,public-interest-representation-funds,Public-interest representation funds,weak subsystem floor
1509,exact,12289,0.566,0.094,0.492,0.497,0.675,0.624,0.500,0.777,0.613,public-interest-majority,Majority + public-interest screen,current-us-like,Stylized current U.S.-like supreme court,full-anti-capture-bundle,Full anti-capture bundle,balanced tradeoff
1510,exact,12298,0.566,0.102,0.583,0.489,0.688,0.483,0.556,0.849,0.483,citizen-initiative-referendum,Citizen initiative and referendum,jurisdiction-stripping-constraints,Jurisdiction stripping constrained by rights carveouts,open-access-lobbying,Open access lobbying,weak subsystem floor
1511,exact,12305,0.566,0.098,0.454,0.500,0.729,0.584,0.576,0.833,0.584,leadership-cartel-majority,Leadership agenda cartel + majority,legislative-override-window,Time-limited legislative override window,democracy-vouchers,Democracy vouchers,balanced tradeoff
1512,exact,12316,0.566,0.098,0.454,0.498,0.732,0.584,0.572,0.833,0.584,leadership-cartel-majority,Leadership agenda cartel + majority,recusal-and-emergency-reform,Peer recusal + reasoned emergency docket,democracy-vouchers,Democracy vouchers,balanced tradeoff
1513,exact,12322,0.566,0.096,0.509,0.501,0.676,0.594,0.493,0.833,0.594,anti-capture-access-majority,Anti-capture proposal access + majority,current-us-like,Stylized current U.S.-like supreme court,democracy-vouchers,Democracy vouchers,balanced tradeoff
1514,exact,12325,0.566,0.098,0.454,0.500,0.728,0.584,0.576,0.833,0.584,leadership-cartel-majority,Leadership agenda cartel + majority,legislative-override,Judicial review with legislative supermajority override,democracy-vouchers,Democracy vouchers,balanced tradeoff
1515,exact,12339,0.566,0.097,0.409,0.504,0.762,0.589,0.634,0.779,0.589,current-system,Stylized U.S.-like conventional benchmark,emergency-restraint-court,No emergency relief without merits review,full-anti-capture-bundle,Full anti-capture bundle,strong rights screen
1516,exact,12346,0.566,0.098,0.454,0.498,0.732,0.584,0.570,0.839,0.584,leadership-cartel-majority,Leadership agenda cartel + majority,term-limited-balanced,18-year staggered terms + regular appointments,democracy-vouchers,Democracy vouchers,balanced tradeoff
1517,exact,12372,0.566,0.097,0.472,0.491,0.747,0.549,0.607,0.780,0.549,citizens-agenda-petition-majority,Citizen agenda petitions + majority,emergency-integrity-package,Emergency integrity package,outside-spending-disclosure-evasion,Outside-spending disclosure evasion,weak subsystem floor
1518,exact,12382,0.566,0.097,0.487,0.503,0.719,0.560,0.554,0.828,0.560,proportional-committee-assignment-majority,Majority + proportional committee assignment,supermajority-review,60 percent invalidation threshold,democracy-vouchers,Democracy vouchers,balanced tradeoff
1519,exact,12391,0.566,0.096,0.487,0.506,0.729,0.537,0.603,0.766,0.537,proportional-committee-assignment-majority,Majority + proportional committee assignment,emergency-restraint-court,No emergency relief without merits review,bundle-with-evasion,Anti-capture bundle with evasion,weak subsystem floor
1520,exact,12395,0.566,0.096,0.457,0.507,0.758,0.545,0.617,0.758,0.545,committee-discharge-target-majority,Committee discharge-petition target,emergency-restraint-court,No emergency relief without merits review,bundle-with-evasion,Anti-capture bundle with evasion,strong rights screen; weak subsystem floor
1521,exact,12402,0.566,0.102,0.583,0.488,0.689,0.483,0.552,0.849,0.483,citizen-initiative-referendum,Citizen initiative and referendum,nonpartisan-commission,Nonpartisan commission appointments,open-access-lobbying,Open access lobbying,weak subsystem floor
1522,exact,12403,0.566,0.102,0.583,0.487,0.693,0.483,0.548,0.845,0.483,citizen-initiative-referendum,Citizen initiative and referendum,mandatory-written-emergency-reasoning,Mandatory written emergency reasoning,open-access-lobbying,Open access lobbying,weak subsystem floor
1523,exact,12446,0.565,0.105,0.619,0.480,0.742,0.408,0.572,0.782,0.408,portfolio-hybrid-legislature,Portfolio hybrid legislature,panel-en-banc,Three-judge panels with en banc correction,revolving-door-dominant,Revolving-door dominant,weak subsystem floor
1524,exact,12456,0.565,0.102,0.583,0.490,0.686,0.483,0.553,0.848,0.483,citizen-initiative-referendum,Citizen initiative and referendum,accountability-retention-court,Retention-election accountability court,open-access-lobbying,Open access lobbying,weak subsystem floor
1525,exact,12457,0.565,0.102,0.598,0.479,0.705,0.460,0.568,0.803,0.460,risk-routed-majority,Risk-routed majority legislature,automatic-merits-follow-up,Automatic merits follow-up for emergency relief,open-access-lobbying,Open access lobbying,weak subsystem floor
1526,exact,12508,0.565,0.096,0.457,0.482,0.753,0.580,0.584,0.767,0.573,committee-discharge-target-majority,Committee discharge-petition target,constitutional-remand,Constitutional remand before invalidation,audit-and-sanctions,Audit and sanctions,strong rights screen
1527,exact,12510,0.565,0.097,0.409,0.504,0.760,0.589,0.635,0.771,0.589,current-system,Stylized U.S.-like conventional benchmark,emergency-integrity-package,Emergency integrity package,full-anti-capture-bundle,Full anti-capture bundle,strong rights screen
1528,exact,12516,0.565,0.102,0.583,0.489,0.686,0.483,0.553,0.847,0.483,citizen-initiative-referendum,Citizen initiative and referendum,legislative-override-window,Time-limited legislative override window,open-access-lobbying,Open access lobbying,weak subsystem floor
1529,exact,12526,0.565,0.102,0.583,0.488,0.690,0.483,0.550,0.847,0.483,citizen-initiative-referendum,Citizen initiative and referendum,recusal-and-emergency-reform,Peer recusal + reasoned emergency docket,open-access-lobbying,Open access lobbying,weak subsystem floor
1530,exact,12535,0.565,0.102,0.583,0.489,0.686,0.483,0.553,0.847,0.483,citizen-initiative-referendum,Citizen initiative and referendum,legislative-override,Judicial review with legislative supermajority override,open-access-lobbying,Open access lobbying,weak subsystem floor
1531,exact,12537,0.565,0.099,0.472,0.493,0.749,0.542,0.606,0.814,0.542,citizens-agenda-petition-majority,Citizen agenda petitions + majority,emergency-restraint-court,No emergency relief without merits review,public-interest-representation-funds,Public-interest representation funds,weak subsystem floor
1532,exact,12552,0.565,0.105,0.619,0.472,0.742,0.412,0.573,0.784,0.412,portfolio-hybrid-legislature,Portfolio hybrid legislature,panel-en-banc,Three-judge panels with en banc correction,campaign-finance-dominant,Campaign finance dominant,weak subsystem floor
1533,exact,12557,0.565,0.102,0.583,0.487,0.690,0.483,0.547,0.853,0.483,citizen-initiative-referendum,Citizen initiative and referendum,term-limited-balanced,18-year staggered terms + regular appointments,open-access-lobbying,Open access lobbying,weak subsystem floor
1534,exact,12559,0.565,0.097,0.500,0.488,0.732,0.533,0.599,0.778,0.533,harm-weighted-majority,Harm-weighted double majority,emergency-restraint-court,No emergency relief without merits review,outside-spending-disclosure-evasion,Outside-spending disclosure evasion,weak subsystem floor
1535,exact,12563,0.565,0.096,0.457,0.507,0.756,0.545,0.618,0.751,0.545,committee-discharge-target-majority,Committee discharge-petition target,emergency-integrity-package,Emergency integrity package,bundle-with-evasion,Anti-capture bundle with evasion,strong rights screen; weak subsystem floor
1536,exact,12624,0.565,0.098,0.454,0.497,0.734,0.584,0.563,0.839,0.584,leadership-cartel-majority,Leadership agenda cartel + majority,supermajority-review,60 percent invalidation threshold,democracy-vouchers,Democracy vouchers,balanced tradeoff
1537,exact,12636,0.565,0.096,0.454,0.500,0.743,0.561,0.612,0.778,0.561,leadership-cartel-majority,Leadership agenda cartel + majority,emergency-restraint-court,No emergency relief without merits review,bundle-with-evasion,Anti-capture bundle with evasion,balanced tradeoff
1538,exact,12696,0.565,0.097,0.478,0.472,0.721,0.594,0.547,0.819,0.594,bicameral-majority,Bicameral simple majority,supermajority-review,60 percent invalidation threshold,budgeted-disclosed-lobbying,Budgeted disclosed lobbying,balanced tradeoff
1539,exact,12717,0.565,0.098,0.472,0.493,0.747,0.542,0.608,0.806,0.542,citizens-agenda-petition-majority,Citizen agenda petitions + majority,emergency-integrity-package,Emergency integrity package,public-interest-representation-funds,Public-interest representation funds,weak subsystem floor
1540,exact,12719,0.565,0.106,0.723,0.467,0.616,0.403,0.542,0.792,0.403,default-pass-multiround-mediation-challenge,Default pass + multi-round mediation + challenge,panel-en-banc,Three-judge panels with en banc correction,revolving-door-dominant,Revolving-door dominant,strong delivery; weak subsystem floor
1541,exact,12734,0.565,0.097,0.412,0.507,0.759,0.588,0.622,0.772,0.588,cloture-conference-review,"Cloture, conference, and judicial review",emergency-restraint-court,No emergency relief without merits review,full-anti-capture-bundle,Full anti-capture bundle,strong rights screen
1542,exact,12757,0.565,0.096,0.500,0.489,0.730,0.533,0.600,0.770,0.533,harm-weighted-majority,Harm-weighted double majority,emergency-integrity-package,Emergency integrity package,outside-spending-disclosure-evasion,Outside-spending disclosure evasion,weak subsystem floor
1543,exact,12782,0.565,0.101,0.598,0.480,0.698,0.460,0.575,0.790,0.460,risk-routed-majority,Risk-routed majority legislature,council-concrete-hybrid,Constitutional council with concrete-review backstop,open-access-lobbying,Open access lobbying,weak subsystem floor
1544,exact,12798,0.565,0.101,0.598,0.479,0.706,0.460,0.564,0.785,0.460,risk-routed-majority,Risk-routed majority legislature,remand-override-window-package,Constitutional remand with override window,open-access-lobbying,Open access lobbying,weak subsystem floor
1545,exact,12805,0.565,0.096,0.454,0.500,0.741,0.561,0.614,0.770,0.561,leadership-cartel-majority,Leadership agenda cartel + majority,emergency-integrity-package,Emergency integrity package,bundle-with-evasion,Anti-capture bundle with evasion,balanced tradeoff
1546,exact,12821,0.565,0.106,0.723,0.459,0.616,0.407,0.543,0.795,0.407,default-pass-multiround-mediation-challenge,Default pass + multi-round mediation + challenge,panel-en-banc,Three-judge panels with en banc correction,campaign-finance-dominant,Campaign finance dominant,strong delivery; weak subsystem floor
1547,exact,12829,0.565,0.102,0.583,0.486,0.692,0.483,0.541,0.854,0.483,citizen-initiative-referendum,Citizen initiative and referendum,supermajority-review,60 percent invalidation threshold,open-access-lobbying,Open access lobbying,weak subsystem floor
1548,exact,12845,0.565,0.102,0.622,0.479,0.668,0.456,0.576,0.789,0.456,long-horizon-learning-majority,Long-horizon strategic learning,emergency-restraint-court,No emergency relief without merits review,open-access-lobbying,Open access lobbying,weak subsystem floor
1549,exact,12894,0.564,0.097,0.412,0.507,0.757,0.588,0.623,0.765,0.588,cloture-conference-review,"Cloture, conference, and judicial review",emergency-integrity-package,Emergency integrity package,full-anti-capture-bundle,Full anti-capture bundle,strong rights screen
1550,exact,12904,0.564,0.098,0.500,0.490,0.732,0.526,0.599,0.804,0.526,harm-weighted-majority,Harm-weighted double majority,emergency-restraint-court,No emergency relief without merits review,public-interest-representation-funds,Public-interest representation funds,weak subsystem floor
1551,exact,12911,0.564,0.101,0.598,0.480,0.703,0.460,0.563,0.791,0.460,risk-routed-majority,Risk-routed majority legislature,constitutional-remand,Constitutional remand before invalidation,open-access-lobbying,Open access lobbying,weak subsystem floor
1552,exact,12962,0.564,0.101,0.598,0.481,0.696,0.460,0.573,0.793,0.460,risk-routed-majority,Risk-routed majority legislature,constitutional-council,Pre-enactment constitutional council,open-access-lobbying,Open access lobbying,weak subsystem floor
1553,exact,12963,0.564,0.098,0.442,0.454,0.744,0.614,0.588,0.831,0.599,parliamentary-coalition-confidence,Parliamentary coalition confidence,emergency-restraint-court,No emergency relief without merits review,budgeted-disclosed-lobbying,Budgeted disclosed lobbying,balanced tradeoff
1554,exact,13019,0.564,0.101,0.622,0.479,0.666,0.456,0.578,0.782,0.456,long-horizon-learning-majority,Long-horizon strategic learning,emergency-integrity-package,Emergency integrity package,open-access-lobbying,Open access lobbying,weak subsystem floor
1555,exact,13033,0.564,0.095,0.481,0.504,0.687,0.611,0.502,0.788,0.611,committee-regular-order,Committee-first regular order,current-us-like,Stylized current U.S.-like supreme court,full-anti-capture-bundle,Full anti-capture bundle,balanced tradeoff
1556,exact,13068,0.564,0.105,0.619,0.481,0.740,0.408,0.561,0.785,0.408,portfolio-hybrid-legislature,Portfolio hybrid legislature,jurisdiction-stripping-constraints,Jurisdiction stripping constrained by rights carveouts,revolving-door-dominant,Revolving-door dominant,weak subsystem floor
1557,exact,13094,0.564,0.098,0.500,0.491,0.730,0.526,0.600,0.797,0.526,harm-weighted-majority,Harm-weighted double majority,emergency-integrity-package,Emergency integrity package,public-interest-representation-funds,Public-interest representation funds,weak subsystem floor
1558,exact,13103,0.564,0.097,0.409,0.504,0.759,0.589,0.624,0.776,0.589,current-system,Stylized U.S.-like conventional benchmark,automatic-merits-follow-up,Automatic merits follow-up for emergency relief,full-anti-capture-bundle,Full anti-capture bundle,strong rights screen
1559,exact,13173,0.564,0.105,0.619,0.473,0.740,0.412,0.562,0.787,0.412,portfolio-hybrid-legislature,Portfolio hybrid legislature,jurisdiction-stripping-constraints,Jurisdiction stripping constrained by rights carveouts,campaign-finance-dominant,Campaign finance dominant,weak subsystem floor
1560,exact,13174,0.564,0.105,0.619,0.479,0.745,0.408,0.553,0.782,0.408,portfolio-hybrid-legislature,Portfolio hybrid legislature,mandatory-written-emergency-reasoning,Mandatory written emergency reasoning,revolving-door-dominant,Revolving-door dominant,weak subsystem floor
1561,exact,13261,0.564,0.095,0.481,0.510,0.727,0.536,0.601,0.763,0.536,committee-regular-order,Committee-first regular order,constitutional-council,Pre-enactment constitutional council,bundle-with-evasion,Anti-capture bundle with evasion,weak subsystem floor
1562,exact,13273,0.564,0.105,0.619,0.472,0.745,0.412,0.554,0.784,0.412,portfolio-hybrid-legislature,Portfolio hybrid legislature,mandatory-written-emergency-reasoning,Mandatory written emergency reasoning,campaign-finance-dominant,Campaign finance dominant,weak subsystem floor
1563,exact,13339,0.564,0.105,0.619,0.480,0.742,0.408,0.552,0.789,0.408,portfolio-hybrid-legislature,Portfolio hybrid legislature,term-limited-balanced,18-year staggered terms + regular appointments,revolving-door-dominant,Revolving-door dominant,weak subsystem floor
1564,exact,13343,0.564,0.107,0.723,0.468,0.614,0.403,0.530,0.796,0.403,default-pass-multiround-mediation-challenge,Default pass + multi-round mediation + challenge,jurisdiction-stripping-constraints,Jurisdiction stripping constrained by rights carveouts,revolving-door-dominant,Revolving-door dominant,strong delivery; weak subsystem floor
1565,exact,13419,0.563,0.097,0.478,0.500,0.719,0.560,0.566,0.822,0.560,bicameral-majority,Bicameral simple majority,term-limited-balanced,18-year staggered terms + regular appointments,democracy-vouchers,Democracy vouchers,balanced tradeoff
1566,exact,13424,0.563,0.097,0.409,0.505,0.753,0.589,0.630,0.763,0.589,current-system,Stylized U.S.-like conventional benchmark,council-concrete-hybrid,Constitutional council with concrete-review backstop,full-anti-capture-bundle,Full anti-capture bundle,strong rights screen
1567,exact,13430,0.563,0.105,0.619,0.474,0.738,0.412,0.559,0.786,0.412,portfolio-hybrid-legislature,Portfolio hybrid legislature,legislative-override,Judicial review with legislative supermajority override,campaign-finance-dominant,Campaign finance dominant,weak subsystem floor
1568,exact,13441,0.563,0.097,0.409,0.504,0.761,0.589,0.619,0.758,0.589,current-system,Stylized U.S.-like conventional benchmark,remand-override-window-package,Constitutional remand with override window,full-anti-capture-bundle,Full anti-capture bundle,strong rights screen
1569,exact,13455,0.563,0.105,0.619,0.472,0.742,0.412,0.553,0.791,0.412,portfolio-hybrid-legislature,Portfolio hybrid legislature,term-limited-balanced,18-year staggered terms + regular appointments,campaign-finance-dominant,Campaign finance dominant,weak subsystem floor
1570,exact,13460,0.563,0.107,0.723,0.460,0.614,0.407,0.531,0.798,0.407,default-pass-multiround-mediation-challenge,Default pass + multi-round mediation + challenge,jurisdiction-stripping-constraints,Jurisdiction stripping constrained by rights carveouts,campaign-finance-dominant,Campaign finance dominant,strong delivery; weak subsystem floor
1571,exact,13461,0.563,0.106,0.723,0.466,0.619,0.403,0.523,0.793,0.403,default-pass-multiround-mediation-challenge,Default pass + multi-round mediation + challenge,mandatory-written-emergency-reasoning,Mandatory written emergency reasoning,revolving-door-dominant,Revolving-door dominant,strong delivery; weak subsystem floor
1572,exact,13489,0.563,0.097,0.412,0.507,0.756,0.588,0.612,0.769,0.588,cloture-conference-review,"Cloture, conference, and judicial review",automatic-merits-follow-up,Automatic merits follow-up for emergency relief,full-anti-capture-bundle,Full anti-capture bundle,strong rights screen
1573,exact,13542,0.563,0.098,0.442,0.481,0.744,0.579,0.600,0.834,0.579,parliamentary-coalition-confidence,Parliamentary coalition confidence,emergency-restraint-court,No emergency relief without merits review,democracy-vouchers,Democracy vouchers,balanced tradeoff
1574,exact,13559,0.563,0.106,0.723,0.458,0.619,0.407,0.524,0.795,0.407,default-pass-multiround-mediation-challenge,Default pass + multi-round mediation + challenge,mandatory-written-emergency-reasoning,Mandatory written emergency reasoning,campaign-finance-dominant,Campaign finance dominant,strong delivery; weak subsystem floor
1575,exact,13564,0.563,0.097,0.409,0.504,0.758,0.589,0.618,0.764,0.589,current-system,Stylized U.S.-like conventional benchmark,constitutional-remand,Constitutional remand before invalidation,full-anti-capture-bundle,Full anti-capture bundle,strong rights screen
1576,exact,13584,0.563,0.095,0.487,0.502,0.678,0.612,0.499,0.778,0.606,proportional-committee-assignment-majority,Majority + proportional committee assignment,current-us-like,Stylized current U.S.-like supreme court,full-anti-capture-bundle,Full anti-capture bundle,balanced tradeoff
1577,exact,13598,0.563,0.102,0.598,0.477,0.697,0.460,0.562,0.806,0.460,risk-routed-majority,Risk-routed majority legislature,panel-en-banc,Three-judge panels with en banc correction,open-access-lobbying,Open access lobbying,weak subsystem floor
1578,exact,13604,0.563,0.107,0.723,0.466,0.616,0.403,0.522,0.800,0.403,default-pass-multiround-mediation-challenge,Default pass + multi-round mediation + challenge,term-limited-balanced,18-year staggered terms + regular appointments,revolving-door-dominant,Revolving-door dominant,strong delivery; weak subsystem floor
1579,exact,13605,0.563,0.101,0.622,0.479,0.665,0.456,0.566,0.786,0.456,long-horizon-learning-majority,Long-horizon strategic learning,automatic-merits-follow-up,Automatic merits follow-up for emergency relief,open-access-lobbying,Open access lobbying,weak subsystem floor
1580,exact,13607,0.563,0.105,0.619,0.478,0.744,0.408,0.545,0.790,0.408,portfolio-hybrid-legislature,Portfolio hybrid legislature,supermajority-review,60 percent invalidation threshold,revolving-door-dominant,Revolving-door dominant,weak subsystem floor
1581,exact,13613,0.563,0.097,0.409,0.505,0.751,0.589,0.628,0.766,0.589,current-system,Stylized U.S.-like conventional benchmark,constitutional-council,Pre-enactment constitutional council,full-anti-capture-bundle,Full anti-capture bundle,strong rights screen
1582,exact,13689,0.563,0.097,0.478,0.499,0.721,0.560,0.559,0.822,0.560,bicameral-majority,Bicameral simple majority,supermajority-review,60 percent invalidation threshold,democracy-vouchers,Democracy vouchers,balanced tradeoff
1583,exact,13705,0.563,0.106,0.723,0.460,0.612,0.407,0.529,0.796,0.407,default-pass-multiround-mediation-challenge,Default pass + multi-round mediation + challenge,legislative-override,Judicial review with legislative supermajority override,campaign-finance-dominant,Campaign finance dominant,strong delivery; weak subsystem floor
1584,exact,13736,0.563,0.107,0.723,0.459,0.616,0.407,0.523,0.802,0.407,default-pass-multiround-mediation-challenge,Default pass + multi-round mediation + challenge,term-limited-balanced,18-year staggered terms + regular appointments,campaign-finance-dominant,Campaign finance dominant,strong delivery; weak subsystem floor
1585,exact,13737,0.563,0.105,0.619,0.471,0.744,0.412,0.547,0.792,0.412,portfolio-hybrid-legislature,Portfolio hybrid legislature,supermajority-review,60 percent invalidation threshold,campaign-finance-dominant,Campaign finance dominant,weak subsystem floor
1586,exact,13745,0.563,0.098,0.442,0.454,0.741,0.614,0.578,0.828,0.599,parliamentary-coalition-confidence,Parliamentary coalition confidence,automatic-merits-follow-up,Automatic merits follow-up for emergency relief,budgeted-disclosed-lobbying,Budgeted disclosed lobbying,balanced tradeoff
1587,exact,13815,0.563,0.096,0.412,0.509,0.749,0.588,0.618,0.757,0.588,cloture-conference-review,"Cloture, conference, and judicial review",council-concrete-hybrid,Constitutional council with concrete-review backstop,full-anti-capture-bundle,Full anti-capture bundle,balanced tradeoff
1588,exact,13915,0.562,0.107,0.723,0.465,0.618,0.403,0.515,0.801,0.403,default-pass-multiround-mediation-challenge,Default pass + multi-round mediation + challenge,supermajority-review,60 percent invalidation threshold,revolving-door-dominant,Revolving-door dominant,strong delivery; weak subsystem floor
1589,exact,13949,0.562,0.101,0.622,0.480,0.659,0.456,0.573,0.774,0.456,long-horizon-learning-majority,Long-horizon strategic learning,council-concrete-hybrid,Constitutional council with concrete-review backstop,open-access-lobbying,Open access lobbying,weak subsystem floor
1590,exact,13966,0.562,0.101,0.622,0.479,0.667,0.456,0.561,0.769,0.456,long-horizon-learning-majority,Long-horizon strategic learning,remand-override-window-package,Constitutional remand with override window,open-access-lobbying,Open access lobbying,weak subsystem floor
1591,exact,13979,0.562,0.096,0.412,0.508,0.754,0.588,0.606,0.757,0.588,cloture-conference-review,"Cloture, conference, and judicial review",constitutional-remand,Constitutional remand before invalidation,full-anti-capture-bundle,Full anti-capture bundle,strong rights screen
1592,exact,14020,0.562,0.107,0.723,0.457,0.618,0.407,0.516,0.803,0.407,default-pass-multiround-mediation-challenge,Default pass + multi-round mediation + challenge,supermajority-review,60 percent invalidation threshold,campaign-finance-dominant,Campaign finance dominant,strong delivery; weak subsystem floor
1593,exact,14025,0.562,0.096,0.412,0.509,0.747,0.588,0.616,0.759,0.588,cloture-conference-review,"Cloture, conference, and judicial review",constitutional-council,Pre-enactment constitutional council,full-anti-capture-bundle,Full anti-capture bundle,balanced tradeoff
1594,exact,14049,0.562,0.095,0.454,0.496,0.692,0.635,0.508,0.790,0.623,leadership-cartel-majority,Leadership agenda cartel + majority,current-us-like,Stylized current U.S.-like supreme court,full-anti-capture-bundle,Full anti-capture bundle,balanced tradeoff
1595,exact,14089,0.562,0.101,0.622,0.479,0.664,0.456,0.561,0.775,0.456,long-horizon-learning-majority,Long-horizon strategic learning,constitutional-remand,Constitutional remand before invalidation,open-access-lobbying,Open access lobbying,weak subsystem floor
1596,exact,14123,0.562,0.101,0.622,0.481,0.657,0.456,0.571,0.776,0.456,long-horizon-learning-majority,Long-horizon strategic learning,constitutional-council,Pre-enactment constitutional council,open-access-lobbying,Open access lobbying,weak subsystem floor
1597,exact,14235,0.562,0.102,0.598,0.478,0.695,0.460,0.551,0.809,0.460,risk-routed-majority,Risk-routed majority legislature,jurisdiction-stripping-constraints,Jurisdiction stripping constrained by rights carveouts,open-access-lobbying,Open access lobbying,weak subsystem floor
1598,exact,14261,0.562,0.097,0.409,0.501,0.751,0.589,0.617,0.779,0.589,current-system,Stylized U.S.-like conventional benchmark,panel-en-banc,Three-judge panels with en banc correction,full-anti-capture-bundle,Full anti-capture bundle,strong rights screen
1599,exact,14306,0.562,0.098,0.442,0.481,0.741,0.579,0.590,0.831,0.579,parliamentary-coalition-confidence,Parliamentary coalition confidence,automatic-merits-follow-up,Automatic merits follow-up for emergency relief,democracy-vouchers,Democracy vouchers,balanced tradeoff
1600,exact,14358,0.561,0.102,0.598,0.477,0.696,0.460,0.547,0.809,0.460,risk-routed-majority,Risk-routed majority legislature,nonpartisan-commission,Nonpartisan commission appointments,open-access-lobbying,Open access lobbying,weak subsystem floor
1601,exact,14359,0.561,0.102,0.598,0.476,0.699,0.460,0.543,0.806,0.460,risk-routed-majority,Risk-routed majority legislature,mandatory-written-emergency-reasoning,Mandatory written emergency reasoning,open-access-lobbying,Open access lobbying,weak subsystem floor
1602,exact,14391,0.561,0.098,0.483,0.491,0.738,0.527,0.606,0.778,0.527,public-objection-majority,Public objection window + majority,emergency-restraint-court,No emergency relief without merits review,public-interest-representation-funds,Public-interest representation funds,weak subsystem floor
1603,exact,14403,0.561,0.102,0.598,0.479,0.693,0.460,0.548,0.809,0.460,risk-routed-majority,Risk-routed majority legislature,accountability-retention-court,Retention-election accountability court,open-access-lobbying,Open access lobbying,weak subsystem floor
1604,exact,14459,0.561,0.102,0.598,0.478,0.693,0.460,0.548,0.807,0.460,risk-routed-majority,Risk-routed majority legislature,legislative-override-window,Time-limited legislative override window,open-access-lobbying,Open access lobbying,weak subsystem floor
1605,exact,14468,0.561,0.102,0.598,0.477,0.697,0.460,0.545,0.808,0.460,risk-routed-majority,Risk-routed majority legislature,recusal-and-emergency-reform,Peer recusal + reasoned emergency docket,open-access-lobbying,Open access lobbying,weak subsystem floor
1606,exact,14480,0.561,0.102,0.598,0.478,0.693,0.460,0.548,0.807,0.460,risk-routed-majority,Risk-routed majority legislature,legislative-override,Judicial review with legislative supermajority override,open-access-lobbying,Open access lobbying,weak subsystem floor
1607,exact,14512,0.561,0.102,0.598,0.476,0.697,0.460,0.542,0.813,0.460,risk-routed-majority,Risk-routed majority legislature,term-limited-balanced,18-year staggered terms + regular appointments,open-access-lobbying,Open access lobbying,weak subsystem floor
1608,exact,14567,0.561,0.097,0.483,0.491,0.736,0.527,0.608,0.771,0.527,public-objection-majority,Public objection window + majority,emergency-integrity-package,Emergency integrity package,public-interest-representation-funds,Public-interest representation funds,weak subsystem floor
1609,exact,14648,0.561,0.096,0.412,0.505,0.748,0.588,0.605,0.772,0.588,cloture-conference-review,"Cloture, conference, and judicial review",panel-en-banc,Three-judge panels with en banc correction,full-anti-capture-bundle,Full anti-capture bundle,balanced tradeoff
1610,exact,14764,0.561,0.101,0.622,0.477,0.657,0.456,0.560,0.789,0.456,long-horizon-learning-majority,Long-horizon strategic learning,panel-en-banc,Three-judge panels with en banc correction,open-access-lobbying,Open access lobbying,weak subsystem floor
1611,exact,14781,0.561,0.102,0.598,0.475,0.699,0.460,0.535,0.814,0.460,risk-routed-majority,Risk-routed majority legislature,supermajority-review,60 percent invalidation threshold,open-access-lobbying,Open access lobbying,weak subsystem floor
1612,exact,14881,0.560,0.097,0.409,0.502,0.749,0.589,0.606,0.782,0.589,current-system,Stylized U.S.-like conventional benchmark,jurisdiction-stripping-constraints,Jurisdiction stripping constrained by rights carveouts,full-anti-capture-bundle,Full anti-capture bundle,balanced tradeoff
1613,exact,14891,0.560,0.098,0.442,0.452,0.733,0.614,0.571,0.831,0.599,parliamentary-coalition-confidence,Parliamentary coalition confidence,panel-en-banc,Three-judge panels with en banc correction,budgeted-disclosed-lobbying,Budgeted disclosed lobbying,balanced tradeoff
1614,exact,14941,0.560,0.094,0.478,0.498,0.679,0.612,0.504,0.773,0.605,bicameral-majority,Bicameral simple majority,current-us-like,Stylized current U.S.-like supreme court,full-anti-capture-bundle,Full anti-capture bundle,balanced tradeoff
1615,exact,15002,0.560,0.097,0.409,0.501,0.750,0.589,0.602,0.782,0.589,current-system,Stylized U.S.-like conventional benchmark,nonpartisan-commission,Nonpartisan commission appointments,full-anti-capture-bundle,Full anti-capture bundle,strong rights screen
1616,exact,15005,0.560,0.096,0.409,0.501,0.754,0.589,0.598,0.779,0.589,current-system,Stylized U.S.-like conventional benchmark,mandatory-written-emergency-reasoning,Mandatory written emergency reasoning,full-anti-capture-bundle,Full anti-capture bundle,strong rights screen
1617,exact,15151,0.560,0.097,0.409,0.501,0.751,0.589,0.600,0.781,0.589,current-system,Stylized U.S.-like conventional benchmark,recusal-and-emergency-reform,Peer recusal + reasoned emergency docket,full-anti-capture-bundle,Full anti-capture bundle,strong rights screen
1618,exact,15197,0.560,0.097,0.409,0.501,0.751,0.589,0.597,0.787,0.589,current-system,Stylized U.S.-like conventional benchmark,term-limited-balanced,18-year staggered terms + regular appointments,full-anti-capture-bundle,Full anti-capture bundle,strong rights screen
1619,exact,15269,0.560,0.097,0.500,0.470,0.680,0.609,0.479,0.826,0.599,harm-weighted-majority,Harm-weighted double majority,current-us-like,Stylized current U.S.-like supreme court,budgeted-disclosed-lobbying,Budgeted disclosed lobbying,balanced tradeoff
1620,exact,15316,0.560,0.096,0.412,0.506,0.745,0.588,0.594,0.775,0.588,cloture-conference-review,"Cloture, conference, and judicial review",jurisdiction-stripping-constraints,Jurisdiction stripping constrained by rights carveouts,full-anti-capture-bundle,Full anti-capture bundle,balanced tradeoff
1621,exact,15354,0.559,0.097,0.472,0.473,0.698,0.625,0.487,0.836,0.599,citizens-agenda-petition-majority,Citizen agenda petitions + majority,current-us-like,Stylized current U.S.-like supreme court,budgeted-disclosed-lobbying,Budgeted disclosed lobbying,balanced tradeoff
1622,exact,15359,0.559,0.097,0.481,0.495,0.738,0.518,0.601,0.793,0.518,committee-regular-order,Committee-first regular order,emergency-restraint-court,No emergency relief without merits review,outside-spending-disclosure-evasion,Outside-spending disclosure evasion,weak subsystem floor
1623,exact,15418,0.559,0.102,0.528,0.479,0.729,0.483,0.586,0.847,0.483,anti-capture-majority-bundle,Majority + anti-capture bundle,emergency-restraint-court,No emergency relief without merits review,open-access-lobbying,Open access lobbying,weak subsystem floor
1624,exact,15445,0.559,0.096,0.412,0.505,0.750,0.588,0.586,0.772,0.588,cloture-conference-review,"Cloture, conference, and judicial review",mandatory-written-emergency-reasoning,Mandatory written emergency reasoning,full-anti-capture-bundle,Full anti-capture bundle,strong rights screen
1625,exact,15458,0.559,0.102,0.622,0.477,0.655,0.456,0.548,0.793,0.456,long-horizon-learning-majority,Long-horizon strategic learning,jurisdiction-stripping-constraints,Jurisdiction stripping constrained by rights carveouts,open-access-lobbying,Open access lobbying,weak subsystem floor
1626,exact,15489,0.559,0.098,0.441,0.505,0.748,0.539,0.614,0.814,0.539,supermajority-60,Unicameral 60 percent passage,emergency-restraint-court,No emergency relief without merits review,democracy-vouchers,Democracy vouchers,weak subsystem floor
1627,exact,15504,0.559,0.096,0.412,0.507,0.744,0.588,0.591,0.775,0.588,cloture-conference-review,"Cloture, conference, and judicial review",accountability-retention-court,Retention-election accountability court,full-anti-capture-bundle,Full anti-capture bundle,balanced tradeoff
1628,exact,15505,0.559,0.097,0.409,0.500,0.753,0.589,0.591,0.787,0.589,current-system,Stylized U.S.-like conventional benchmark,supermajority-review,60 percent invalidation threshold,full-anti-capture-bundle,Full anti-capture bundle,strong rights screen
1629,exact,15543,0.559,0.098,0.442,0.479,0.733,0.579,0.584,0.834,0.579,parliamentary-coalition-confidence,Parliamentary coalition confidence,panel-en-banc,Three-judge panels with en banc correction,democracy-vouchers,Democracy vouchers,balanced tradeoff
1630,exact,15578,0.559,0.096,0.412,0.507,0.744,0.588,0.591,0.774,0.588,cloture-conference-review,"Cloture, conference, and judicial review",legislative-override-window,Time-limited legislative override window,full-anti-capture-bundle,Full anti-capture bundle,balanced tradeoff
1631,exact,15583,0.559,0.101,0.622,0.476,0.657,0.456,0.545,0.793,0.456,long-horizon-learning-majority,Long-horizon strategic learning,nonpartisan-commission,Nonpartisan commission appointments,open-access-lobbying,Open access lobbying,weak subsystem floor
1632,exact,15586,0.559,0.101,0.622,0.476,0.660,0.456,0.541,0.789,0.456,long-horizon-learning-majority,Long-horizon strategic learning,mandatory-written-emergency-reasoning,Mandatory written emergency reasoning,open-access-lobbying,Open access lobbying,weak subsystem floor
1633,exact,15597,0.559,0.098,0.442,0.453,0.730,0.614,0.560,0.834,0.599,parliamentary-coalition-confidence,Parliamentary coalition confidence,jurisdiction-stripping-constraints,Jurisdiction stripping constrained by rights carveouts,budgeted-disclosed-lobbying,Budgeted disclosed lobbying,balanced tradeoff
1634,exact,15600,0.559,0.096,0.412,0.507,0.744,0.588,0.592,0.774,0.588,cloture-conference-review,"Cloture, conference, and judicial review",legislative-override,Judicial review with legislative supermajority override,full-anti-capture-bundle,Full anti-capture bundle,balanced tradeoff
1635,exact,15614,0.559,0.102,0.528,0.479,0.727,0.483,0.588,0.840,0.483,anti-capture-majority-bundle,Majority + anti-capture bundle,emergency-integrity-package,Emergency integrity package,open-access-lobbying,Open access lobbying,weak subsystem floor
1636,exact,15629,0.559,0.101,0.622,0.479,0.654,0.456,0.546,0.792,0.456,long-horizon-learning-majority,Long-horizon strategic learning,accountability-retention-court,Retention-election accountability court,open-access-lobbying,Open access lobbying,weak subsystem floor
1637,exact,15634,0.559,0.097,0.472,0.499,0.698,0.590,0.500,0.839,0.590,citizens-agenda-petition-majority,Citizen agenda petitions + majority,current-us-like,Stylized current U.S.-like supreme court,democracy-vouchers,Democracy vouchers,balanced tradeoff
1638,exact,15669,0.559,0.097,0.441,0.506,0.747,0.539,0.615,0.806,0.539,supermajority-60,Unicameral 60 percent passage,emergency-integrity-package,Emergency integrity package,democracy-vouchers,Democracy vouchers,weak subsystem floor
1639,exact,15703,0.559,0.101,0.622,0.478,0.654,0.456,0.546,0.791,0.456,long-horizon-learning-majority,Long-horizon strategic learning,legislative-override-window,Time-limited legislative override window,open-access-lobbying,Open access lobbying,weak subsystem floor
1640,exact,15708,0.559,0.098,0.442,0.451,0.735,0.614,0.552,0.831,0.599,parliamentary-coalition-confidence,Parliamentary coalition confidence,mandatory-written-emergency-reasoning,Mandatory written emergency reasoning,budgeted-disclosed-lobbying,Budgeted disclosed lobbying,balanced tradeoff
1641,exact,15716,0.559,0.101,0.622,0.476,0.657,0.456,0.542,0.791,0.456,long-horizon-learning-majority,Long-horizon strategic learning,recusal-and-emergency-reform,Peer recusal + reasoned emergency docket,open-access-lobbying,Open access lobbying,weak subsystem floor
1642,exact,15732,0.559,0.101,0.622,0.478,0.653,0.456,0.546,0.791,0.456,long-horizon-learning-majority,Long-horizon strategic learning,legislative-override,Judicial review with legislative supermajority override,open-access-lobbying,Open access lobbying,weak subsystem floor
1643,exact,15750,0.559,0.099,0.481,0.497,0.738,0.511,0.602,0.819,0.511,committee-regular-order,Committee-first regular order,emergency-restraint-court,No emergency relief without merits review,public-interest-representation-funds,Public-interest representation funds,weak subsystem floor
1644,exact,15757,0.559,0.102,0.622,0.476,0.657,0.456,0.540,0.797,0.456,long-horizon-learning-majority,Long-horizon strategic learning,term-limited-balanced,18-year staggered terms + regular appointments,open-access-lobbying,Open access lobbying,weak subsystem floor
1645,exact,15805,0.559,0.097,0.457,0.493,0.758,0.527,0.611,0.775,0.527,committee-discharge-target-majority,Committee discharge-petition target,emergency-restraint-court,No emergency relief without merits review,outside-spending-disclosure-evasion,Outside-spending disclosure evasion,strong rights screen; weak subsystem floor
1646,exact,15856,0.559,0.098,0.442,0.453,0.729,0.614,0.557,0.833,0.599,parliamentary-coalition-confidence,Parliamentary coalition confidence,legislative-override-window,Time-limited legislative override window,budgeted-disclosed-lobbying,Budgeted disclosed lobbying,balanced tradeoff
1647,exact,15862,0.559,0.098,0.444,0.502,0.740,0.545,0.607,0.814,0.545,presidential-veto,Bicameral majority + presidential veto,emergency-restraint-court,No emergency relief without merits review,democracy-vouchers,Democracy vouchers,weak subsystem floor
1648,exact,15865,0.559,0.098,0.442,0.452,0.732,0.614,0.554,0.833,0.599,parliamentary-coalition-confidence,Parliamentary coalition confidence,recusal-and-emergency-reform,Peer recusal + reasoned emergency docket,budgeted-disclosed-lobbying,Budgeted disclosed lobbying,balanced tradeoff
1649,exact,15876,0.559,0.098,0.442,0.453,0.729,0.614,0.557,0.833,0.599,parliamentary-coalition-confidence,Parliamentary coalition confidence,legislative-override,Judicial review with legislative supermajority override,budgeted-disclosed-lobbying,Budgeted disclosed lobbying,balanced tradeoff
1650,exact,15893,0.559,0.097,0.515,0.480,0.655,0.605,0.462,0.826,0.599,district-population-majority,District-population public-will model,current-us-like,Stylized current U.S.-like supreme court,budgeted-disclosed-lobbying,Budgeted disclosed lobbying,balanced tradeoff
1651,exact,15905,0.558,0.098,0.442,0.452,0.733,0.614,0.551,0.839,0.599,parliamentary-coalition-confidence,Parliamentary coalition confidence,term-limited-balanced,18-year staggered terms + regular appointments,budgeted-disclosed-lobbying,Budgeted disclosed lobbying,balanced tradeoff
1652,exact,15944,0.558,0.096,0.412,0.503,0.749,0.588,0.579,0.781,0.588,cloture-conference-review,"Cloture, conference, and judicial review",supermajority-review,60 percent invalidation threshold,full-anti-capture-bundle,Full anti-capture bundle,balanced tradeoff
1653,exact,15957,0.558,0.099,0.481,0.497,0.737,0.511,0.603,0.812,0.511,committee-regular-order,Committee-first regular order,emergency-integrity-package,Emergency integrity package,public-interest-representation-funds,Public-interest representation funds,weak subsystem floor
1654,exact,16005,0.558,0.097,0.457,0.494,0.756,0.527,0.613,0.768,0.527,committee-discharge-target-majority,Committee discharge-petition target,emergency-integrity-package,Emergency integrity package,outside-spending-disclosure-evasion,Outside-spending disclosure evasion,strong rights screen; weak subsystem floor
1655,exact,16049,0.558,0.096,0.500,0.497,0.680,0.574,0.492,0.829,0.574,harm-weighted-majority,Harm-weighted double majority,current-us-like,Stylized current U.S.-like supreme court,democracy-vouchers,Democracy vouchers,balanced tradeoff
1656,exact,16061,0.558,0.102,0.622,0.475,0.659,0.456,0.533,0.798,0.456,long-horizon-learning-majority,Long-horizon strategic learning,supermajority-review,60 percent invalidation threshold,open-access-lobbying,Open access lobbying,weak subsystem floor
1657,exact,16191,0.558,0.099,0.457,0.495,0.758,0.519,0.612,0.802,0.519,committee-discharge-target-majority,Committee discharge-petition target,emergency-restraint-court,No emergency relief without merits review,public-interest-representation-funds,Public-interest representation funds,strong rights screen; weak subsystem floor
1658,exact,16205,0.558,0.098,0.442,0.450,0.734,0.614,0.545,0.839,0.599,parliamentary-coalition-confidence,Parliamentary coalition confidence,supermajority-review,60 percent invalidation threshold,budgeted-disclosed-lobbying,Budgeted disclosed lobbying,balanced tradeoff
1659,exact,16228,0.558,0.098,0.442,0.480,0.730,0.579,0.573,0.837,0.579,parliamentary-coalition-confidence,Parliamentary coalition confidence,jurisdiction-stripping-constraints,Jurisdiction stripping constrained by rights carveouts,democracy-vouchers,Democracy vouchers,balanced tradeoff
1660,exact,16260,0.558,0.102,0.528,0.479,0.726,0.483,0.576,0.844,0.483,anti-capture-majority-bundle,Majority + anti-capture bundle,automatic-merits-follow-up,Automatic merits follow-up for emergency relief,open-access-lobbying,Open access lobbying,weak subsystem floor
1661,exact,16319,0.558,0.098,0.442,0.478,0.735,0.579,0.565,0.834,0.579,parliamentary-coalition-confidence,Parliamentary coalition confidence,mandatory-written-emergency-reasoning,Mandatory written emergency reasoning,democracy-vouchers,Democracy vouchers,balanced tradeoff
1662,exact,16347,0.558,0.098,0.457,0.495,0.756,0.519,0.613,0.794,0.519,committee-discharge-target-majority,Committee discharge-petition target,emergency-integrity-package,Emergency integrity package,public-interest-representation-funds,Public-interest representation funds,strong rights screen; weak subsystem floor
1663,exact,16413,0.557,0.099,0.454,0.489,0.743,0.535,0.607,0.821,0.535,leadership-cartel-majority,Leadership agenda cartel + majority,emergency-restraint-court,No emergency relief without merits review,public-interest-representation-funds,Public-interest representation funds,weak subsystem floor
1664,exact,16455,0.557,0.098,0.442,0.480,0.729,0.579,0.570,0.836,0.579,parliamentary-coalition-confidence,Parliamentary coalition confidence,legislative-override-window,Time-limited legislative override window,democracy-vouchers,Democracy vouchers,balanced tradeoff
1665,exact,16464,0.557,0.098,0.442,0.478,0.732,0.579,0.567,0.836,0.579,parliamentary-coalition-confidence,Parliamentary coalition confidence,recusal-and-emergency-reform,Peer recusal + reasoned emergency docket,democracy-vouchers,Democracy vouchers,balanced tradeoff
1666,exact,16477,0.557,0.098,0.442,0.480,0.729,0.579,0.570,0.836,0.579,parliamentary-coalition-confidence,Parliamentary coalition confidence,legislative-override,Judicial review with legislative supermajority override,democracy-vouchers,Democracy vouchers,balanced tradeoff
1667,exact,16512,0.557,0.098,0.442,0.478,0.733,0.579,0.564,0.842,0.579,parliamentary-coalition-confidence,Parliamentary coalition confidence,term-limited-balanced,18-year staggered terms + regular appointments,democracy-vouchers,Democracy vouchers,balanced tradeoff
1668,exact,16612,0.557,0.102,0.528,0.480,0.720,0.483,0.583,0.832,0.483,anti-capture-majority-bundle,Majority + anti-capture bundle,council-concrete-hybrid,Constitutional council with concrete-review backstop,open-access-lobbying,Open access lobbying,weak subsystem floor
1669,exact,16622,0.557,0.102,0.528,0.479,0.728,0.483,0.571,0.827,0.483,anti-capture-majority-bundle,Majority + anti-capture bundle,remand-override-window-package,Constitutional remand with override window,open-access-lobbying,Open access lobbying,weak subsystem floor
1670,exact,16643,0.557,0.099,0.454,0.489,0.741,0.535,0.608,0.814,0.535,leadership-cartel-majority,Leadership agenda cartel + majority,emergency-integrity-package,Emergency integrity package,public-interest-representation-funds,Public-interest representation funds,weak subsystem floor
1671,exact,16703,0.557,0.107,0.759,0.458,0.556,0.417,0.441,0.862,0.417,default-pass,Default pass unless 2/3 block,current-us-like,Stylized current U.S.-like supreme court,revolving-door-dominant,Revolving-door dominant,strong delivery; weak subsystem floor
1672,exact,16794,0.557,0.102,0.528,0.480,0.725,0.483,0.571,0.832,0.483,anti-capture-majority-bundle,Majority + anti-capture bundle,constitutional-remand,Constitutional remand before invalidation,open-access-lobbying,Open access lobbying,weak subsystem floor
1673,exact,16822,0.557,0.097,0.515,0.506,0.655,0.570,0.475,0.829,0.570,district-population-majority,District-population public-will model,current-us-like,Stylized current U.S.-like supreme court,democracy-vouchers,Democracy vouchers,balanced tradeoff
1674,exact,16832,0.557,0.108,0.759,0.450,0.556,0.421,0.442,0.864,0.421,default-pass,Default pass unless 2/3 block,current-us-like,Stylized current U.S.-like supreme court,campaign-finance-dominant,Campaign finance dominant,strong delivery; weak subsystem floor
1675,exact,16851,0.557,0.098,0.442,0.477,0.734,0.579,0.557,0.843,0.579,parliamentary-coalition-confidence,Parliamentary coalition confidence,supermajority-review,60 percent invalidation threshold,democracy-vouchers,Democracy vouchers,balanced tradeoff
1676,exact,16856,0.557,0.102,0.528,0.481,0.718,0.483,0.581,0.834,0.483,anti-capture-majority-bundle,Majority + anti-capture bundle,constitutional-council,Pre-enactment constitutional council,open-access-lobbying,Open access lobbying,weak subsystem floor
1677,exact,17083,0.556,0.097,0.492,0.470,0.675,0.607,0.480,0.830,0.599,public-interest-majority,Majority + public-interest screen,current-us-like,Stylized current U.S.-like supreme court,budgeted-disclosed-lobbying,Budgeted disclosed lobbying,balanced tradeoff
1678,exact,17227,0.556,0.099,0.409,0.476,0.762,0.572,0.613,0.832,0.572,current-system,Stylized U.S.-like conventional benchmark,emergency-restraint-court,No emergency relief without merits review,budgeted-disclosed-lobbying,Budgeted disclosed lobbying,strong rights screen
1679,exact,17413,0.556,0.099,0.409,0.476,0.760,0.572,0.615,0.825,0.572,current-system,Stylized U.S.-like conventional benchmark,emergency-integrity-package,Emergency integrity package,budgeted-disclosed-lobbying,Budgeted disclosed lobbying,strong rights screen
1680,exact,17532,0.555,0.102,0.528,0.477,0.718,0.483,0.570,0.847,0.483,anti-capture-majority-bundle,Majority + anti-capture bundle,panel-en-banc,Three-judge panels with en banc correction,open-access-lobbying,Open access lobbying,weak subsystem floor
1681,exact,17607,0.555,0.099,0.478,0.491,0.730,0.511,0.603,0.804,0.511,bicameral-majority,Bicameral simple majority,emergency-restraint-court,No emergency relief without merits review,public-interest-representation-funds,Public-interest representation funds,weak subsystem floor
1682,exact,17620,0.555,0.099,0.412,0.480,0.759,0.570,0.601,0.825,0.570,cloture-conference-review,"Cloture, conference, and judicial review",emergency-restraint-court,No emergency relief without merits review,budgeted-disclosed-lobbying,Budgeted disclosed lobbying,strong rights screen
1683,exact,17819,0.555,0.098,0.478,0.491,0.728,0.511,0.605,0.797,0.511,bicameral-majority,Bicameral simple majority,emergency-integrity-package,Emergency integrity package,public-interest-representation-funds,Public-interest representation funds,weak subsystem floor
1684,exact,17831,0.555,0.098,0.412,0.480,0.757,0.570,0.603,0.818,0.570,cloture-conference-review,"Cloture, conference, and judicial review",emergency-integrity-package,Emergency integrity package,budgeted-disclosed-lobbying,Budgeted disclosed lobbying,strong rights screen
1685,exact,17888,0.555,0.096,0.492,0.496,0.675,0.572,0.492,0.833,0.572,public-interest-majority,Majority + public-interest screen,current-us-like,Stylized current U.S.-like supreme court,democracy-vouchers,Democracy vouchers,balanced tradeoff
1686,exact,17967,0.555,0.097,0.481,0.477,0.687,0.594,0.482,0.842,0.594,committee-regular-order,Committee-first regular order,current-us-like,Stylized current U.S.-like supreme court,budgeted-disclosed-lobbying,Budgeted disclosed lobbying,balanced tradeoff
1687,exact,18050,0.554,0.099,0.409,0.476,0.759,0.572,0.603,0.829,0.572,current-system,Stylized U.S.-like conventional benchmark,automatic-merits-follow-up,Automatic merits follow-up for emergency relief,budgeted-disclosed-lobbying,Budgeted disclosed lobbying,strong rights screen
1688,exact,18110,0.554,0.103,0.523,0.477,0.727,0.470,0.587,0.848,0.470,influence-system-majority,Campaign-finance influence system,emergency-restraint-court,No emergency relief without merits review,open-access-lobbying,Open access lobbying,weak subsystem floor
1689,exact,18120,0.554,0.105,0.635,0.479,0.709,0.404,0.491,0.776,0.404,simple-majority-alternatives-pairwise,Unicameral majority + pairwise alternatives,current-us-like,Stylized current U.S.-like supreme court,revolving-door-dominant,Revolving-door dominant,weak subsystem floor
1690,exact,18167,0.554,0.098,0.409,0.478,0.762,0.566,0.615,0.795,0.566,current-system,Stylized U.S.-like conventional benchmark,emergency-restraint-court,No emergency relief without merits review,randomized-audit-sanctions,Randomized audit and sanctions,strong rights screen
1691,exact,18225,0.554,0.102,0.528,0.478,0.716,0.483,0.559,0.850,0.483,anti-capture-majority-bundle,Majority + anti-capture bundle,jurisdiction-stripping-constraints,Jurisdiction stripping constrained by rights carveouts,open-access-lobbying,Open access lobbying,weak subsystem floor
1692,exact,18233,0.554,0.105,0.635,0.471,0.709,0.408,0.492,0.779,0.408,simple-majority-alternatives-pairwise,Unicameral majority + pairwise alternatives,current-us-like,Stylized current U.S.-like supreme court,campaign-finance-dominant,Campaign finance dominant,weak subsystem floor
1693,exact,18300,0.554,0.102,0.523,0.477,0.726,0.470,0.589,0.841,0.470,influence-system-majority,Campaign-finance influence system,emergency-integrity-package,Emergency integrity package,open-access-lobbying,Open access lobbying,weak subsystem floor
1694,exact,18314,0.554,0.099,0.409,0.503,0.762,0.537,0.626,0.835,0.537,current-system,Stylized U.S.-like conventional benchmark,emergency-restraint-court,No emergency relief without merits review,democracy-vouchers,Democracy vouchers,strong rights screen; weak subsystem floor
1695,exact,18345,0.554,0.102,0.528,0.477,0.718,0.483,0.555,0.850,0.483,anti-capture-majority-bundle,Majority + anti-capture bundle,nonpartisan-commission,Nonpartisan commission appointments,open-access-lobbying,Open access lobbying,weak subsystem floor
1696,exact,18349,0.554,0.102,0.528,0.476,0.721,0.483,0.551,0.847,0.483,anti-capture-majority-bundle,Majority + anti-capture bundle,mandatory-written-emergency-reasoning,Mandatory written emergency reasoning,open-access-lobbying,Open access lobbying,weak subsystem floor
1697,exact,18354,0.554,0.098,0.409,0.478,0.760,0.566,0.616,0.788,0.566,current-system,Stylized U.S.-like conventional benchmark,emergency-integrity-package,Emergency integrity package,randomized-audit-sanctions,Randomized audit and sanctions,strong rights screen
1698,exact,18391,0.554,0.095,0.442,0.476,0.693,0.631,0.502,0.793,0.618,parliamentary-coalition-confidence,Parliamentary coalition confidence,current-us-like,Stylized current U.S.-like supreme court,full-anti-capture-bundle,Full anti-capture bundle,balanced tradeoff
1699,exact,18398,0.554,0.098,0.409,0.477,0.753,0.572,0.610,0.817,0.572,current-system,Stylized U.S.-like conventional benchmark,council-concrete-hybrid,Constitutional council with concrete-review backstop,budgeted-disclosed-lobbying,Budgeted disclosed lobbying,strong rights screen
1700,exact,18408,0.554,0.102,0.528,0.479,0.714,0.483,0.556,0.850,0.483,anti-capture-majority-bundle,Majority + anti-capture bundle,accountability-retention-court,Retention-election accountability court,open-access-lobbying,Open access lobbying,weak subsystem floor
1701,exact,18415,0.554,0.097,0.487,0.474,0.678,0.595,0.478,0.832,0.595,proportional-committee-assignment-majority,Majority + proportional committee assignment,current-us-like,Stylized current U.S.-like supreme court,budgeted-disclosed-lobbying,Budgeted disclosed lobbying,balanced tradeoff
1702,exact,18420,0.554,0.098,0.409,0.476,0.761,0.572,0.599,0.812,0.572,current-system,Stylized U.S.-like conventional benchmark,remand-override-window-package,Constitutional remand with override window,budgeted-disclosed-lobbying,Budgeted disclosed lobbying,strong rights screen
1703,exact,18466,0.554,0.105,0.633,0.478,0.709,0.403,0.491,0.777,0.403,pairwise-amendment-tournament-majority,Pairwise amendment tournament + majority,current-us-like,Stylized current U.S.-like supreme court,revolving-door-dominant,Revolving-door dominant,weak subsystem floor
1704,exact,18488,0.554,0.102,0.528,0.478,0.715,0.483,0.556,0.849,0.483,anti-capture-majority-bundle,Majority + anti-capture bundle,legislative-override-window,Time-limited legislative override window,open-access-lobbying,Open access lobbying,weak subsystem floor
1705,exact,18489,0.554,0.098,0.412,0.480,0.756,0.570,0.591,0.822,0.570,cloture-conference-review,"Cloture, conference, and judicial review",automatic-merits-follow-up,Automatic merits follow-up for emergency relief,budgeted-disclosed-lobbying,Budgeted disclosed lobbying,strong rights screen
1706,exact,18497,0.554,0.102,0.528,0.476,0.718,0.483,0.553,0.849,0.483,anti-capture-majority-bundle,Majority + anti-capture bundle,recusal-and-emergency-reform,Peer recusal + reasoned emergency docket,open-access-lobbying,Open access lobbying,weak subsystem floor
1707,exact,18510,0.554,0.102,0.528,0.478,0.714,0.483,0.556,0.849,0.483,anti-capture-majority-bundle,Majority + anti-capture bundle,legislative-override,Judicial review with legislative supermajority override,open-access-lobbying,Open access lobbying,weak subsystem floor
1708,exact,18514,0.554,0.099,0.409,0.503,0.760,0.537,0.627,0.828,0.537,current-system,Stylized U.S.-like conventional benchmark,emergency-integrity-package,Emergency integrity package,democracy-vouchers,Democracy vouchers,strong rights screen; weak subsystem floor
1709,exact,18533,0.554,0.102,0.528,0.476,0.718,0.483,0.550,0.855,0.483,anti-capture-majority-bundle,Majority + anti-capture bundle,term-limited-balanced,18-year staggered terms + regular appointments,open-access-lobbying,Open access lobbying,weak subsystem floor
1710,exact,18574,0.553,0.098,0.409,0.477,0.758,0.572,0.598,0.818,0.572,current-system,Stylized U.S.-like conventional benchmark,constitutional-remand,Constitutional remand before invalidation,budgeted-disclosed-lobbying,Budgeted disclosed lobbying,strong rights screen
1711,exact,18582,0.553,0.105,0.633,0.471,0.709,0.407,0.492,0.779,0.407,pairwise-amendment-tournament-majority,Pairwise amendment tournament + majority,current-us-like,Stylized current U.S.-like supreme court,campaign-finance-dominant,Campaign finance dominant,weak subsystem floor
1712,exact,18591,0.553,0.098,0.412,0.481,0.759,0.565,0.603,0.789,0.565,cloture-conference-review,"Cloture, conference, and judicial review",emergency-restraint-court,No emergency relief without merits review,randomized-audit-sanctions,Randomized audit and sanctions,strong rights screen
1713,exact,18623,0.553,0.098,0.409,0.478,0.751,0.572,0.608,0.819,0.572,current-system,Stylized U.S.-like conventional benchmark,constitutional-council,Pre-enactment constitutional council,budgeted-disclosed-lobbying,Budgeted disclosed lobbying,strong rights screen
1714,exact,18746,0.553,0.099,0.412,0.507,0.759,0.536,0.614,0.829,0.536,cloture-conference-review,"Cloture, conference, and judicial review",emergency-restraint-court,No emergency relief without merits review,democracy-vouchers,Democracy vouchers,strong rights screen; weak subsystem floor
1715,exact,18830,0.553,0.098,0.412,0.481,0.749,0.570,0.598,0.810,0.570,cloture-conference-review,"Cloture, conference, and judicial review",council-concrete-hybrid,Constitutional council with concrete-review backstop,budgeted-disclosed-lobbying,Budgeted disclosed lobbying,balanced tradeoff
1716,exact,18839,0.553,0.102,0.528,0.475,0.720,0.483,0.543,0.856,0.483,anti-capture-majority-bundle,Majority + anti-capture bundle,supermajority-review,60 percent invalidation threshold,open-access-lobbying,Open access lobbying,weak subsystem floor
1717,exact,18915,0.553,0.096,0.441,0.505,0.748,0.516,0.620,0.760,0.516,supermajority-60,Unicameral 60 percent passage,emergency-restraint-court,No emergency relief without merits review,bundle-with-evasion,Anti-capture bundle with evasion,weak subsystem floor
1718,exact,18944,0.553,0.098,0.412,0.507,0.757,0.536,0.615,0.821,0.536,cloture-conference-review,"Cloture, conference, and judicial review",emergency-integrity-package,Emergency integrity package,democracy-vouchers,Democracy vouchers,strong rights screen; weak subsystem floor
1719,exact,18947,0.553,0.107,0.659,0.461,0.641,0.404,0.550,0.832,0.404,default-pass-challenge,Default pass + challenge vouchers,emergency-restraint-court,No emergency relief without merits review,revolving-door-dominant,Revolving-door dominant,weak subsystem floor
1720,exact,19013,0.553,0.098,0.412,0.481,0.754,0.570,0.586,0.811,0.570,cloture-conference-review,"Cloture, conference, and judicial review",constitutional-remand,Constitutional remand before invalidation,budgeted-disclosed-lobbying,Budgeted disclosed lobbying,strong rights screen
1721,exact,19018,0.553,0.098,0.409,0.478,0.759,0.566,0.605,0.792,0.566,current-system,Stylized U.S.-like conventional benchmark,automatic-merits-follow-up,Automatic merits follow-up for emergency relief,randomized-audit-sanctions,Randomized audit and sanctions,strong rights screen
1722,exact,19060,0.553,0.107,0.659,0.453,0.641,0.408,0.551,0.834,0.408,default-pass-challenge,Default pass + challenge vouchers,emergency-restraint-court,No emergency relief without merits review,campaign-finance-dominant,Campaign finance dominant,weak subsystem floor
1723,exact,19079,0.552,0.097,0.481,0.503,0.687,0.559,0.495,0.845,0.559,committee-regular-order,Committee-first regular order,current-us-like,Stylized current U.S.-like supreme court,democracy-vouchers,Democracy vouchers,balanced tradeoff
1724,exact,19092,0.552,0.096,0.441,0.505,0.747,0.516,0.621,0.753,0.516,supermajority-60,Unicameral 60 percent passage,emergency-integrity-package,Emergency integrity package,bundle-with-evasion,Anti-capture bundle with evasion,weak subsystem floor
1725,exact,19158,0.552,0.099,0.409,0.503,0.759,0.537,0.616,0.832,0.537,current-system,Stylized U.S.-like conventional benchmark,automatic-merits-follow-up,Automatic merits follow-up for emergency relief,democracy-vouchers,Democracy vouchers,strong rights screen; weak subsystem floor
1726,exact,19286,0.552,0.097,0.454,0.468,0.692,0.618,0.488,0.843,0.599,leadership-cartel-majority,Leadership agenda cartel + majority,current-us-like,Stylized current U.S.-like supreme court,budgeted-disclosed-lobbying,Budgeted disclosed lobbying,balanced tradeoff
1727,exact,19315,0.552,0.102,0.509,0.478,0.727,0.476,0.585,0.849,0.476,anti-capture-access-majority,Anti-capture proposal access + majority,emergency-restraint-court,No emergency relief without merits review,open-access-lobbying,Open access lobbying,weak subsystem floor
1728,exact,19325,0.552,0.099,0.409,0.474,0.751,0.572,0.597,0.832,0.572,current-system,Stylized U.S.-like conventional benchmark,panel-en-banc,Three-judge panels with en banc correction,budgeted-disclosed-lobbying,Budgeted disclosed lobbying,strong rights screen
1729,exact,19497,0.552,0.098,0.409,0.504,0.753,0.537,0.623,0.820,0.537,current-system,Stylized U.S.-like conventional benchmark,council-concrete-hybrid,Constitutional council with concrete-review backstop,democracy-vouchers,Democracy vouchers,strong rights screen; weak subsystem floor
1730,exact,19507,0.552,0.096,0.487,0.501,0.678,0.560,0.491,0.835,0.560,proportional-committee-assignment-majority,Majority + proportional committee assignment,current-us-like,Stylized current U.S.-like supreme court,democracy-vouchers,Democracy vouchers,balanced tradeoff
1731,exact,19509,0.552,0.102,0.509,0.478,0.726,0.476,0.587,0.841,0.476,anti-capture-access-majority,Anti-capture proposal access + majority,emergency-integrity-package,Emergency integrity package,open-access-lobbying,Open access lobbying,weak subsystem floor
1732,exact,19520,0.552,0.098,0.409,0.503,0.761,0.537,0.611,0.815,0.537,current-system,Stylized U.S.-like conventional benchmark,remand-override-window-package,Constitutional remand with override window,democracy-vouchers,Democracy vouchers,strong rights screen; weak subsystem floor
1733,exact,19612,0.552,0.098,0.412,0.507,0.756,0.536,0.604,0.826,0.536,cloture-conference-review,"Cloture, conference, and judicial review",automatic-merits-follow-up,Automatic merits follow-up for emergency relief,democracy-vouchers,Democracy vouchers,strong rights screen; weak subsystem floor
1734,exact,19701,0.551,0.098,0.409,0.504,0.758,0.537,0.611,0.821,0.537,current-system,Stylized U.S.-like conventional benchmark,constitutional-remand,Constitutional remand before invalidation,democracy-vouchers,Democracy vouchers,strong rights screen; weak subsystem floor
1735,exact,19743,0.551,0.098,0.409,0.505,0.751,0.537,0.621,0.823,0.537,current-system,Stylized U.S.-like conventional benchmark,constitutional-council,Pre-enactment constitutional council,democracy-vouchers,Democracy vouchers,strong rights screen; weak subsystem floor
1736,exact,19776,0.551,0.098,0.412,0.478,0.748,0.570,0.585,0.825,0.570,cloture-conference-review,"Cloture, conference, and judicial review",panel-en-banc,Three-judge panels with en banc correction,budgeted-disclosed-lobbying,Budgeted disclosed lobbying,balanced tradeoff
1737,exact,19797,0.551,0.097,0.454,0.495,0.692,0.584,0.500,0.847,0.584,leadership-cartel-majority,Leadership agenda cartel + majority,current-us-like,Stylized current U.S.-like supreme court,democracy-vouchers,Democracy vouchers,balanced tradeoff
1738,exact,19882,0.551,0.097,0.478,0.471,0.679,0.594,0.484,0.826,0.594,bicameral-majority,Bicameral simple majority,current-us-like,Stylized current U.S.-like supreme court,budgeted-disclosed-lobbying,Budgeted disclosed lobbying,balanced tradeoff
1739,exact,19945,0.551,0.107,0.659,0.454,0.638,0.408,0.541,0.831,0.408,default-pass-challenge,Default pass + challenge vouchers,automatic-merits-follow-up,Automatic merits follow-up for emergency relief,campaign-finance-dominant,Campaign finance dominant,weak subsystem floor
1740,exact,19976,0.551,0.098,0.412,0.508,0.749,0.536,0.611,0.813,0.536,cloture-conference-review,"Cloture, conference, and judicial review",council-concrete-hybrid,Constitutional council with concrete-review backstop,democracy-vouchers,Democracy vouchers,weak subsystem floor
1741,exact,20056,0.551,0.102,0.583,0.484,0.650,0.483,0.478,0.861,0.483,citizen-initiative-referendum,Citizen initiative and referendum,current-us-like,Stylized current U.S.-like supreme court,open-access-lobbying,Open access lobbying,weak subsystem floor
1742,exact,20057,0.551,0.099,0.409,0.475,0.749,0.572,0.586,0.835,0.572,current-system,Stylized U.S.-like conventional benchmark,jurisdiction-stripping-constraints,Jurisdiction stripping constrained by rights carveouts,budgeted-disclosed-lobbying,Budgeted disclosed lobbying,balanced tradeoff
1743,exact,20131,0.551,0.098,0.412,0.507,0.754,0.536,0.599,0.814,0.536,cloture-conference-review,"Cloture, conference, and judicial review",constitutional-remand,Constitutional remand before invalidation,democracy-vouchers,Democracy vouchers,strong rights screen; weak subsystem floor
1744,exact,20174,0.550,0.099,0.409,0.474,0.750,0.572,0.582,0.835,0.572,current-system,Stylized U.S.-like conventional benchmark,nonpartisan-commission,Nonpartisan commission appointments,budgeted-disclosed-lobbying,Budgeted disclosed lobbying,strong rights screen
1745,exact,20177,0.550,0.099,0.409,0.473,0.754,0.572,0.578,0.832,0.572,current-system,Stylized U.S.-like conventional benchmark,mandatory-written-emergency-reasoning,Mandatory written emergency reasoning,budgeted-disclosed-lobbying,Budgeted disclosed lobbying,strong rights screen
1746,exact,20190,0.550,0.098,0.412,0.508,0.747,0.536,0.609,0.816,0.536,cloture-conference-review,"Cloture, conference, and judicial review",constitutional-council,Pre-enactment constitutional council,democracy-vouchers,Democracy vouchers,weak subsystem floor
1747,exact,20221,0.550,0.099,0.409,0.476,0.747,0.572,0.583,0.835,0.572,current-system,Stylized U.S.-like conventional benchmark,accountability-retention-court,Retention-election accountability court,budgeted-disclosed-lobbying,Budgeted disclosed lobbying,balanced tradeoff
1748,exact,20257,0.550,0.102,0.523,0.475,0.716,0.470,0.571,0.848,0.470,influence-system-majority,Campaign-finance influence system,panel-en-banc,Three-judge panels with en banc correction,open-access-lobbying,Open access lobbying,weak subsystem floor
1749,exact,20297,0.550,0.107,0.583,0.480,0.701,0.407,0.576,0.847,0.407,citizen-initiative-referendum,Citizen initiative and referendum,emergency-restraint-court,No emergency relief without merits review,revolving-door-dominant,Revolving-door dominant,weak subsystem floor
1750,exact,20301,0.550,0.099,0.409,0.477,0.762,0.550,0.614,0.805,0.550,current-system,Stylized U.S.-like conventional benchmark,emergency-restraint-court,No emergency relief without merits review,audit-and-sanctions,Audit and sanctions,strong rights screen; weak subsystem floor
1751,exact,20310,0.550,0.099,0.409,0.475,0.747,0.572,0.583,0.834,0.572,current-system,Stylized U.S.-like conventional benchmark,legislative-override-window,Time-limited legislative override window,budgeted-disclosed-lobbying,Budgeted disclosed lobbying,balanced tradeoff
1752,exact,20331,0.550,0.099,0.409,0.474,0.751,0.572,0.580,0.834,0.572,current-system,Stylized U.S.-like conventional benchmark,recusal-and-emergency-reform,Peer recusal + reasoned emergency docket,budgeted-disclosed-lobbying,Budgeted disclosed lobbying,strong rights screen
1753,exact,20341,0.550,0.099,0.409,0.475,0.747,0.572,0.583,0.834,0.572,current-system,Stylized U.S.-like conventional benchmark,legislative-override,Judicial review with legislative supermajority override,budgeted-disclosed-lobbying,Budgeted disclosed lobbying,balanced tradeoff
1754,exact,20363,0.550,0.099,0.409,0.474,0.751,0.572,0.577,0.840,0.572,current-system,Stylized U.S.-like conventional benchmark,term-limited-balanced,18-year staggered terms + regular appointments,budgeted-disclosed-lobbying,Budgeted disclosed lobbying,strong rights screen
1755,exact,20417,0.550,0.107,0.583,0.472,0.701,0.411,0.577,0.849,0.411,citizen-initiative-referendum,Citizen initiative and referendum,emergency-restraint-court,No emergency relief without merits review,campaign-finance-dominant,Campaign finance dominant,weak subsystem floor
1756,exact,20463,0.550,0.099,0.409,0.501,0.751,0.537,0.610,0.835,0.537,current-system,Stylized U.S.-like conventional benchmark,panel-en-banc,Three-judge panels with en banc correction,democracy-vouchers,Democracy vouchers,strong rights screen; weak subsystem floor
1757,exact,20478,0.550,0.099,0.412,0.479,0.745,0.570,0.574,0.829,0.570,cloture-conference-review,"Cloture, conference, and judicial review",jurisdiction-stripping-constraints,Jurisdiction stripping constrained by rights carveouts,budgeted-disclosed-lobbying,Budgeted disclosed lobbying,balanced tradeoff
1758,exact,20491,0.550,0.098,0.409,0.477,0.760,0.550,0.616,0.798,0.550,current-system,Stylized U.S.-like conventional benchmark,emergency-integrity-package,Emergency integrity package,audit-and-sanctions,Audit and sanctions,strong rights screen; weak subsystem floor
1759,exact,20603,0.550,0.098,0.412,0.478,0.747,0.570,0.570,0.829,0.570,cloture-conference-review,"Cloture, conference, and judicial review",nonpartisan-commission,Nonpartisan commission appointments,budgeted-disclosed-lobbying,Budgeted disclosed lobbying,balanced tradeoff
1760,exact,20604,0.550,0.098,0.412,0.477,0.750,0.570,0.566,0.826,0.570,cloture-conference-review,"Cloture, conference, and judicial review",mandatory-written-emergency-reasoning,Mandatory written emergency reasoning,budgeted-disclosed-lobbying,Budgeted disclosed lobbying,strong rights screen
1761,exact,20642,0.550,0.098,0.412,0.480,0.744,0.570,0.571,0.829,0.570,cloture-conference-review,"Cloture, conference, and judicial review",accountability-retention-court,Retention-election accountability court,budgeted-disclosed-lobbying,Budgeted disclosed lobbying,balanced tradeoff
1762,exact,20644,0.550,0.099,0.409,0.472,0.753,0.572,0.570,0.841,0.572,current-system,Stylized U.S.-like conventional benchmark,supermajority-review,60 percent invalidation threshold,budgeted-disclosed-lobbying,Budgeted disclosed lobbying,strong rights screen
1763,exact,20702,0.549,0.099,0.412,0.481,0.759,0.548,0.603,0.798,0.548,cloture-conference-review,"Cloture, conference, and judicial review",emergency-restraint-court,No emergency relief without merits review,audit-and-sanctions,Audit and sanctions,strong rights screen; weak subsystem floor
1764,exact,20708,0.549,0.098,0.412,0.479,0.744,0.570,0.571,0.827,0.570,cloture-conference-review,"Cloture, conference, and judicial review",legislative-override-window,Time-limited legislative override window,budgeted-disclosed-lobbying,Budgeted disclosed lobbying,balanced tradeoff
1765,exact,20724,0.549,0.098,0.412,0.477,0.747,0.570,0.568,0.827,0.570,cloture-conference-review,"Cloture, conference, and judicial review",recusal-and-emergency-reform,Peer recusal + reasoned emergency docket,budgeted-disclosed-lobbying,Budgeted disclosed lobbying,balanced tradeoff
1766,exact,20740,0.549,0.098,0.412,0.479,0.744,0.570,0.571,0.827,0.570,cloture-conference-review,"Cloture, conference, and judicial review",legislative-override,Judicial review with legislative supermajority override,budgeted-disclosed-lobbying,Budgeted disclosed lobbying,balanced tradeoff
1767,exact,20748,0.549,0.102,0.509,0.480,0.716,0.476,0.580,0.836,0.476,anti-capture-access-majority,Anti-capture proposal access + majority,constitutional-council,Pre-enactment constitutional council,open-access-lobbying,Open access lobbying,weak subsystem floor
1768,exact,20763,0.549,0.099,0.412,0.477,0.748,0.570,0.565,0.833,0.570,cloture-conference-review,"Cloture, conference, and judicial review",term-limited-balanced,18-year staggered terms + regular appointments,budgeted-disclosed-lobbying,Budgeted disclosed lobbying,balanced tradeoff
1769,exact,20892,0.549,0.098,0.412,0.504,0.748,0.536,0.598,0.829,0.536,cloture-conference-review,"Cloture, conference, and judicial review",panel-en-banc,Three-judge panels with en banc correction,democracy-vouchers,Democracy vouchers,weak subsystem floor
1770,exact,20908,0.549,0.105,0.619,0.477,0.702,0.408,0.483,0.797,0.408,portfolio-hybrid-legislature,Portfolio hybrid legislature,current-us-like,Stylized current U.S.-like supreme court,revolving-door-dominant,Revolving-door dominant,weak subsystem floor
1771,exact,20911,0.549,0.100,0.442,0.469,0.744,0.531,0.601,0.824,0.531,parliamentary-coalition-confidence,Parliamentary coalition confidence,emergency-restraint-court,No emergency relief without merits review,public-interest-representation-funds,Public-interest representation funds,weak subsystem floor
1772,exact,20942,0.549,0.103,0.523,0.476,0.714,0.470,0.560,0.852,0.470,influence-system-majority,Campaign-finance influence system,jurisdiction-stripping-constraints,Jurisdiction stripping constrained by rights carveouts,open-access-lobbying,Open access lobbying,weak subsystem floor
1773,exact,20982,0.549,0.096,0.478,0.498,0.679,0.560,0.497,0.829,0.560,bicameral-majority,Bicameral simple majority,current-us-like,Stylized current U.S.-like supreme court,democracy-vouchers,Democracy vouchers,balanced tradeoff
1774,exact,21026,0.549,0.106,0.619,0.469,0.702,0.412,0.484,0.799,0.412,portfolio-hybrid-legislature,Portfolio hybrid legislature,current-us-like,Stylized current U.S.-like supreme court,campaign-finance-dominant,Campaign finance dominant,weak subsystem floor
1775,exact,21069,0.549,0.102,0.523,0.475,0.716,0.470,0.556,0.852,0.470,influence-system-majority,Campaign-finance influence system,nonpartisan-commission,Nonpartisan commission appointments,open-access-lobbying,Open access lobbying,weak subsystem floor
1776,exact,21072,0.549,0.102,0.523,0.474,0.719,0.470,0.552,0.849,0.470,influence-system-majority,Campaign-finance influence system,mandatory-written-emergency-reasoning,Mandatory written emergency reasoning,open-access-lobbying,Open access lobbying,weak subsystem floor
1777,exact,21082,0.549,0.099,0.412,0.476,0.749,0.570,0.559,0.834,0.570,cloture-conference-review,"Cloture, conference, and judicial review",supermajority-review,60 percent invalidation threshold,budgeted-disclosed-lobbying,Budgeted disclosed lobbying,balanced tradeoff
1778,exact,21088,0.549,0.107,0.659,0.459,0.630,0.404,0.534,0.832,0.404,default-pass-challenge,Default pass + challenge vouchers,panel-en-banc,Three-judge panels with en banc correction,revolving-door-dominant,Revolving-door dominant,weak subsystem floor
1779,exact,21134,0.549,0.102,0.523,0.477,0.713,0.470,0.557,0.852,0.470,influence-system-majority,Campaign-finance influence system,accountability-retention-court,Retention-election accountability court,open-access-lobbying,Open access lobbying,weak subsystem floor
1780,exact,21143,0.549,0.099,0.409,0.477,0.759,0.550,0.605,0.802,0.550,current-system,Stylized U.S.-like conventional benchmark,automatic-merits-follow-up,Automatic merits follow-up for emergency relief,audit-and-sanctions,Audit and sanctions,strong rights screen; weak subsystem floor
1781,exact,21158,0.549,0.099,0.409,0.502,0.749,0.537,0.598,0.839,0.537,current-system,Stylized U.S.-like conventional benchmark,jurisdiction-stripping-constraints,Jurisdiction stripping constrained by rights carveouts,democracy-vouchers,Democracy vouchers,weak subsystem floor
1782,exact,21204,0.549,0.102,0.523,0.474,0.716,0.470,0.554,0.850,0.470,influence-system-majority,Campaign-finance influence system,recusal-and-emergency-reform,Peer recusal + reasoned emergency docket,open-access-lobbying,Open access lobbying,weak subsystem floor
1783,exact,21214,0.549,0.107,0.659,0.451,0.630,0.408,0.535,0.834,0.408,default-pass-challenge,Default pass + challenge vouchers,panel-en-banc,Three-judge panels with en banc correction,campaign-finance-dominant,Campaign finance dominant,weak subsystem floor
1784,exact,21249,0.548,0.103,0.523,0.474,0.716,0.470,0.551,0.856,0.470,influence-system-majority,Campaign-finance influence system,term-limited-balanced,18-year staggered terms + regular appointments,open-access-lobbying,Open access lobbying,weak subsystem floor
1785,exact,21260,0.548,0.106,0.583,0.473,0.698,0.411,0.567,0.846,0.411,citizen-initiative-referendum,Citizen initiative and referendum,automatic-merits-follow-up,Automatic merits follow-up for emergency relief,campaign-finance-dominant,Campaign finance dominant,weak subsystem floor
1786,exact,21284,0.548,0.099,0.409,0.501,0.750,0.537,0.595,0.839,0.537,current-system,Stylized U.S.-like conventional benchmark,nonpartisan-commission,Nonpartisan commission appointments,democracy-vouchers,Democracy vouchers,strong rights screen; weak subsystem floor
1787,exact,21286,0.548,0.099,0.409,0.500,0.754,0.537,0.591,0.836,0.537,current-system,Stylized U.S.-like conventional benchmark,mandatory-written-emergency-reasoning,Mandatory written emergency reasoning,democracy-vouchers,Democracy vouchers,strong rights screen; weak subsystem floor
1788,exact,21330,0.548,0.099,0.409,0.503,0.747,0.537,0.595,0.839,0.537,current-system,Stylized U.S.-like conventional benchmark,accountability-retention-court,Retention-election accountability court,democracy-vouchers,Democracy vouchers,weak subsystem floor
1789,exact,21398,0.548,0.099,0.409,0.502,0.747,0.537,0.596,0.837,0.537,current-system,Stylized U.S.-like conventional benchmark,legislative-override-window,Time-limited legislative override window,democracy-vouchers,Democracy vouchers,weak subsystem floor
1790,exact,21411,0.548,0.099,0.409,0.500,0.751,0.537,0.592,0.837,0.537,current-system,Stylized U.S.-like conventional benchmark,recusal-and-emergency-reform,Peer recusal + reasoned emergency docket,democracy-vouchers,Democracy vouchers,strong rights screen; weak subsystem floor
1791,exact,21419,0.548,0.099,0.409,0.502,0.747,0.537,0.596,0.837,0.537,current-system,Stylized U.S.-like conventional benchmark,legislative-override,Judicial review with legislative supermajority override,democracy-vouchers,Democracy vouchers,weak subsystem floor
1792,exact,21452,0.548,0.099,0.409,0.500,0.751,0.537,0.590,0.843,0.537,current-system,Stylized U.S.-like conventional benchmark,term-limited-balanced,18-year staggered terms + regular appointments,democracy-vouchers,Democracy vouchers,strong rights screen; weak subsystem floor
1793,exact,21476,0.548,0.102,0.509,0.476,0.717,0.476,0.569,0.849,0.476,anti-capture-access-majority,Anti-capture proposal access + majority,panel-en-banc,Three-judge panels with en banc correction,open-access-lobbying,Open access lobbying,weak subsystem floor
1794,exact,21539,0.548,0.103,0.523,0.473,0.718,0.470,0.545,0.857,0.470,influence-system-majority,Campaign-finance influence system,supermajority-review,60 percent invalidation threshold,open-access-lobbying,Open access lobbying,weak subsystem floor
1795,exact,21562,0.548,0.098,0.412,0.505,0.745,0.536,0.586,0.832,0.536,cloture-conference-review,"Cloture, conference, and judicial review",jurisdiction-stripping-constraints,Jurisdiction stripping constrained by rights carveouts,democracy-vouchers,Democracy vouchers,weak subsystem floor
1796,exact,21676,0.548,0.098,0.412,0.504,0.747,0.536,0.583,0.832,0.536,cloture-conference-review,"Cloture, conference, and judicial review",nonpartisan-commission,Nonpartisan commission appointments,democracy-vouchers,Democracy vouchers,weak subsystem floor
1797,exact,21678,0.548,0.098,0.412,0.504,0.750,0.536,0.579,0.829,0.536,cloture-conference-review,"Cloture, conference, and judicial review",mandatory-written-emergency-reasoning,Mandatory written emergency reasoning,democracy-vouchers,Democracy vouchers,strong rights screen; weak subsystem floor
1798,exact,21744,0.548,0.098,0.412,0.507,0.744,0.536,0.583,0.832,0.536,cloture-conference-review,"Cloture, conference, and judicial review",accountability-retention-court,Retention-election accountability court,democracy-vouchers,Democracy vouchers,weak subsystem floor
1799,exact,21746,0.548,0.099,0.409,0.499,0.753,0.537,0.583,0.844,0.537,current-system,Stylized U.S.-like conventional benchmark,supermajority-review,60 percent invalidation threshold,democracy-vouchers,Democracy vouchers,strong rights screen; weak subsystem floor
1800,exact,21752,0.547,0.098,0.409,0.502,0.762,0.514,0.632,0.782,0.514,current-system,Stylized U.S.-like conventional benchmark,emergency-restraint-court,No emergency relief without merits review,bundle-with-evasion,Anti-capture bundle with evasion,strong rights screen; weak subsystem floor
1801,exact,21759,0.547,0.107,0.659,0.460,0.628,0.404,0.522,0.835,0.404,default-pass-challenge,Default pass + challenge vouchers,jurisdiction-stripping-constraints,Jurisdiction stripping constrained by rights carveouts,revolving-door-dominant,Revolving-door dominant,weak subsystem floor
1802,exact,21809,0.547,0.098,0.412,0.506,0.744,0.536,0.584,0.830,0.536,cloture-conference-review,"Cloture, conference, and judicial review",legislative-override-window,Time-limited legislative override window,democracy-vouchers,Democracy vouchers,weak subsystem floor
1803,exact,21822,0.547,0.098,0.412,0.504,0.747,0.536,0.580,0.831,0.536,cloture-conference-review,"Cloture, conference, and judicial review",recusal-and-emergency-reform,Peer recusal + reasoned emergency docket,democracy-vouchers,Democracy vouchers,weak subsystem floor
1804,exact,21828,0.547,0.098,0.412,0.506,0.744,0.536,0.584,0.830,0.536,cloture-conference-review,"Cloture, conference, and judicial review",legislative-override,Judicial review with legislative supermajority override,democracy-vouchers,Democracy vouchers,weak subsystem floor
1805,exact,21851,0.547,0.099,0.412,0.504,0.748,0.536,0.578,0.836,0.536,cloture-conference-review,"Cloture, conference, and judicial review",term-limited-balanced,18-year staggered terms + regular appointments,democracy-vouchers,Democracy vouchers,weak subsystem floor
1806,exact,21867,0.547,0.107,0.659,0.452,0.628,0.408,0.523,0.838,0.408,default-pass-challenge,Default pass + challenge vouchers,jurisdiction-stripping-constraints,Jurisdiction stripping constrained by rights carveouts,campaign-finance-dominant,Campaign finance dominant,weak subsystem floor
1807,exact,21869,0.547,0.107,0.659,0.458,0.632,0.404,0.515,0.832,0.404,default-pass-challenge,Default pass + challenge vouchers,mandatory-written-emergency-reasoning,Mandatory written emergency reasoning,revolving-door-dominant,Revolving-door dominant,weak subsystem floor
1808,exact,21914,0.547,0.097,0.409,0.503,0.760,0.514,0.634,0.775,0.514,current-system,Stylized U.S.-like conventional benchmark,emergency-integrity-package,Emergency integrity package,bundle-with-evasion,Anti-capture bundle with evasion,strong rights screen; weak subsystem floor
1809,exact,21987,0.547,0.107,0.659,0.451,0.632,0.408,0.516,0.835,0.408,default-pass-challenge,Default pass + challenge vouchers,mandatory-written-emergency-reasoning,Mandatory written emergency reasoning,campaign-finance-dominant,Campaign finance dominant,weak subsystem floor
1810,exact,22032,0.547,0.107,0.659,0.458,0.630,0.404,0.514,0.840,0.404,default-pass-challenge,Default pass + challenge vouchers,term-limited-balanced,18-year staggered terms + regular appointments,revolving-door-dominant,Revolving-door dominant,weak subsystem floor
1811,exact,22053,0.547,0.101,0.491,0.480,0.745,0.459,0.601,0.797,0.459,random-public-review-panel-majority,Random public review panel + majority,emergency-restraint-court,No emergency relief without merits review,open-access-lobbying,Open access lobbying,weak subsystem floor
1812,exact,22098,0.547,0.102,0.509,0.477,0.714,0.476,0.558,0.852,0.476,anti-capture-access-majority,Anti-capture proposal access + majority,jurisdiction-stripping-constraints,Jurisdiction stripping constrained by rights carveouts,open-access-lobbying,Open access lobbying,weak subsystem floor
1813,exact,22115,0.547,0.107,0.659,0.453,0.626,0.408,0.521,0.836,0.408,default-pass-challenge,Default pass + challenge vouchers,legislative-override,Judicial review with legislative supermajority override,campaign-finance-dominant,Campaign finance dominant,weak subsystem floor
1814,exact,22124,0.547,0.099,0.412,0.503,0.749,0.536,0.571,0.837,0.536,cloture-conference-review,"Cloture, conference, and judicial review",supermajority-review,60 percent invalidation threshold,democracy-vouchers,Democracy vouchers,weak subsystem floor
1815,exact,22127,0.547,0.097,0.412,0.506,0.759,0.513,0.620,0.775,0.513,cloture-conference-review,"Cloture, conference, and judicial review",emergency-restraint-court,No emergency relief without merits review,bundle-with-evasion,Anti-capture bundle with evasion,strong rights screen; weak subsystem floor
1816,exact,22129,0.547,0.101,0.598,0.473,0.657,0.460,0.473,0.821,0.460,risk-routed-majority,Risk-routed majority legislature,current-us-like,Stylized current U.S.-like supreme court,open-access-lobbying,Open access lobbying,weak subsystem floor
1817,exact,22131,0.547,0.107,0.659,0.451,0.630,0.408,0.515,0.842,0.408,default-pass-challenge,Default pass + challenge vouchers,term-limited-balanced,18-year staggered terms + regular appointments,campaign-finance-dominant,Campaign finance dominant,weak subsystem floor
1818,exact,22195,0.547,0.102,0.509,0.476,0.716,0.476,0.554,0.852,0.476,anti-capture-access-majority,Anti-capture proposal access + majority,nonpartisan-commission,Nonpartisan commission appointments,open-access-lobbying,Open access lobbying,weak subsystem floor
1819,exact,22196,0.547,0.102,0.509,0.475,0.719,0.476,0.550,0.849,0.476,anti-capture-access-majority,Anti-capture proposal access + majority,mandatory-written-emergency-reasoning,Mandatory written emergency reasoning,open-access-lobbying,Open access lobbying,weak subsystem floor
1820,exact,22202,0.547,0.101,0.491,0.481,0.743,0.459,0.602,0.790,0.459,random-public-review-panel-majority,Random public review panel + majority,emergency-integrity-package,Emergency integrity package,open-access-lobbying,Open access lobbying,weak subsystem floor
1821,exact,22244,0.546,0.102,0.509,0.478,0.713,0.476,0.555,0.852,0.476,anti-capture-access-majority,Anti-capture proposal access + majority,accountability-retention-court,Retention-election accountability court,open-access-lobbying,Open access lobbying,weak subsystem floor
1822,exact,22286,0.546,0.107,0.659,0.457,0.631,0.404,0.507,0.841,0.404,default-pass-challenge,Default pass + challenge vouchers,supermajority-review,60 percent invalidation threshold,revolving-door-dominant,Revolving-door dominant,weak subsystem floor
1823,exact,22292,0.546,0.097,0.412,0.506,0.757,0.513,0.622,0.768,0.513,cloture-conference-review,"Cloture, conference, and judicial review",emergency-integrity-package,Emergency integrity package,bundle-with-evasion,Anti-capture bundle with evasion,strong rights screen; weak subsystem floor
1824,exact,22315,0.546,0.102,0.509,0.477,0.713,0.476,0.555,0.850,0.476,anti-capture-access-majority,Anti-capture proposal access + majority,legislative-override-window,Time-limited legislative override window,open-access-lobbying,Open access lobbying,weak subsystem floor
1825,exact,22317,0.546,0.106,0.583,0.478,0.690,0.407,0.560,0.847,0.407,citizen-initiative-referendum,Citizen initiative and referendum,panel-en-banc,Three-judge panels with en banc correction,revolving-door-dominant,Revolving-door dominant,weak subsystem floor
1826,exact,22328,0.546,0.102,0.509,0.475,0.716,0.476,0.552,0.851,0.476,anti-capture-access-majority,Anti-capture proposal access + majority,recusal-and-emergency-reform,Peer recusal + reasoned emergency docket,open-access-lobbying,Open access lobbying,weak subsystem floor
1827,exact,22336,0.546,0.101,0.485,0.481,0.750,0.459,0.602,0.797,0.459,citizen-assembly-threshold,Citizen assembly threshold gate,emergency-restraint-court,No emergency relief without merits review,open-access-lobbying,Open access lobbying,weak subsystem floor
1828,exact,22348,0.546,0.106,0.598,0.469,0.708,0.384,0.571,0.807,0.384,risk-routed-majority,Risk-routed majority legislature,emergency-restraint-court,No emergency relief without merits review,revolving-door-dominant,Revolving-door dominant,weak subsystem floor
1829,exact,22365,0.546,0.102,0.509,0.475,0.717,0.476,0.549,0.856,0.476,anti-capture-access-majority,Anti-capture proposal access + majority,term-limited-balanced,18-year staggered terms + regular appointments,open-access-lobbying,Open access lobbying,weak subsystem floor
1830,exact,22393,0.546,0.107,0.659,0.449,0.631,0.408,0.508,0.843,0.408,default-pass-challenge,Default pass + challenge vouchers,supermajority-review,60 percent invalidation threshold,campaign-finance-dominant,Campaign finance dominant,weak subsystem floor
1831,exact,22418,0.546,0.106,0.583,0.470,0.690,0.411,0.561,0.849,0.411,citizen-initiative-referendum,Citizen initiative and referendum,panel-en-banc,Three-judge panels with en banc correction,campaign-finance-dominant,Campaign finance dominant,weak subsystem floor
1832,exact,22439,0.546,0.106,0.598,0.461,0.708,0.388,0.572,0.809,0.388,risk-routed-majority,Risk-routed majority legislature,emergency-restraint-court,No emergency relief without merits review,campaign-finance-dominant,Campaign finance dominant,weak subsystem floor
1833,exact,22463,0.546,0.098,0.441,0.491,0.748,0.498,0.615,0.778,0.498,supermajority-60,Unicameral 60 percent passage,emergency-restraint-court,No emergency relief without merits review,outside-spending-disclosure-evasion,Outside-spending disclosure evasion,weak subsystem floor
1834,exact,22489,0.546,0.101,0.485,0.481,0.748,0.459,0.603,0.790,0.459,citizen-assembly-threshold,Citizen assembly threshold gate,emergency-integrity-package,Emergency integrity package,open-access-lobbying,Open access lobbying,weak subsystem floor
1835,exact,22625,0.546,0.102,0.509,0.474,0.718,0.476,0.543,0.857,0.476,anti-capture-access-majority,Anti-capture proposal access + majority,supermajority-review,60 percent invalidation threshold,open-access-lobbying,Open access lobbying,weak subsystem floor
1836,exact,22642,0.546,0.097,0.441,0.491,0.747,0.498,0.616,0.770,0.498,supermajority-60,Unicameral 60 percent passage,emergency-integrity-package,Emergency integrity package,outside-spending-disclosure-evasion,Outside-spending disclosure evasion,weak subsystem floor
1837,exact,22756,0.545,0.103,0.472,0.476,0.749,0.472,0.592,0.855,0.472,citizens-agenda-petition-majority,Citizen agenda petitions + majority,emergency-restraint-court,No emergency relief without merits review,open-access-lobbying,Open access lobbying,weak subsystem floor
1838,exact,22760,0.545,0.101,0.491,0.481,0.742,0.459,0.591,0.794,0.459,random-public-review-panel-majority,Random public review panel + majority,automatic-merits-follow-up,Automatic merits follow-up for emergency relief,open-access-lobbying,Open access lobbying,weak subsystem floor
1839,exact,22802,0.545,0.099,0.441,0.493,0.748,0.491,0.615,0.804,0.491,supermajority-60,Unicameral 60 percent passage,emergency-restraint-court,No emergency relief without merits review,public-interest-representation-funds,Public-interest representation funds,weak subsystem floor
1840,exact,22920,0.545,0.106,0.583,0.479,0.688,0.407,0.548,0.850,0.407,citizen-initiative-referendum,Citizen initiative and referendum,jurisdiction-stripping-constraints,Jurisdiction stripping constrained by rights carveouts,revolving-door-dominant,Revolving-door dominant,weak subsystem floor
1841,exact,22943,0.545,0.102,0.472,0.477,0.747,0.472,0.593,0.848,0.472,citizens-agenda-petition-majority,Citizen agenda petitions + majority,emergency-integrity-package,Emergency integrity package,open-access-lobbying,Open access lobbying,weak subsystem floor
1842,exact,22981,0.545,0.099,0.441,0.493,0.747,0.491,0.616,0.797,0.491,supermajority-60,Unicameral 60 percent passage,emergency-integrity-package,Emergency integrity package,public-interest-representation-funds,Public-interest representation funds,weak subsystem floor
1843,exact,22989,0.545,0.097,0.409,0.504,0.751,0.514,0.627,0.769,0.514,current-system,Stylized U.S.-like conventional benchmark,constitutional-council,Pre-enactment constitutional council,bundle-with-evasion,Anti-capture bundle with evasion,strong rights screen; weak subsystem floor
1844,exact,23028,0.545,0.107,0.583,0.471,0.688,0.411,0.549,0.852,0.411,citizen-initiative-referendum,Citizen initiative and referendum,jurisdiction-stripping-constraints,Jurisdiction stripping constrained by rights carveouts,campaign-finance-dominant,Campaign finance dominant,weak subsystem floor
1845,exact,23029,0.545,0.106,0.583,0.477,0.693,0.407,0.541,0.847,0.407,citizen-initiative-referendum,Citizen initiative and referendum,mandatory-written-emergency-reasoning,Mandatory written emergency reasoning,revolving-door-dominant,Revolving-door dominant,weak subsystem floor
1846,exact,23066,0.545,0.101,0.485,0.481,0.747,0.459,0.592,0.794,0.459,citizen-assembly-threshold,Citizen assembly threshold gate,automatic-merits-follow-up,Automatic merits follow-up for emergency relief,open-access-lobbying,Open access lobbying,weak subsystem floor
1847,exact,23076,0.545,0.100,0.491,0.482,0.736,0.459,0.598,0.782,0.459,random-public-review-panel-majority,Random public review panel + majority,council-concrete-hybrid,Constitutional council with concrete-review backstop,open-access-lobbying,Open access lobbying,weak subsystem floor
1848,exact,23112,0.545,0.103,0.500,0.474,0.732,0.456,0.584,0.845,0.456,harm-weighted-majority,Harm-weighted double majority,emergency-restraint-court,No emergency relief without merits review,open-access-lobbying,Open access lobbying,weak subsystem floor
1849,exact,23119,0.545,0.106,0.583,0.470,0.693,0.411,0.542,0.849,0.411,citizen-initiative-referendum,Citizen initiative and referendum,mandatory-written-emergency-reasoning,Mandatory written emergency reasoning,campaign-finance-dominant,Campaign finance dominant,weak subsystem floor
1850,exact,23166,0.544,0.107,0.583,0.477,0.690,0.407,0.540,0.855,0.407,citizen-initiative-referendum,Citizen initiative and referendum,term-limited-balanced,18-year staggered terms + regular appointments,revolving-door-dominant,Revolving-door dominant,weak subsystem floor
1851,exact,23169,0.544,0.106,0.598,0.462,0.705,0.388,0.562,0.806,0.388,risk-routed-majority,Risk-routed majority legislature,automatic-merits-follow-up,Automatic merits follow-up for emergency relief,campaign-finance-dominant,Campaign finance dominant,weak subsystem floor
1852,exact,23205,0.544,0.100,0.491,0.481,0.741,0.459,0.586,0.783,0.459,random-public-review-panel-majority,Random public review panel + majority,constitutional-remand,Constitutional remand before invalidation,open-access-lobbying,Open access lobbying,weak subsystem floor
1853,exact,23238,0.544,0.106,0.583,0.472,0.686,0.411,0.547,0.851,0.411,citizen-initiative-referendum,Citizen initiative and referendum,legislative-override,Judicial review with legislative supermajority override,campaign-finance-dominant,Campaign finance dominant,weak subsystem floor
1854,exact,23242,0.544,0.100,0.491,0.482,0.734,0.459,0.595,0.784,0.459,random-public-review-panel-majority,Random public review panel + majority,constitutional-council,Pre-enactment constitutional council,open-access-lobbying,Open access lobbying,weak subsystem floor
1855,exact,23251,0.544,0.107,0.583,0.470,0.690,0.411,0.541,0.857,0.411,citizen-initiative-referendum,Citizen initiative and referendum,term-limited-balanced,18-year staggered terms + regular appointments,campaign-finance-dominant,Campaign finance dominant,weak subsystem floor
1856,exact,23261,0.544,0.103,0.500,0.474,0.730,0.456,0.586,0.838,0.456,harm-weighted-majority,Harm-weighted double majority,emergency-integrity-package,Emergency integrity package,open-access-lobbying,Open access lobbying,weak subsystem floor
1857,exact,23329,0.544,0.098,0.442,0.449,0.693,0.614,0.482,0.846,0.599,parliamentary-coalition-confidence,Parliamentary coalition confidence,current-us-like,Stylized current U.S.-like supreme court,budgeted-disclosed-lobbying,Budgeted disclosed lobbying,balanced tradeoff
1858,exact,23335,0.544,0.100,0.485,0.482,0.740,0.459,0.598,0.782,0.459,citizen-assembly-threshold,Citizen assembly threshold gate,council-concrete-hybrid,Constitutional council with concrete-review backstop,open-access-lobbying,Open access lobbying,weak subsystem floor
1859,exact,23386,0.544,0.107,0.583,0.476,0.692,0.407,0.533,0.855,0.407,citizen-initiative-referendum,Citizen initiative and referendum,supermajority-review,60 percent invalidation threshold,revolving-door-dominant,Revolving-door dominant,weak subsystem floor
1860,exact,23400,0.544,0.106,0.622,0.469,0.668,0.380,0.569,0.791,0.380,long-horizon-learning-majority,Long-horizon strategic learning,emergency-restraint-court,No emergency relief without merits review,revolving-door-dominant,Revolving-door dominant,weak subsystem floor
1861,exact,23434,0.544,0.102,0.472,0.477,0.746,0.472,0.582,0.852,0.472,citizens-agenda-petition-majority,Citizen agenda petitions + majority,automatic-merits-follow-up,Automatic merits follow-up for emergency relief,open-access-lobbying,Open access lobbying,weak subsystem floor
1862,exact,23451,0.544,0.100,0.485,0.482,0.745,0.459,0.587,0.783,0.459,citizen-assembly-threshold,Citizen assembly threshold gate,constitutional-remand,Constitutional remand before invalidation,open-access-lobbying,Open access lobbying,weak subsystem floor
1863,exact,23483,0.544,0.107,0.583,0.468,0.692,0.411,0.534,0.857,0.411,citizen-initiative-referendum,Citizen initiative and referendum,supermajority-review,60 percent invalidation threshold,campaign-finance-dominant,Campaign finance dominant,weak subsystem floor
1864,exact,23499,0.544,0.106,0.622,0.461,0.668,0.384,0.570,0.793,0.384,long-horizon-learning-majority,Long-horizon strategic learning,emergency-restraint-court,No emergency relief without merits review,campaign-finance-dominant,Campaign finance dominant,weak subsystem floor
1865,exact,23500,0.544,0.100,0.485,0.483,0.738,0.459,0.596,0.784,0.459,citizen-assembly-threshold,Citizen assembly threshold gate,constitutional-council,Pre-enactment constitutional council,open-access-lobbying,Open access lobbying,weak subsystem floor
1866,exact,23669,0.543,0.103,0.515,0.483,0.706,0.452,0.567,0.845,0.452,district-population-majority,District-population public-will model,emergency-restraint-court,No emergency relief without merits review,open-access-lobbying,Open access lobbying,weak subsystem floor
1867,exact,23691,0.543,0.102,0.472,0.478,0.739,0.472,0.588,0.840,0.472,citizens-agenda-petition-majority,Citizen agenda petitions + majority,council-concrete-hybrid,Constitutional council with concrete-review backstop,open-access-lobbying,Open access lobbying,weak subsystem floor
1868,exact,23703,0.543,0.102,0.472,0.477,0.747,0.472,0.577,0.835,0.472,citizens-agenda-petition-majority,Citizen agenda petitions + majority,remand-override-window-package,Constitutional remand with override window,open-access-lobbying,Open access lobbying,weak subsystem floor
1869,exact,23775,0.543,0.101,0.491,0.478,0.734,0.459,0.585,0.797,0.459,random-public-review-panel-majority,Random public review panel + majority,panel-en-banc,Three-judge panels with en banc correction,open-access-lobbying,Open access lobbying,weak subsystem floor
1870,exact,23786,0.543,0.098,0.442,0.475,0.693,0.579,0.495,0.850,0.579,parliamentary-coalition-confidence,Parliamentary coalition confidence,current-us-like,Stylized current U.S.-like supreme court,democracy-vouchers,Democracy vouchers,balanced tradeoff
1871,exact,23824,0.543,0.103,0.515,0.484,0.704,0.452,0.569,0.838,0.452,district-population-majority,District-population public-will model,emergency-integrity-package,Emergency integrity package,open-access-lobbying,Open access lobbying,weak subsystem floor
1872,exact,23830,0.543,0.102,0.472,0.477,0.744,0.472,0.576,0.841,0.472,citizens-agenda-petition-majority,Citizen agenda petitions + majority,constitutional-remand,Constitutional remand before invalidation,open-access-lobbying,Open access lobbying,weak subsystem floor
1873,exact,23878,0.543,0.102,0.472,0.478,0.737,0.472,0.586,0.842,0.472,citizens-agenda-petition-majority,Citizen agenda petitions + majority,constitutional-council,Pre-enactment constitutional council,open-access-lobbying,Open access lobbying,weak subsystem floor
1874,exact,24039,0.542,0.102,0.500,0.474,0.730,0.456,0.569,0.825,0.456,harm-weighted-majority,Harm-weighted double majority,remand-override-window-package,Constitutional remand with override window,open-access-lobbying,Open access lobbying,weak subsystem floor
1875,exact,24044,0.542,0.101,0.485,0.479,0.739,0.459,0.585,0.797,0.459,citizen-assembly-threshold,Citizen assembly threshold gate,panel-en-banc,Three-judge panels with en banc correction,open-access-lobbying,Open access lobbying,weak subsystem floor
1876,exact,24051,0.542,0.106,0.598,0.467,0.697,0.384,0.555,0.807,0.384,risk-routed-majority,Risk-routed majority legislature,panel-en-banc,Three-judge panels with en banc correction,revolving-door-dominant,Revolving-door dominant,weak subsystem floor
1877,exact,24145,0.542,0.106,0.598,0.459,0.697,0.388,0.556,0.809,0.388,risk-routed-majority,Risk-routed majority legislature,panel-en-banc,Three-judge panels with en banc correction,campaign-finance-dominant,Campaign finance dominant,weak subsystem floor
1878,exact,24151,0.542,0.106,0.622,0.461,0.665,0.384,0.560,0.790,0.384,long-horizon-learning-majority,Long-horizon strategic learning,automatic-merits-follow-up,Automatic merits follow-up for emergency relief,campaign-finance-dominant,Campaign finance dominant,weak subsystem floor
1879,exact,24350,0.542,0.101,0.491,0.479,0.732,0.459,0.573,0.801,0.459,random-public-review-panel-majority,Random public review panel + majority,jurisdiction-stripping-constraints,Jurisdiction stripping constrained by rights carveouts,open-access-lobbying,Open access lobbying,weak subsystem floor
1880,exact,24369,0.542,0.103,0.515,0.484,0.703,0.452,0.557,0.842,0.452,district-population-majority,District-population public-will model,automatic-merits-follow-up,Automatic merits follow-up for emergency relief,open-access-lobbying,Open access lobbying,weak subsystem floor
1881,exact,24385,0.541,0.102,0.483,0.475,0.738,0.457,0.592,0.820,0.457,public-objection-majority,Public objection window + majority,emergency-restraint-court,No emergency relief without merits review,open-access-lobbying,Open access lobbying,weak subsystem floor
1882,exact,24422,0.541,0.101,0.491,0.478,0.734,0.459,0.570,0.801,0.459,random-public-review-panel-majority,Random public review panel + majority,nonpartisan-commission,Nonpartisan commission appointments,open-access-lobbying,Open access lobbying,weak subsystem floor
1883,exact,24424,0.541,0.101,0.491,0.478,0.737,0.459,0.566,0.797,0.459,random-public-review-panel-majority,Random public review panel + majority,mandatory-written-emergency-reasoning,Mandatory written emergency reasoning,open-access-lobbying,Open access lobbying,weak subsystem floor
1884,exact,24447,0.541,0.102,0.472,0.474,0.738,0.472,0.575,0.855,0.472,citizens-agenda-petition-majority,Citizen agenda petitions + majority,panel-en-banc,Three-judge panels with en banc correction,open-access-lobbying,Open access lobbying,weak subsystem floor
1885,exact,24534,0.541,0.102,0.483,0.475,0.736,0.457,0.593,0.812,0.457,public-objection-majority,Public objection window + majority,emergency-integrity-package,Emergency integrity package,open-access-lobbying,Open access lobbying,weak subsystem floor
1886,exact,24542,0.541,0.101,0.491,0.478,0.734,0.459,0.567,0.799,0.459,random-public-review-panel-majority,Random public review panel + majority,recusal-and-emergency-reform,Peer recusal + reasoned emergency docket,open-access-lobbying,Open access lobbying,weak subsystem floor
1887,exact,24561,0.541,0.103,0.492,0.473,0.726,0.454,0.584,0.849,0.454,public-interest-majority,Majority + public-interest screen,emergency-restraint-court,No emergency relief without merits review,open-access-lobbying,Open access lobbying,weak subsystem floor
1888,exact,24574,0.541,0.101,0.491,0.478,0.734,0.459,0.564,0.805,0.459,random-public-review-panel-majority,Random public review panel + majority,term-limited-balanced,18-year staggered terms + regular appointments,open-access-lobbying,Open access lobbying,weak subsystem floor
1889,exact,24602,0.541,0.101,0.485,0.480,0.736,0.459,0.574,0.801,0.459,citizen-assembly-threshold,Citizen assembly threshold gate,jurisdiction-stripping-constraints,Jurisdiction stripping constrained by rights carveouts,open-access-lobbying,Open access lobbying,weak subsystem floor
1890,exact,24610,0.541,0.106,0.598,0.468,0.695,0.384,0.543,0.810,0.384,risk-routed-majority,Risk-routed majority legislature,jurisdiction-stripping-constraints,Jurisdiction stripping constrained by rights carveouts,revolving-door-dominant,Revolving-door dominant,weak subsystem floor
1891,exact,24699,0.541,0.101,0.485,0.479,0.738,0.459,0.571,0.801,0.459,citizen-assembly-threshold,Citizen assembly threshold gate,nonpartisan-commission,Nonpartisan commission appointments,open-access-lobbying,Open access lobbying,weak subsystem floor
1892,exact,24700,0.541,0.101,0.485,0.479,0.741,0.459,0.566,0.797,0.459,citizen-assembly-threshold,Citizen assembly threshold gate,mandatory-written-emergency-reasoning,Mandatory written emergency reasoning,open-access-lobbying,Open access lobbying,weak subsystem floor
1893,exact,24709,0.541,0.106,0.598,0.460,0.695,0.388,0.544,0.813,0.388,risk-routed-majority,Risk-routed majority legislature,jurisdiction-stripping-constraints,Jurisdiction stripping constrained by rights carveouts,campaign-finance-dominant,Campaign finance dominant,weak subsystem floor
1894,exact,24710,0.541,0.106,0.598,0.466,0.699,0.384,0.536,0.807,0.384,risk-routed-majority,Risk-routed majority legislature,mandatory-written-emergency-reasoning,Mandatory written emergency reasoning,revolving-door-dominant,Revolving-door dominant,weak subsystem floor
1895,exact,24739,0.541,0.101,0.485,0.481,0.735,0.459,0.571,0.800,0.459,citizen-assembly-threshold,Citizen assembly threshold gate,accountability-retention-court,Retention-election accountability court,open-access-lobbying,Open access lobbying,weak subsystem floor
1896,exact,24740,0.541,0.099,0.409,0.489,0.762,0.496,0.627,0.799,0.496,current-system,Stylized U.S.-like conventional benchmark,emergency-restraint-court,No emergency relief without merits review,outside-spending-disclosure-evasion,Outside-spending disclosure evasion,strong rights screen; weak subsystem floor
1897,exact,24762,0.541,0.103,0.515,0.484,0.702,0.452,0.552,0.831,0.452,district-population-majority,District-population public-will model,constitutional-remand,Constitutional remand before invalidation,open-access-lobbying,Open access lobbying,weak subsystem floor
1898,exact,24789,0.540,0.101,0.485,0.481,0.735,0.459,0.571,0.799,0.459,citizen-assembly-threshold,Citizen assembly threshold gate,legislative-override-window,Time-limited legislative override window,open-access-lobbying,Open access lobbying,weak subsystem floor
1899,exact,24795,0.540,0.106,0.598,0.459,0.699,0.388,0.537,0.809,0.388,risk-routed-majority,Risk-routed majority legislature,mandatory-written-emergency-reasoning,Mandatory written emergency reasoning,campaign-finance-dominant,Campaign finance dominant,weak subsystem floor
1900,exact,24801,0.540,0.101,0.485,0.479,0.738,0.459,0.568,0.799,0.459,citizen-assembly-threshold,Citizen assembly threshold gate,recusal-and-emergency-reform,Peer recusal + reasoned emergency docket,open-access-lobbying,Open access lobbying,weak subsystem floor
1901,exact,24810,0.540,0.101,0.491,0.476,0.736,0.459,0.558,0.806,0.459,random-public-review-panel-majority,Random public review panel + majority,supermajority-review,60 percent invalidation threshold,open-access-lobbying,Open access lobbying,weak subsystem floor
1902,exact,24811,0.540,0.101,0.485,0.480,0.735,0.459,0.572,0.799,0.459,citizen-assembly-threshold,Citizen assembly threshold gate,legislative-override,Judicial review with legislative supermajority override,open-access-lobbying,Open access lobbying,weak subsystem floor
1903,exact,24830,0.540,0.101,0.485,0.479,0.739,0.459,0.565,0.805,0.459,citizen-assembly-threshold,Citizen assembly threshold gate,term-limited-balanced,18-year staggered terms + regular appointments,open-access-lobbying,Open access lobbying,weak subsystem floor
1904,exact,24839,0.540,0.106,0.598,0.466,0.697,0.384,0.535,0.815,0.384,risk-routed-majority,Risk-routed majority legislature,term-limited-balanced,18-year staggered terms + regular appointments,revolving-door-dominant,Revolving-door dominant,weak subsystem floor
1905,exact,24905,0.540,0.098,0.409,0.489,0.760,0.496,0.628,0.792,0.496,current-system,Stylized U.S.-like conventional benchmark,emergency-integrity-package,Emergency integrity package,outside-spending-disclosure-evasion,Outside-spending disclosure evasion,strong rights screen; weak subsystem floor
1906,exact,24932,0.540,0.106,0.598,0.461,0.693,0.388,0.542,0.811,0.388,risk-routed-majority,Risk-routed majority legislature,legislative-override,Judicial review with legislative supermajority override,campaign-finance-dominant,Campaign finance dominant,weak subsystem floor
1907,exact,24953,0.540,0.106,0.598,0.459,0.697,0.388,0.536,0.817,0.388,risk-routed-majority,Risk-routed majority legislature,term-limited-balanced,18-year staggered terms + regular appointments,campaign-finance-dominant,Campaign finance dominant,weak subsystem floor
1908,exact,25015,0.540,0.102,0.472,0.475,0.736,0.472,0.564,0.858,0.472,citizens-agenda-petition-majority,Citizen agenda petitions + majority,jurisdiction-stripping-constraints,Jurisdiction stripping constrained by rights carveouts,open-access-lobbying,Open access lobbying,weak subsystem floor
1909,exact,25063,0.540,0.101,0.409,0.491,0.762,0.489,0.627,0.826,0.489,current-system,Stylized U.S.-like conventional benchmark,emergency-restraint-court,No emergency relief without merits review,public-interest-representation-funds,Public-interest representation funds,strong rights screen; weak subsystem floor
1910,exact,25064,0.540,0.102,0.483,0.475,0.735,0.457,0.582,0.817,0.457,public-objection-majority,Public objection window + majority,automatic-merits-follow-up,Automatic merits follow-up for emergency relief,open-access-lobbying,Open access lobbying,weak subsystem floor
1911,exact,25082,0.540,0.106,0.622,0.467,0.657,0.380,0.553,0.791,0.380,long-horizon-learning-majority,Long-horizon strategic learning,panel-en-banc,Three-judge panels with en banc correction,revolving-door-dominant,Revolving-door dominant,weak subsystem floor
1912,exact,25085,0.540,0.101,0.485,0.477,0.740,0.459,0.559,0.806,0.459,citizen-assembly-threshold,Citizen assembly threshold gate,supermajority-review,60 percent invalidation threshold,open-access-lobbying,Open access lobbying,weak subsystem floor
1913,exact,25087,0.540,0.099,0.412,0.492,0.759,0.495,0.615,0.792,0.495,cloture-conference-review,"Cloture, conference, and judicial review",emergency-restraint-court,No emergency relief without merits review,outside-spending-disclosure-evasion,Outside-spending disclosure evasion,strong rights screen; weak subsystem floor
1914,exact,25090,0.540,0.106,0.598,0.465,0.699,0.384,0.528,0.816,0.384,risk-routed-majority,Risk-routed majority legislature,supermajority-review,60 percent invalidation threshold,revolving-door-dominant,Revolving-door dominant,weak subsystem floor
1915,exact,25100,0.540,0.102,0.472,0.474,0.737,0.472,0.560,0.858,0.472,citizens-agenda-petition-majority,Citizen agenda petitions + majority,nonpartisan-commission,Nonpartisan commission appointments,open-access-lobbying,Open access lobbying,weak subsystem floor
1916,exact,25104,0.540,0.102,0.472,0.474,0.740,0.472,0.556,0.855,0.472,citizens-agenda-petition-majority,Citizen agenda petitions + majority,mandatory-written-emergency-reasoning,Mandatory written emergency reasoning,open-access-lobbying,Open access lobbying,weak subsystem floor
1917,exact,25147,0.540,0.102,0.472,0.477,0.734,0.472,0.561,0.858,0.472,citizens-agenda-petition-majority,Citizen agenda petitions + majority,accountability-retention-court,Retention-election accountability court,open-access-lobbying,Open access lobbying,weak subsystem floor
1918,exact,25193,0.540,0.106,0.622,0.459,0.657,0.384,0.554,0.793,0.384,long-horizon-learning-majority,Long-horizon strategic learning,panel-en-banc,Three-judge panels with en banc correction,campaign-finance-dominant,Campaign finance dominant,weak subsystem floor
1919,exact,25203,0.540,0.106,0.598,0.457,0.699,0.388,0.529,0.818,0.388,risk-routed-majority,Risk-routed majority legislature,supermajority-review,60 percent invalidation threshold,campaign-finance-dominant,Campaign finance dominant,weak subsystem floor
1920,exact,25223,0.540,0.102,0.472,0.476,0.734,0.472,0.561,0.857,0.472,citizens-agenda-petition-majority,Citizen agenda petitions + majority,legislative-override-window,Time-limited legislative override window,open-access-lobbying,Open access lobbying,weak subsystem floor
1921,exact,25229,0.540,0.100,0.409,0.491,0.760,0.489,0.628,0.818,0.489,current-system,Stylized U.S.-like conventional benchmark,emergency-integrity-package,Emergency integrity package,public-interest-representation-funds,Public-interest representation funds,strong rights screen; weak subsystem floor
1922,exact,25236,0.540,0.102,0.472,0.474,0.738,0.472,0.558,0.857,0.472,citizens-agenda-petition-majority,Citizen agenda petitions + majority,recusal-and-emergency-reform,Peer recusal + reasoned emergency docket,open-access-lobbying,Open access lobbying,weak subsystem floor
1923,exact,25251,0.539,0.102,0.472,0.476,0.734,0.472,0.562,0.857,0.472,citizens-agenda-petition-majority,Citizen agenda petitions + majority,legislative-override,Judicial review with legislative supermajority override,open-access-lobbying,Open access lobbying,weak subsystem floor
1924,exact,25280,0.539,0.103,0.472,0.474,0.738,0.472,0.555,0.863,0.472,citizens-agenda-petition-majority,Citizen agenda petitions + majority,term-limited-balanced,18-year staggered terms + regular appointments,open-access-lobbying,Open access lobbying,weak subsystem floor
1925,exact,25284,0.539,0.098,0.412,0.493,0.757,0.495,0.616,0.785,0.495,cloture-conference-review,"Cloture, conference, and judicial review",emergency-integrity-package,Emergency integrity package,outside-spending-disclosure-evasion,Outside-spending disclosure evasion,strong rights screen; weak subsystem floor
1926,exact,25362,0.539,0.103,0.500,0.473,0.718,0.456,0.556,0.849,0.456,harm-weighted-majority,Harm-weighted double majority,jurisdiction-stripping-constraints,Jurisdiction stripping constrained by rights carveouts,open-access-lobbying,Open access lobbying,weak subsystem floor
1927,exact,25379,0.539,0.101,0.483,0.475,0.736,0.457,0.577,0.799,0.457,public-objection-majority,Public objection window + majority,remand-override-window-package,Constitutional remand with override window,open-access-lobbying,Open access lobbying,weak subsystem floor
1928,exact,25414,0.539,0.103,0.515,0.481,0.695,0.452,0.551,0.845,0.452,district-population-majority,District-population public-will model,panel-en-banc,Three-judge panels with en banc correction,open-access-lobbying,Open access lobbying,weak subsystem floor
1929,exact,25420,0.539,0.100,0.412,0.494,0.759,0.487,0.615,0.819,0.487,cloture-conference-review,"Cloture, conference, and judicial review",emergency-restraint-court,No emergency relief without merits review,public-interest-representation-funds,Public-interest representation funds,strong rights screen; weak subsystem floor
1930,exact,25425,0.539,0.102,0.528,0.473,0.678,0.483,0.481,0.863,0.483,anti-capture-majority-bundle,Majority + anti-capture bundle,current-us-like,Stylized current U.S.-like supreme court,open-access-lobbying,Open access lobbying,weak subsystem floor
1931,exact,25446,0.539,0.103,0.500,0.472,0.720,0.456,0.553,0.849,0.456,harm-weighted-majority,Harm-weighted double majority,nonpartisan-commission,Nonpartisan commission appointments,open-access-lobbying,Open access lobbying,weak subsystem floor
1932,exact,25490,0.539,0.101,0.483,0.475,0.733,0.457,0.577,0.805,0.457,public-objection-majority,Public objection window + majority,constitutional-remand,Constitutional remand before invalidation,open-access-lobbying,Open access lobbying,weak subsystem floor
1933,exact,25509,0.539,0.103,0.472,0.473,0.740,0.472,0.549,0.864,0.472,citizens-agenda-petition-majority,Citizen agenda petitions + majority,supermajority-review,60 percent invalidation threshold,open-access-lobbying,Open access lobbying,weak subsystem floor
1934,exact,25530,0.539,0.104,0.481,0.481,0.738,0.441,0.587,0.861,0.441,committee-regular-order,Committee-first regular order,emergency-restraint-court,No emergency relief without merits review,open-access-lobbying,Open access lobbying,weak subsystem floor
1935,exact,25586,0.539,0.100,0.412,0.495,0.757,0.487,0.616,0.811,0.487,cloture-conference-review,"Cloture, conference, and judicial review",emergency-integrity-package,Emergency integrity package,public-interest-representation-funds,Public-interest representation funds,strong rights screen; weak subsystem floor
1936,exact,25614,0.539,0.103,0.500,0.472,0.721,0.456,0.548,0.853,0.456,harm-weighted-majority,Harm-weighted double majority,term-limited-balanced,18-year staggered terms + regular appointments,open-access-lobbying,Open access lobbying,weak subsystem floor
1937,exact,25636,0.539,0.106,0.528,0.469,0.729,0.407,0.579,0.849,0.407,anti-capture-majority-bundle,Majority + anti-capture bundle,emergency-restraint-court,No emergency relief without merits review,revolving-door-dominant,Revolving-door dominant,weak subsystem floor
1938,exact,25671,0.539,0.106,0.622,0.467,0.655,0.380,0.541,0.794,0.380,long-horizon-learning-majority,Long-horizon strategic learning,jurisdiction-stripping-constraints,Jurisdiction stripping constrained by rights carveouts,revolving-door-dominant,Revolving-door dominant,weak subsystem floor
1939,exact,25693,0.538,0.103,0.481,0.481,0.737,0.441,0.588,0.853,0.441,committee-regular-order,Committee-first regular order,emergency-integrity-package,Emergency integrity package,open-access-lobbying,Open access lobbying,weak subsystem floor
1940,exact,25718,0.538,0.106,0.528,0.461,0.729,0.411,0.580,0.851,0.411,anti-capture-majority-bundle,Majority + anti-capture bundle,emergency-restraint-court,No emergency relief without merits review,campaign-finance-dominant,Campaign finance dominant,weak subsystem floor
1941,exact,25750,0.538,0.106,0.622,0.460,0.655,0.384,0.542,0.796,0.384,long-horizon-learning-majority,Long-horizon strategic learning,jurisdiction-stripping-constraints,Jurisdiction stripping constrained by rights carveouts,campaign-finance-dominant,Campaign finance dominant,weak subsystem floor
1942,exact,25751,0.538,0.106,0.622,0.466,0.660,0.380,0.534,0.791,0.380,long-horizon-learning-majority,Long-horizon strategic learning,mandatory-written-emergency-reasoning,Mandatory written emergency reasoning,revolving-door-dominant,Revolving-door dominant,weak subsystem floor
1943,exact,25808,0.538,0.103,0.500,0.470,0.722,0.456,0.541,0.854,0.456,harm-weighted-majority,Harm-weighted double majority,supermajority-review,60 percent invalidation threshold,open-access-lobbying,Open access lobbying,weak subsystem floor
1944,exact,25820,0.538,0.106,0.622,0.458,0.660,0.384,0.535,0.793,0.384,long-horizon-learning-majority,Long-horizon strategic learning,mandatory-written-emergency-reasoning,Mandatory written emergency reasoning,campaign-finance-dominant,Campaign finance dominant,weak subsystem floor
1945,exact,25837,0.538,0.103,0.487,0.478,0.729,0.442,0.583,0.851,0.442,proportional-committee-assignment-majority,Majority + proportional committee assignment,emergency-restraint-court,No emergency relief without merits review,open-access-lobbying,Open access lobbying,weak subsystem floor
1946,exact,25844,0.538,0.103,0.457,0.479,0.758,0.450,0.597,0.843,0.450,committee-discharge-target-majority,Committee discharge-petition target,emergency-restraint-court,No emergency relief without merits review,open-access-lobbying,Open access lobbying,strong rights screen; weak subsystem floor
1947,exact,25858,0.538,0.106,0.622,0.466,0.657,0.380,0.532,0.799,0.380,long-horizon-learning-majority,Long-horizon strategic learning,term-limited-balanced,18-year staggered terms + regular appointments,revolving-door-dominant,Revolving-door dominant,weak subsystem floor
1948,exact,25916,0.538,0.103,0.515,0.482,0.693,0.452,0.539,0.849,0.452,district-population-majority,District-population public-will model,jurisdiction-stripping-constraints,Jurisdiction stripping constrained by rights carveouts,open-access-lobbying,Open access lobbying,weak subsystem floor
1949,exact,25937,0.538,0.106,0.622,0.460,0.653,0.384,0.540,0.795,0.384,long-horizon-learning-majority,Long-horizon strategic learning,legislative-override,Judicial review with legislative supermajority override,campaign-finance-dominant,Campaign finance dominant,weak subsystem floor
1950,exact,25952,0.538,0.106,0.622,0.459,0.657,0.384,0.533,0.801,0.384,long-horizon-learning-majority,Long-horizon strategic learning,term-limited-balanced,18-year staggered terms + regular appointments,campaign-finance-dominant,Campaign finance dominant,weak subsystem floor
1951,exact,25982,0.538,0.102,0.457,0.479,0.756,0.450,0.598,0.835,0.450,committee-discharge-target-majority,Committee discharge-petition target,emergency-integrity-package,Emergency integrity package,open-access-lobbying,Open access lobbying,strong rights screen; weak subsystem floor
1952,exact,25998,0.538,0.103,0.515,0.481,0.694,0.452,0.536,0.849,0.452,district-population-majority,District-population public-will model,nonpartisan-commission,Nonpartisan commission appointments,open-access-lobbying,Open access lobbying,weak subsystem floor
1953,exact,25999,0.538,0.103,0.515,0.481,0.698,0.452,0.532,0.845,0.452,district-population-majority,District-population public-will model,mandatory-written-emergency-reasoning,Mandatory written emergency reasoning,open-access-lobbying,Open access lobbying,weak subsystem floor
1954,exact,26026,0.538,0.103,0.454,0.472,0.743,0.466,0.592,0.862,0.466,leadership-cartel-majority,Leadership agenda cartel + majority,emergency-restraint-court,No emergency relief without merits review,open-access-lobbying,Open access lobbying,weak subsystem floor
1955,exact,26069,0.537,0.106,0.622,0.465,0.659,0.380,0.526,0.799,0.380,long-horizon-learning-majority,Long-horizon strategic learning,supermajority-review,60 percent invalidation threshold,revolving-door-dominant,Revolving-door dominant,weak subsystem floor
1956,exact,26085,0.537,0.103,0.515,0.481,0.695,0.452,0.533,0.847,0.452,district-population-majority,District-population public-will model,recusal-and-emergency-reform,Peer recusal + reasoned emergency docket,open-access-lobbying,Open access lobbying,weak subsystem floor
1957,exact,26115,0.537,0.103,0.515,0.481,0.695,0.452,0.531,0.853,0.452,district-population-majority,District-population public-will model,term-limited-balanced,18-year staggered terms + regular appointments,open-access-lobbying,Open access lobbying,weak subsystem floor
1958,exact,26122,0.537,0.103,0.481,0.481,0.735,0.441,0.577,0.858,0.441,committee-regular-order,Committee-first regular order,automatic-merits-follow-up,Automatic merits follow-up for emergency relief,open-access-lobbying,Open access lobbying,weak subsystem floor
1959,exact,26160,0.537,0.106,0.622,0.457,0.659,0.384,0.527,0.801,0.384,long-horizon-learning-majority,Long-horizon strategic learning,supermajority-review,60 percent invalidation threshold,campaign-finance-dominant,Campaign finance dominant,weak subsystem floor
1960,exact,26163,0.537,0.103,0.454,0.472,0.741,0.466,0.594,0.855,0.466,leadership-cartel-majority,Leadership agenda cartel + majority,emergency-integrity-package,Emergency integrity package,open-access-lobbying,Open access lobbying,weak subsystem floor
1961,exact,26207,0.537,0.103,0.492,0.471,0.715,0.454,0.568,0.849,0.454,public-interest-majority,Majority + public-interest screen,panel-en-banc,Three-judge panels with en banc correction,open-access-lobbying,Open access lobbying,weak subsystem floor
1962,exact,26318,0.537,0.106,0.528,0.461,0.726,0.411,0.570,0.848,0.411,anti-capture-majority-bundle,Majority + anti-capture bundle,automatic-merits-follow-up,Automatic merits follow-up for emergency relief,campaign-finance-dominant,Campaign finance dominant,weak subsystem floor
1963,exact,26342,0.537,0.103,0.515,0.479,0.697,0.452,0.524,0.854,0.452,district-population-majority,District-population public-will model,supermajority-review,60 percent invalidation threshold,open-access-lobbying,Open access lobbying,weak subsystem floor
1964,exact,26376,0.537,0.103,0.481,0.482,0.729,0.441,0.583,0.845,0.441,committee-regular-order,Committee-first regular order,council-concrete-hybrid,Constitutional council with concrete-review backstop,open-access-lobbying,Open access lobbying,weak subsystem floor
1965,exact,26388,0.537,0.103,0.481,0.481,0.737,0.441,0.572,0.840,0.441,committee-regular-order,Committee-first regular order,remand-override-window-package,Constitutional remand with override window,open-access-lobbying,Open access lobbying,weak subsystem floor
1966,exact,26434,0.536,0.103,0.487,0.478,0.726,0.442,0.573,0.848,0.442,proportional-committee-assignment-majority,Majority + proportional committee assignment,automatic-merits-follow-up,Automatic merits follow-up for emergency relief,open-access-lobbying,Open access lobbying,weak subsystem floor
1967,exact,26440,0.536,0.102,0.457,0.479,0.755,0.450,0.587,0.840,0.450,committee-discharge-target-majority,Committee discharge-petition target,automatic-merits-follow-up,Automatic merits follow-up for emergency relief,open-access-lobbying,Open access lobbying,strong rights screen; weak subsystem floor
1968,exact,26498,0.536,0.103,0.481,0.481,0.734,0.441,0.572,0.846,0.441,committee-regular-order,Committee-first regular order,constitutional-remand,Constitutional remand before invalidation,open-access-lobbying,Open access lobbying,weak subsystem floor
1969,exact,26529,0.536,0.103,0.481,0.482,0.727,0.441,0.581,0.848,0.441,committee-regular-order,Committee-first regular order,constitutional-council,Pre-enactment constitutional council,open-access-lobbying,Open access lobbying,weak subsystem floor
1970,exact,26612,0.536,0.103,0.454,0.472,0.740,0.466,0.582,0.859,0.466,leadership-cartel-majority,Leadership agenda cartel + majority,automatic-merits-follow-up,Automatic merits follow-up for emergency relief,open-access-lobbying,Open access lobbying,weak subsystem floor
1971,exact,26664,0.536,0.103,0.487,0.479,0.719,0.442,0.580,0.835,0.442,proportional-committee-assignment-majority,Majority + proportional committee assignment,council-concrete-hybrid,Constitutional council with concrete-review backstop,open-access-lobbying,Open access lobbying,weak subsystem floor
1972,exact,26668,0.536,0.102,0.457,0.480,0.748,0.450,0.593,0.827,0.450,committee-discharge-target-majority,Committee discharge-petition target,council-concrete-hybrid,Constitutional council with concrete-review backstop,open-access-lobbying,Open access lobbying,weak subsystem floor
1973,exact,26673,0.536,0.103,0.492,0.472,0.713,0.454,0.557,0.852,0.454,public-interest-majority,Majority + public-interest screen,jurisdiction-stripping-constraints,Jurisdiction stripping constrained by rights carveouts,open-access-lobbying,Open access lobbying,weak subsystem floor
1974,exact,26680,0.536,0.102,0.457,0.479,0.756,0.450,0.582,0.822,0.450,committee-discharge-target-majority,Committee discharge-petition target,remand-override-window-package,Constitutional remand with override window,open-access-lobbying,Open access lobbying,strong rights screen; weak subsystem floor
1975,exact,26693,0.536,0.098,0.409,0.471,0.711,0.572,0.508,0.848,0.572,current-system,Stylized U.S.-like conventional benchmark,current-us-like,Stylized current U.S.-like supreme court,budgeted-disclosed-lobbying,Budgeted disclosed lobbying,balanced tradeoff
1976,exact,26739,0.536,0.103,0.492,0.471,0.715,0.454,0.553,0.852,0.454,public-interest-majority,Majority + public-interest screen,nonpartisan-commission,Nonpartisan commission appointments,open-access-lobbying,Open access lobbying,weak subsystem floor
1977,exact,26764,0.535,0.102,0.457,0.480,0.753,0.450,0.582,0.828,0.450,committee-discharge-target-majority,Committee discharge-petition target,constitutional-remand,Constitutional remand before invalidation,open-access-lobbying,Open access lobbying,strong rights screen; weak subsystem floor
1978,exact,26774,0.535,0.103,0.492,0.473,0.712,0.454,0.554,0.852,0.454,public-interest-majority,Majority + public-interest screen,accountability-retention-court,Retention-election accountability court,open-access-lobbying,Open access lobbying,weak subsystem floor
1979,exact,26793,0.535,0.103,0.487,0.480,0.717,0.442,0.578,0.838,0.442,proportional-committee-assignment-majority,Majority + proportional committee assignment,constitutional-council,Pre-enactment constitutional council,open-access-lobbying,Open access lobbying,weak subsystem floor
1980,exact,26802,0.535,0.102,0.457,0.481,0.746,0.450,0.591,0.830,0.450,committee-discharge-target-majority,Committee discharge-petition target,constitutional-council,Pre-enactment constitutional council,open-access-lobbying,Open access lobbying,weak subsystem floor
1981,exact,26815,0.535,0.103,0.478,0.475,0.730,0.442,0.589,0.845,0.442,bicameral-majority,Bicameral simple majority,emergency-restraint-court,No emergency relief without merits review,open-access-lobbying,Open access lobbying,weak subsystem floor
1982,exact,26860,0.535,0.103,0.492,0.471,0.715,0.454,0.548,0.857,0.454,public-interest-majority,Majority + public-interest screen,term-limited-balanced,18-year staggered terms + regular appointments,open-access-lobbying,Open access lobbying,weak subsystem floor
1983,exact,26941,0.535,0.103,0.478,0.475,0.728,0.442,0.590,0.838,0.442,bicameral-majority,Bicameral simple majority,emergency-integrity-package,Emergency integrity package,open-access-lobbying,Open access lobbying,weak subsystem floor
1984,exact,26969,0.535,0.103,0.481,0.478,0.727,0.441,0.571,0.861,0.441,committee-regular-order,Committee-first regular order,panel-en-banc,Three-judge panels with en banc correction,open-access-lobbying,Open access lobbying,weak subsystem floor
1985,exact,27030,0.535,0.106,0.528,0.467,0.718,0.407,0.563,0.849,0.407,anti-capture-majority-bundle,Majority + anti-capture bundle,panel-en-banc,Three-judge panels with en banc correction,revolving-door-dominant,Revolving-door dominant,weak subsystem floor
1986,exact,27035,0.535,0.103,0.492,0.470,0.717,0.454,0.542,0.858,0.454,public-interest-majority,Majority + public-interest screen,supermajority-review,60 percent invalidation threshold,open-access-lobbying,Open access lobbying,weak subsystem floor
1987,exact,27105,0.534,0.106,0.528,0.459,0.718,0.411,0.564,0.851,0.411,anti-capture-majority-bundle,Majority + anti-capture bundle,panel-en-banc,Three-judge panels with en banc correction,campaign-finance-dominant,Campaign finance dominant,weak subsystem floor
1988,exact,27227,0.534,0.103,0.487,0.476,0.718,0.442,0.567,0.851,0.442,proportional-committee-assignment-majority,Majority + proportional committee assignment,panel-en-banc,Three-judge panels with en banc correction,open-access-lobbying,Open access lobbying,weak subsystem floor
1989,exact,27231,0.534,0.102,0.457,0.477,0.747,0.450,0.581,0.843,0.450,committee-discharge-target-majority,Committee discharge-petition target,panel-en-banc,Three-judge panels with en banc correction,open-access-lobbying,Open access lobbying,weak subsystem floor
1990,exact,27233,0.534,0.102,0.523,0.471,0.676,0.470,0.482,0.864,0.470,influence-system-majority,Campaign-finance influence system,current-us-like,Stylized current U.S.-like supreme court,open-access-lobbying,Open access lobbying,weak subsystem floor
1991,exact,27363,0.534,0.098,0.409,0.497,0.711,0.537,0.520,0.851,0.537,current-system,Stylized U.S.-like conventional benchmark,current-us-like,Stylized current U.S.-like supreme court,democracy-vouchers,Democracy vouchers,weak subsystem floor
1992,exact,27392,0.534,0.107,0.523,0.467,0.727,0.394,0.580,0.850,0.394,influence-system-majority,Campaign-finance influence system,emergency-restraint-court,No emergency relief without merits review,revolving-door-dominant,Revolving-door dominant,weak subsystem floor
1993,exact,27397,0.534,0.104,0.481,0.479,0.725,0.441,0.559,0.864,0.441,committee-regular-order,Committee-first regular order,jurisdiction-stripping-constraints,Jurisdiction stripping constrained by rights carveouts,open-access-lobbying,Open access lobbying,weak subsystem floor
1994,exact,27404,0.534,0.103,0.454,0.470,0.732,0.466,0.576,0.863,0.466,leadership-cartel-majority,Leadership agenda cartel + majority,panel-en-banc,Three-judge panels with en banc correction,open-access-lobbying,Open access lobbying,weak subsystem floor
1995,exact,27455,0.533,0.106,0.528,0.468,0.716,0.407,0.551,0.852,0.407,anti-capture-majority-bundle,Majority + anti-capture bundle,jurisdiction-stripping-constraints,Jurisdiction stripping constrained by rights carveouts,revolving-door-dominant,Revolving-door dominant,weak subsystem floor
1996,exact,27456,0.533,0.107,0.523,0.459,0.727,0.398,0.581,0.852,0.398,influence-system-majority,Campaign-finance influence system,emergency-restraint-court,No emergency relief without merits review,campaign-finance-dominant,Campaign finance dominant,weak subsystem floor
1997,exact,27457,0.533,0.104,0.481,0.478,0.727,0.441,0.556,0.864,0.441,committee-regular-order,Committee-first regular order,nonpartisan-commission,Nonpartisan commission appointments,open-access-lobbying,Open access lobbying,weak subsystem floor
1998,exact,27459,0.533,0.103,0.481,0.478,0.730,0.441,0.552,0.861,0.441,committee-regular-order,Committee-first regular order,mandatory-written-emergency-reasoning,Mandatory written emergency reasoning,open-access-lobbying,Open access lobbying,weak subsystem floor
1999,exact,27486,0.533,0.103,0.481,0.481,0.724,0.441,0.556,0.864,0.441,committee-regular-order,Committee-first regular order,accountability-retention-court,Retention-election accountability court,open-access-lobbying,Open access lobbying,weak subsystem floor
2000,exact,27524,0.533,0.106,0.528,0.460,0.716,0.411,0.552,0.854,0.411,anti-capture-majority-bundle,Majority + anti-capture bundle,jurisdiction-stripping-constraints,Jurisdiction stripping constrained by rights carveouts,campaign-finance-dominant,Campaign finance dominant,weak subsystem floor
2001,exact,27525,0.533,0.106,0.528,0.466,0.721,0.407,0.544,0.849,0.407,anti-capture-majority-bundle,Majority + anti-capture bundle,mandatory-written-emergency-reasoning,Mandatory written emergency reasoning,revolving-door-dominant,Revolving-door dominant,weak subsystem floor
2002,exact,27531,0.533,0.103,0.481,0.480,0.724,0.441,0.557,0.863,0.441,committee-regular-order,Committee-first regular order,legislative-override-window,Time-limited legislative override window,open-access-lobbying,Open access lobbying,weak subsystem floor
2003,exact,27539,0.533,0.103,0.481,0.478,0.727,0.441,0.553,0.863,0.441,committee-regular-order,Committee-first regular order,recusal-and-emergency-reform,Peer recusal + reasoned emergency docket,open-access-lobbying,Open access lobbying,weak subsystem floor
2004,exact,27546,0.533,0.103,0.481,0.480,0.723,0.441,0.557,0.863,0.441,committee-regular-order,Committee-first regular order,legislative-override,Judicial review with legislative supermajority override,open-access-lobbying,Open access lobbying,weak subsystem floor
2005,exact,27557,0.533,0.104,0.481,0.478,0.727,0.441,0.550,0.869,0.441,committee-regular-order,Committee-first regular order,term-limited-balanced,18-year staggered terms + regular appointments,open-access-lobbying,Open access lobbying,weak subsystem floor
2006,exact,27586,0.533,0.106,0.528,0.459,0.721,0.411,0.545,0.851,0.411,anti-capture-majority-bundle,Majority + anti-capture bundle,mandatory-written-emergency-reasoning,Mandatory written emergency reasoning,campaign-finance-dominant,Campaign finance dominant,weak subsystem floor
2007,exact,27597,0.533,0.098,0.412,0.501,0.708,0.536,0.508,0.844,0.536,cloture-conference-review,"Cloture, conference, and judicial review",current-us-like,Stylized current U.S.-like supreme court,democracy-vouchers,Democracy vouchers,weak subsystem floor
2008,exact,27614,0.533,0.106,0.528,0.466,0.718,0.407,0.542,0.856,0.407,anti-capture-majority-bundle,Majority + anti-capture bundle,term-limited-balanced,18-year staggered terms + regular appointments,revolving-door-dominant,Revolving-door dominant,weak subsystem floor
2009,exact,27627,0.533,0.103,0.487,0.477,0.715,0.442,0.555,0.854,0.442,proportional-committee-assignment-majority,Majority + proportional committee assignment,jurisdiction-stripping-constraints,Jurisdiction stripping constrained by rights carveouts,open-access-lobbying,Open access lobbying,weak subsystem floor
2010,exact,27630,0.533,0.103,0.457,0.478,0.744,0.450,0.569,0.846,0.450,committee-discharge-target-majority,Committee discharge-petition target,jurisdiction-stripping-constraints,Jurisdiction stripping constrained by rights carveouts,open-access-lobbying,Open access lobbying,weak subsystem floor
2011,exact,27653,0.533,0.106,0.528,0.460,0.714,0.411,0.550,0.853,0.411,anti-capture-majority-bundle,Majority + anti-capture bundle,legislative-override,Judicial review with legislative supermajority override,campaign-finance-dominant,Campaign finance dominant,weak subsystem floor
2012,exact,27662,0.533,0.106,0.528,0.459,0.718,0.411,0.544,0.859,0.411,anti-capture-majority-bundle,Majority + anti-capture bundle,term-limited-balanced,18-year staggered terms + regular appointments,campaign-finance-dominant,Campaign finance dominant,weak subsystem floor
2013,exact,27669,0.532,0.103,0.487,0.476,0.717,0.442,0.552,0.854,0.442,proportional-committee-assignment-majority,Majority + proportional committee assignment,nonpartisan-commission,Nonpartisan commission appointments,open-access-lobbying,Open access lobbying,weak subsystem floor
2014,exact,27670,0.532,0.103,0.487,0.475,0.720,0.442,0.548,0.851,0.442,proportional-committee-assignment-majority,Majority + proportional committee assignment,mandatory-written-emergency-reasoning,Mandatory written emergency reasoning,open-access-lobbying,Open access lobbying,weak subsystem floor
2015,exact,27675,0.532,0.102,0.457,0.477,0.746,0.450,0.566,0.846,0.450,committee-discharge-target-majority,Committee discharge-petition target,nonpartisan-commission,Nonpartisan commission appointments,open-access-lobbying,Open access lobbying,weak subsystem floor
2016,exact,27677,0.532,0.102,0.457,0.476,0.749,0.450,0.562,0.843,0.450,committee-discharge-target-majority,Committee discharge-petition target,mandatory-written-emergency-reasoning,Mandatory written emergency reasoning,open-access-lobbying,Open access lobbying,weak subsystem floor
2017,exact,27705,0.532,0.104,0.481,0.477,0.729,0.441,0.544,0.869,0.441,committee-regular-order,Committee-first regular order,supermajority-review,60 percent invalidation threshold,open-access-lobbying,Open access lobbying,weak subsystem floor
2018,exact,27708,0.532,0.103,0.487,0.478,0.714,0.442,0.552,0.854,0.442,proportional-committee-assignment-majority,Majority + proportional committee assignment,accountability-retention-court,Retention-election accountability court,open-access-lobbying,Open access lobbying,weak subsystem floor
2019,exact,27712,0.532,0.102,0.457,0.479,0.743,0.450,0.566,0.846,0.450,committee-discharge-target-majority,Committee discharge-petition target,accountability-retention-court,Retention-election accountability court,open-access-lobbying,Open access lobbying,weak subsystem floor
2020,exact,27747,0.532,0.103,0.487,0.477,0.714,0.442,0.553,0.853,0.442,proportional-committee-assignment-majority,Majority + proportional committee assignment,legislative-override-window,Time-limited legislative override window,open-access-lobbying,Open access lobbying,weak subsystem floor
2021,exact,27749,0.532,0.102,0.457,0.478,0.743,0.450,0.566,0.845,0.450,committee-discharge-target-majority,Committee discharge-petition target,legislative-override-window,Time-limited legislative override window,open-access-lobbying,Open access lobbying,weak subsystem floor
2022,exact,27753,0.532,0.103,0.454,0.471,0.730,0.466,0.565,0.866,0.466,leadership-cartel-majority,Leadership agenda cartel + majority,jurisdiction-stripping-constraints,Jurisdiction stripping constrained by rights carveouts,open-access-lobbying,Open access lobbying,weak subsystem floor
2023,exact,27758,0.532,0.103,0.487,0.477,0.714,0.442,0.553,0.853,0.442,proportional-committee-assignment-majority,Majority + proportional committee assignment,legislative-override,Judicial review with legislative supermajority override,open-access-lobbying,Open access lobbying,weak subsystem floor
2024,exact,27766,0.532,0.102,0.457,0.478,0.743,0.450,0.567,0.845,0.450,committee-discharge-target-majority,Committee discharge-petition target,legislative-override,Judicial review with legislative supermajority override,open-access-lobbying,Open access lobbying,weak subsystem floor
2025,exact,27772,0.532,0.106,0.528,0.465,0.720,0.407,0.536,0.857,0.407,anti-capture-majority-bundle,Majority + anti-capture bundle,supermajority-review,60 percent invalidation threshold,revolving-door-dominant,Revolving-door dominant,weak subsystem floor
2026,exact,27775,0.532,0.103,0.487,0.476,0.718,0.442,0.547,0.859,0.442,proportional-committee-assignment-majority,Majority + proportional committee assignment,term-limited-balanced,18-year staggered terms + regular appointments,open-access-lobbying,Open access lobbying,weak subsystem floor
2027,exact,27778,0.532,0.103,0.457,0.477,0.747,0.450,0.560,0.851,0.450,committee-discharge-target-majority,Committee discharge-petition target,term-limited-balanced,18-year staggered terms + regular appointments,open-access-lobbying,Open access lobbying,weak subsystem floor
2028,exact,27818,0.532,0.103,0.454,0.470,0.732,0.466,0.561,0.866,0.466,leadership-cartel-majority,Leadership agenda cartel + majority,nonpartisan-commission,Nonpartisan commission appointments,open-access-lobbying,Open access lobbying,weak subsystem floor
2029,exact,27819,0.532,0.103,0.454,0.470,0.735,0.466,0.557,0.863,0.466,leadership-cartel-majority,Leadership agenda cartel + majority,mandatory-written-emergency-reasoning,Mandatory written emergency reasoning,open-access-lobbying,Open access lobbying,weak subsystem floor
2030,exact,27832,0.532,0.106,0.528,0.457,0.720,0.411,0.537,0.859,0.411,anti-capture-majority-bundle,Majority + anti-capture bundle,supermajority-review,60 percent invalidation threshold,campaign-finance-dominant,Campaign finance dominant,weak subsystem floor
2031,exact,27848,0.532,0.103,0.454,0.472,0.729,0.466,0.562,0.866,0.466,leadership-cartel-majority,Leadership agenda cartel + majority,accountability-retention-court,Retention-election accountability court,open-access-lobbying,Open access lobbying,weak subsystem floor
2032,exact,27887,0.532,0.103,0.454,0.472,0.729,0.466,0.562,0.864,0.466,leadership-cartel-majority,Leadership agenda cartel + majority,legislative-override-window,Time-limited legislative override window,open-access-lobbying,Open access lobbying,weak subsystem floor
2033,exact,27896,0.532,0.103,0.454,0.470,0.732,0.466,0.559,0.865,0.466,leadership-cartel-majority,Leadership agenda cartel + majority,recusal-and-emergency-reform,Peer recusal + reasoned emergency docket,open-access-lobbying,Open access lobbying,weak subsystem floor
2034,exact,27902,0.532,0.102,0.509,0.472,0.676,0.476,0.480,0.864,0.476,anti-capture-access-majority,Anti-capture proposal access + majority,current-us-like,Stylized current U.S.-like supreme court,open-access-lobbying,Open access lobbying,weak subsystem floor
2035,exact,27906,0.532,0.103,0.454,0.471,0.728,0.466,0.562,0.864,0.466,leadership-cartel-majority,Leadership agenda cartel + majority,legislative-override,Judicial review with legislative supermajority override,open-access-lobbying,Open access lobbying,weak subsystem floor
2036,exact,27918,0.532,0.103,0.454,0.470,0.732,0.466,0.556,0.870,0.466,leadership-cartel-majority,Leadership agenda cartel + majority,term-limited-balanced,18-year staggered terms + regular appointments,open-access-lobbying,Open access lobbying,weak subsystem floor
2037,exact,27933,0.532,0.103,0.487,0.474,0.719,0.442,0.540,0.859,0.442,proportional-committee-assignment-majority,Majority + proportional committee assignment,supermajority-review,60 percent invalidation threshold,open-access-lobbying,Open access lobbying,weak subsystem floor
2038,exact,28034,0.531,0.107,0.509,0.468,0.727,0.400,0.578,0.850,0.400,anti-capture-access-majority,Anti-capture proposal access + majority,emergency-restraint-court,No emergency relief without merits review,revolving-door-dominant,Revolving-door dominant,weak subsystem floor
2039,exact,28082,0.531,0.103,0.454,0.468,0.734,0.466,0.550,0.871,0.466,leadership-cartel-majority,Leadership agenda cartel + majority,supermajority-review,60 percent invalidation threshold,open-access-lobbying,Open access lobbying,weak subsystem floor
2040,exact,28103,0.531,0.107,0.509,0.460,0.727,0.404,0.579,0.852,0.404,anti-capture-access-majority,Anti-capture proposal access + majority,emergency-restraint-court,No emergency relief without merits review,campaign-finance-dominant,Campaign finance dominant,weak subsystem floor
2041,exact,28387,0.530,0.106,0.583,0.474,0.650,0.407,0.470,0.862,0.407,citizen-initiative-referendum,Citizen initiative and referendum,current-us-like,Stylized current U.S.-like supreme court,revolving-door-dominant,Revolving-door dominant,weak subsystem floor
2042,exact,28439,0.530,0.107,0.583,0.467,0.650,0.411,0.472,0.864,0.411,citizen-initiative-referendum,Citizen initiative and referendum,current-us-like,Stylized current U.S.-like supreme court,campaign-finance-dominant,Campaign finance dominant,weak subsystem floor
2043,exact,28480,0.530,0.106,0.523,0.465,0.716,0.394,0.564,0.850,0.394,influence-system-majority,Campaign-finance influence system,panel-en-banc,Three-judge panels with en banc correction,revolving-door-dominant,Revolving-door dominant,weak subsystem floor
2044,exact,28512,0.529,0.103,0.478,0.472,0.719,0.442,0.552,0.853,0.442,bicameral-majority,Bicameral simple majority,term-limited-balanced,18-year staggered terms + regular appointments,open-access-lobbying,Open access lobbying,weak subsystem floor
2045,exact,28532,0.529,0.107,0.523,0.457,0.716,0.398,0.565,0.852,0.398,influence-system-majority,Campaign-finance influence system,panel-en-banc,Three-judge panels with en banc correction,campaign-finance-dominant,Campaign finance dominant,weak subsystem floor
2046,exact,28569,0.529,0.104,0.442,0.452,0.744,0.461,0.587,0.866,0.461,parliamentary-coalition-confidence,Parliamentary coalition confidence,emergency-restraint-court,No emergency relief without merits review,open-access-lobbying,Open access lobbying,weak subsystem floor
2047,exact,28641,0.529,0.103,0.478,0.471,0.721,0.442,0.546,0.854,0.442,bicameral-majority,Bicameral simple majority,supermajority-review,60 percent invalidation threshold,open-access-lobbying,Open access lobbying,weak subsystem floor
2048,exact,28772,0.528,0.107,0.523,0.466,0.714,0.394,0.552,0.853,0.394,influence-system-majority,Campaign-finance influence system,jurisdiction-stripping-constraints,Jurisdiction stripping constrained by rights carveouts,revolving-door-dominant,Revolving-door dominant,weak subsystem floor
2049,exact,28824,0.528,0.107,0.523,0.458,0.714,0.398,0.553,0.855,0.398,influence-system-majority,Campaign-finance influence system,jurisdiction-stripping-constraints,Jurisdiction stripping constrained by rights carveouts,campaign-finance-dominant,Campaign finance dominant,weak subsystem floor
2050,exact,28826,0.528,0.106,0.523,0.464,0.719,0.394,0.545,0.850,0.394,influence-system-majority,Campaign-finance influence system,mandatory-written-emergency-reasoning,Mandatory written emergency reasoning,revolving-door-dominant,Revolving-door dominant,weak subsystem floor
2051,exact,28880,0.528,0.107,0.523,0.457,0.719,0.398,0.546,0.852,0.398,influence-system-majority,Campaign-finance influence system,mandatory-written-emergency-reasoning,Mandatory written emergency reasoning,campaign-finance-dominant,Campaign finance dominant,weak subsystem floor
2052,exact,28918,0.528,0.107,0.523,0.464,0.716,0.394,0.544,0.858,0.394,influence-system-majority,Campaign-finance influence system,term-limited-balanced,18-year staggered terms + regular appointments,revolving-door-dominant,Revolving-door dominant,weak subsystem floor
2053,exact,28945,0.528,0.103,0.442,0.453,0.741,0.461,0.577,0.863,0.461,parliamentary-coalition-confidence,Parliamentary coalition confidence,automatic-merits-follow-up,Automatic merits follow-up for emergency relief,open-access-lobbying,Open access lobbying,weak subsystem floor
2054,exact,28969,0.527,0.107,0.523,0.457,0.716,0.398,0.545,0.860,0.398,influence-system-majority,Campaign-finance influence system,term-limited-balanced,18-year staggered terms + regular appointments,campaign-finance-dominant,Campaign finance dominant,weak subsystem floor
2055,exact,29006,0.527,0.106,0.509,0.466,0.717,0.400,0.562,0.850,0.400,anti-capture-access-majority,Anti-capture proposal access + majority,panel-en-banc,Three-judge panels with en banc correction,revolving-door-dominant,Revolving-door dominant,weak subsystem floor
2056,exact,29045,0.527,0.107,0.523,0.463,0.718,0.394,0.537,0.858,0.394,influence-system-majority,Campaign-finance influence system,supermajority-review,60 percent invalidation threshold,revolving-door-dominant,Revolving-door dominant,weak subsystem floor
2057,exact,29073,0.527,0.106,0.509,0.458,0.717,0.404,0.563,0.852,0.404,anti-capture-access-majority,Anti-capture proposal access + majority,panel-en-banc,Three-judge panels with en banc correction,campaign-finance-dominant,Campaign finance dominant,weak subsystem floor
2058,exact,29111,0.527,0.107,0.523,0.455,0.718,0.398,0.538,0.861,0.398,influence-system-majority,Campaign-finance influence system,supermajority-review,60 percent invalidation threshold,campaign-finance-dominant,Campaign finance dominant,weak subsystem floor
2059,exact,29263,0.526,0.105,0.491,0.470,0.745,0.383,0.593,0.799,0.383,random-public-review-panel-majority,Random public review panel + majority,emergency-restraint-court,No emergency relief without merits review,revolving-door-dominant,Revolving-door dominant,weak subsystem floor
2060,exact,29313,0.526,0.105,0.598,0.463,0.657,0.384,0.465,0.823,0.384,risk-routed-majority,Risk-routed majority legislature,current-us-like,Stylized current U.S.-like supreme court,revolving-door-dominant,Revolving-door dominant,weak subsystem floor
2061,exact,29323,0.526,0.105,0.491,0.463,0.745,0.387,0.595,0.801,0.387,random-public-review-panel-majority,Random public review panel + majority,emergency-restraint-court,No emergency relief without merits review,campaign-finance-dominant,Campaign finance dominant,weak subsystem floor
2062,exact,29340,0.526,0.106,0.509,0.459,0.714,0.404,0.551,0.856,0.404,anti-capture-access-majority,Anti-capture proposal access + majority,jurisdiction-stripping-constraints,Jurisdiction stripping constrained by rights carveouts,campaign-finance-dominant,Campaign finance dominant,weak subsystem floor
2063,exact,29356,0.526,0.105,0.598,0.456,0.657,0.388,0.466,0.825,0.388,risk-routed-majority,Risk-routed majority legislature,current-us-like,Stylized current U.S.-like supreme court,campaign-finance-dominant,Campaign finance dominant,weak subsystem floor
2064,exact,29389,0.526,0.106,0.509,0.457,0.719,0.404,0.544,0.852,0.404,anti-capture-access-majority,Anti-capture proposal access + majority,mandatory-written-emergency-reasoning,Mandatory written emergency reasoning,campaign-finance-dominant,Campaign finance dominant,weak subsystem floor
2065,exact,29400,0.525,0.105,0.485,0.471,0.750,0.383,0.594,0.799,0.383,citizen-assembly-threshold,Citizen assembly threshold gate,emergency-restraint-court,No emergency relief without merits review,revolving-door-dominant,Revolving-door dominant,weak subsystem floor
2066,exact,29412,0.525,0.107,0.509,0.465,0.717,0.400,0.542,0.858,0.400,anti-capture-access-majority,Anti-capture proposal access + majority,term-limited-balanced,18-year staggered terms + regular appointments,revolving-door-dominant,Revolving-door dominant,weak subsystem floor
2067,exact,29450,0.525,0.104,0.441,0.477,0.748,0.421,0.600,0.845,0.421,supermajority-60,Unicameral 60 percent passage,emergency-restraint-court,No emergency relief without merits review,open-access-lobbying,Open access lobbying,weak subsystem floor
2068,exact,29459,0.525,0.105,0.485,0.464,0.750,0.387,0.595,0.801,0.387,citizen-assembly-threshold,Citizen assembly threshold gate,emergency-restraint-court,No emergency relief without merits review,campaign-finance-dominant,Campaign finance dominant,weak subsystem floor
2069,exact,29478,0.525,0.107,0.509,0.458,0.717,0.404,0.543,0.860,0.404,anti-capture-access-majority,Anti-capture proposal access + majority,term-limited-balanced,18-year staggered terms + regular appointments,campaign-finance-dominant,Campaign finance dominant,weak subsystem floor
2070,exact,29479,0.525,0.103,0.442,0.450,0.733,0.461,0.570,0.866,0.461,parliamentary-coalition-confidence,Parliamentary coalition confidence,panel-en-banc,Three-judge panels with en banc correction,open-access-lobbying,Open access lobbying,weak subsystem floor
2071,exact,29508,0.525,0.102,0.472,0.471,0.698,0.472,0.486,0.871,0.472,citizens-agenda-petition-majority,Citizen agenda petitions + majority,current-us-like,Stylized current U.S.-like supreme court,open-access-lobbying,Open access lobbying,weak subsystem floor
2072,exact,29523,0.525,0.103,0.441,0.477,0.747,0.421,0.601,0.838,0.421,supermajority-60,Unicameral 60 percent passage,emergency-integrity-package,Emergency integrity package,open-access-lobbying,Open access lobbying,weak subsystem floor
2073,exact,29546,0.525,0.107,0.509,0.464,0.718,0.400,0.535,0.859,0.400,anti-capture-access-majority,Anti-capture proposal access + majority,supermajority-review,60 percent invalidation threshold,revolving-door-dominant,Revolving-door dominant,weak subsystem floor
2074,exact,29597,0.525,0.107,0.509,0.456,0.718,0.404,0.536,0.861,0.404,anti-capture-access-majority,Anti-capture proposal access + majority,supermajority-review,60 percent invalidation threshold,campaign-finance-dominant,Campaign finance dominant,weak subsystem floor
2075,exact,29600,0.525,0.103,0.444,0.474,0.740,0.427,0.593,0.845,0.427,presidential-veto,Bicameral majority + presidential veto,emergency-restraint-court,No emergency relief without merits review,open-access-lobbying,Open access lobbying,weak subsystem floor
2076,exact,29614,0.525,0.107,0.472,0.467,0.749,0.396,0.584,0.857,0.396,citizens-agenda-petition-majority,Citizen agenda petitions + majority,emergency-restraint-court,No emergency relief without merits review,revolving-door-dominant,Revolving-door dominant,weak subsystem floor
2077,exact,29667,0.524,0.107,0.472,0.459,0.749,0.400,0.585,0.859,0.400,citizens-agenda-petition-majority,Citizen agenda petitions + majority,emergency-restraint-court,No emergency relief without merits review,campaign-finance-dominant,Campaign finance dominant,weak subsystem floor
2078,exact,29671,0.524,0.105,0.491,0.463,0.742,0.387,0.585,0.798,0.387,random-public-review-panel-majority,Random public review panel + majority,automatic-merits-follow-up,Automatic merits follow-up for emergency relief,campaign-finance-dominant,Campaign finance dominant,weak subsystem floor
2079,exact,29695,0.524,0.102,0.500,0.469,0.680,0.456,0.478,0.861,0.456,harm-weighted-majority,Harm-weighted double majority,current-us-like,Stylized current U.S.-like supreme court,open-access-lobbying,Open access lobbying,weak subsystem floor
2080,exact,29763,0.524,0.103,0.442,0.451,0.730,0.461,0.559,0.869,0.461,parliamentary-coalition-confidence,Parliamentary coalition confidence,jurisdiction-stripping-constraints,Jurisdiction stripping constrained by rights carveouts,open-access-lobbying,Open access lobbying,weak subsystem floor
2081,exact,29803,0.524,0.107,0.500,0.464,0.732,0.380,0.577,0.847,0.380,harm-weighted-majority,Harm-weighted double majority,emergency-restraint-court,No emergency relief without merits review,revolving-door-dominant,Revolving-door dominant,weak subsystem floor
2082,exact,29832,0.524,0.105,0.485,0.464,0.747,0.387,0.585,0.798,0.387,citizen-assembly-threshold,Citizen assembly threshold gate,automatic-merits-follow-up,Automatic merits follow-up for emergency relief,campaign-finance-dominant,Campaign finance dominant,weak subsystem floor
2083,exact,29833,0.524,0.103,0.442,0.450,0.735,0.461,0.551,0.866,0.461,parliamentary-coalition-confidence,Parliamentary coalition confidence,mandatory-written-emergency-reasoning,Mandatory written emergency reasoning,open-access-lobbying,Open access lobbying,weak subsystem floor
2084,exact,29872,0.524,0.107,0.500,0.457,0.732,0.384,0.578,0.849,0.384,harm-weighted-majority,Harm-weighted double majority,emergency-restraint-court,No emergency relief without merits review,campaign-finance-dominant,Campaign finance dominant,weak subsystem floor
2085,exact,29907,0.523,0.103,0.442,0.452,0.729,0.461,0.556,0.867,0.461,parliamentary-coalition-confidence,Parliamentary coalition confidence,legislative-override-window,Time-limited legislative override window,open-access-lobbying,Open access lobbying,weak subsystem floor
2086,exact,29914,0.523,0.103,0.442,0.450,0.732,0.461,0.553,0.868,0.461,parliamentary-coalition-confidence,Parliamentary coalition confidence,recusal-and-emergency-reform,Peer recusal + reasoned emergency docket,open-access-lobbying,Open access lobbying,weak subsystem floor
2087,exact,29921,0.523,0.103,0.442,0.452,0.729,0.461,0.557,0.867,0.461,parliamentary-coalition-confidence,Parliamentary coalition confidence,legislative-override,Judicial review with legislative supermajority override,open-access-lobbying,Open access lobbying,weak subsystem floor
2088,exact,29929,0.523,0.104,0.442,0.450,0.733,0.461,0.550,0.873,0.461,parliamentary-coalition-confidence,Parliamentary coalition confidence,term-limited-balanced,18-year staggered terms + regular appointments,open-access-lobbying,Open access lobbying,weak subsystem floor
2089,exact,30053,0.523,0.102,0.515,0.478,0.655,0.452,0.461,0.861,0.452,district-population-majority,District-population public-will model,current-us-like,Stylized current U.S.-like supreme court,open-access-lobbying,Open access lobbying,weak subsystem floor
2090,exact,30064,0.523,0.104,0.442,0.448,0.734,0.461,0.544,0.874,0.461,parliamentary-coalition-confidence,Parliamentary coalition confidence,supermajority-review,60 percent invalidation threshold,open-access-lobbying,Open access lobbying,weak subsystem floor
2091,exact,30071,0.523,0.106,0.472,0.459,0.746,0.400,0.575,0.856,0.400,citizens-agenda-petition-majority,Citizen agenda petitions + majority,automatic-merits-follow-up,Automatic merits follow-up for emergency relief,campaign-finance-dominant,Campaign finance dominant,weak subsystem floor
2092,exact,30216,0.522,0.105,0.491,0.468,0.734,0.383,0.577,0.799,0.383,random-public-review-panel-majority,Random public review panel + majority,panel-en-banc,Three-judge panels with en banc correction,revolving-door-dominant,Revolving-door dominant,weak subsystem floor
2093,exact,30298,0.522,0.105,0.491,0.461,0.734,0.387,0.578,0.801,0.387,random-public-review-panel-majority,Random public review panel + majority,panel-en-banc,Three-judge panels with en banc correction,campaign-finance-dominant,Campaign finance dominant,weak subsystem floor
2094,exact,30411,0.521,0.105,0.485,0.469,0.739,0.383,0.578,0.799,0.383,citizen-assembly-threshold,Citizen assembly threshold gate,panel-en-banc,Three-judge panels with en banc correction,revolving-door-dominant,Revolving-door dominant,weak subsystem floor
2095,exact,30473,0.521,0.105,0.485,0.462,0.739,0.387,0.579,0.801,0.387,citizen-assembly-threshold,Citizen assembly threshold gate,panel-en-banc,Three-judge panels with en banc correction,campaign-finance-dominant,Campaign finance dominant,weak subsystem floor
2096,exact,30607,0.521,0.105,0.491,0.469,0.732,0.383,0.566,0.802,0.383,random-public-review-panel-majority,Random public review panel + majority,jurisdiction-stripping-constraints,Jurisdiction stripping constrained by rights carveouts,revolving-door-dominant,Revolving-door dominant,weak subsystem floor
2097,exact,30641,0.521,0.102,0.492,0.468,0.675,0.454,0.479,0.865,0.454,public-interest-majority,Majority + public-interest screen,current-us-like,Stylized current U.S.-like supreme court,open-access-lobbying,Open access lobbying,weak subsystem floor
2098,exact,30647,0.521,0.106,0.483,0.465,0.738,0.381,0.584,0.821,0.381,public-objection-majority,Public objection window + majority,emergency-restraint-court,No emergency relief without merits review,revolving-door-dominant,Revolving-door dominant,weak subsystem floor
2099,exact,30687,0.521,0.105,0.491,0.462,0.732,0.387,0.567,0.804,0.387,random-public-review-panel-majority,Random public review panel + majority,jurisdiction-stripping-constraints,Jurisdiction stripping constrained by rights carveouts,campaign-finance-dominant,Campaign finance dominant,weak subsystem floor
2100,exact,30688,0.521,0.105,0.491,0.468,0.737,0.383,0.558,0.799,0.383,random-public-review-panel-majority,Random public review panel + majority,mandatory-written-emergency-reasoning,Mandatory written emergency reasoning,revolving-door-dominant,Revolving-door dominant,weak subsystem floor
2101,exact,30715,0.520,0.106,0.483,0.457,0.738,0.385,0.585,0.823,0.385,public-objection-majority,Public objection window + majority,emergency-restraint-court,No emergency relief without merits review,campaign-finance-dominant,Campaign finance dominant,weak subsystem floor
2102,exact,30749,0.520,0.105,0.491,0.460,0.737,0.387,0.559,0.801,0.387,random-public-review-panel-majority,Random public review panel + majority,mandatory-written-emergency-reasoning,Mandatory written emergency reasoning,campaign-finance-dominant,Campaign finance dominant,weak subsystem floor
2103,exact,30780,0.520,0.107,0.492,0.463,0.726,0.378,0.577,0.851,0.378,public-interest-majority,Majority + public-interest screen,emergency-restraint-court,No emergency relief without merits review,revolving-door-dominant,Revolving-door dominant,weak subsystem floor
2104,exact,30785,0.520,0.105,0.491,0.468,0.734,0.383,0.557,0.807,0.383,random-public-review-panel-majority,Random public review panel + majority,term-limited-balanced,18-year staggered terms + regular appointments,revolving-door-dominant,Revolving-door dominant,weak subsystem floor
2105,exact,30820,0.520,0.105,0.485,0.470,0.736,0.383,0.567,0.802,0.383,citizen-assembly-threshold,Citizen assembly threshold gate,jurisdiction-stripping-constraints,Jurisdiction stripping constrained by rights carveouts,revolving-door-dominant,Revolving-door dominant,weak subsystem floor
2106,exact,30873,0.520,0.107,0.492,0.456,0.726,0.382,0.578,0.853,0.382,public-interest-majority,Majority + public-interest screen,emergency-restraint-court,No emergency relief without merits review,campaign-finance-dominant,Campaign finance dominant,weak subsystem floor
2107,exact,30881,0.520,0.105,0.491,0.460,0.734,0.387,0.558,0.809,0.387,random-public-review-panel-majority,Random public review panel + majority,term-limited-balanced,18-year staggered terms + regular appointments,campaign-finance-dominant,Campaign finance dominant,weak subsystem floor
2108,exact,30897,0.520,0.104,0.409,0.474,0.762,0.419,0.612,0.867,0.419,current-system,Stylized U.S.-like conventional benchmark,emergency-restraint-court,No emergency relief without merits review,open-access-lobbying,Open access lobbying,strong rights screen; weak subsystem floor
2109,exact,30901,0.520,0.105,0.485,0.462,0.736,0.387,0.568,0.804,0.387,citizen-assembly-threshold,Citizen assembly threshold gate,jurisdiction-stripping-constraints,Jurisdiction stripping constrained by rights carveouts,campaign-finance-dominant,Campaign finance dominant,weak subsystem floor
2110,exact,30902,0.520,0.105,0.485,0.469,0.741,0.383,0.559,0.799,0.383,citizen-assembly-threshold,Citizen assembly threshold gate,mandatory-written-emergency-reasoning,Mandatory written emergency reasoning,revolving-door-dominant,Revolving-door dominant,weak subsystem floor
2111,exact,30976,0.520,0.105,0.485,0.461,0.741,0.387,0.560,0.801,0.387,citizen-assembly-threshold,Citizen assembly threshold gate,mandatory-written-emergency-reasoning,Mandatory written emergency reasoning,campaign-finance-dominant,Campaign finance dominant,weak subsystem floor
2112,exact,30996,0.520,0.105,0.491,0.466,0.736,0.383,0.551,0.807,0.383,random-public-review-panel-majority,Random public review panel + majority,supermajority-review,60 percent invalidation threshold,revolving-door-dominant,Revolving-door dominant,weak subsystem floor
2113,exact,31007,0.520,0.105,0.485,0.469,0.739,0.383,0.558,0.807,0.383,citizen-assembly-threshold,Citizen assembly threshold gate,term-limited-balanced,18-year staggered terms + regular appointments,revolving-door-dominant,Revolving-door dominant,weak subsystem floor
2114,exact,31019,0.520,0.104,0.409,0.475,0.760,0.419,0.614,0.859,0.419,current-system,Stylized U.S.-like conventional benchmark,emergency-integrity-package,Emergency integrity package,open-access-lobbying,Open access lobbying,strong rights screen; weak subsystem floor
2115,exact,31078,0.519,0.105,0.491,0.459,0.736,0.387,0.552,0.809,0.387,random-public-review-panel-majority,Random public review panel + majority,supermajority-review,60 percent invalidation threshold,campaign-finance-dominant,Campaign finance dominant,weak subsystem floor
2116,exact,31079,0.519,0.105,0.485,0.463,0.735,0.387,0.565,0.803,0.387,citizen-assembly-threshold,Citizen assembly threshold gate,legislative-override,Judicial review with legislative supermajority override,campaign-finance-dominant,Campaign finance dominant,weak subsystem floor
2117,exact,31096,0.519,0.105,0.485,0.461,0.739,0.387,0.559,0.809,0.387,citizen-assembly-threshold,Citizen assembly threshold gate,term-limited-balanced,18-year staggered terms + regular appointments,campaign-finance-dominant,Campaign finance dominant,weak subsystem floor
2118,exact,31172,0.519,0.104,0.412,0.478,0.759,0.418,0.600,0.860,0.418,cloture-conference-review,"Cloture, conference, and judicial review",emergency-restraint-court,No emergency relief without merits review,open-access-lobbying,Open access lobbying,strong rights screen; weak subsystem floor
2119,exact,31207,0.519,0.105,0.485,0.467,0.740,0.383,0.551,0.807,0.383,citizen-assembly-threshold,Citizen assembly threshold gate,supermajority-review,60 percent invalidation threshold,revolving-door-dominant,Revolving-door dominant,weak subsystem floor
2120,exact,31221,0.519,0.107,0.472,0.458,0.736,0.400,0.558,0.862,0.400,citizens-agenda-petition-majority,Citizen agenda petitions + majority,jurisdiction-stripping-constraints,Jurisdiction stripping constrained by rights carveouts,campaign-finance-dominant,Campaign finance dominant,weak subsystem floor
2121,exact,31222,0.519,0.106,0.472,0.464,0.740,0.396,0.549,0.857,0.396,citizens-agenda-petition-majority,Citizen agenda petitions + majority,mandatory-written-emergency-reasoning,Mandatory written emergency reasoning,revolving-door-dominant,Revolving-door dominant,weak subsystem floor
2122,exact,31257,0.519,0.106,0.483,0.457,0.735,0.385,0.575,0.820,0.385,public-objection-majority,Public objection window + majority,automatic-merits-follow-up,Automatic merits follow-up for emergency relief,campaign-finance-dominant,Campaign finance dominant,weak subsystem floor
2123,exact,31280,0.519,0.105,0.485,0.460,0.740,0.387,0.553,0.809,0.387,citizen-assembly-threshold,Citizen assembly threshold gate,supermajority-review,60 percent invalidation threshold,campaign-finance-dominant,Campaign finance dominant,weak subsystem floor
2124,exact,31288,0.519,0.104,0.412,0.478,0.757,0.418,0.602,0.853,0.418,cloture-conference-review,"Cloture, conference, and judicial review",emergency-integrity-package,Emergency integrity package,open-access-lobbying,Open access lobbying,strong rights screen; weak subsystem floor
2125,exact,31292,0.519,0.106,0.472,0.456,0.740,0.400,0.550,0.859,0.400,citizens-agenda-petition-majority,Citizen agenda petitions + majority,mandatory-written-emergency-reasoning,Mandatory written emergency reasoning,campaign-finance-dominant,Campaign finance dominant,weak subsystem floor
2126,exact,31324,0.519,0.107,0.472,0.464,0.738,0.396,0.548,0.865,0.396,citizens-agenda-petition-majority,Citizen agenda petitions + majority,term-limited-balanced,18-year staggered terms + regular appointments,revolving-door-dominant,Revolving-door dominant,weak subsystem floor
2127,exact,31370,0.519,0.103,0.481,0.475,0.687,0.441,0.481,0.876,0.441,committee-regular-order,Committee-first regular order,current-us-like,Stylized current U.S.-like supreme court,open-access-lobbying,Open access lobbying,weak subsystem floor
2128,exact,31381,0.518,0.107,0.500,0.463,0.718,0.380,0.549,0.850,0.380,harm-weighted-majority,Harm-weighted double majority,jurisdiction-stripping-constraints,Jurisdiction stripping constrained by rights carveouts,revolving-door-dominant,Revolving-door dominant,weak subsystem floor
2129,exact,31392,0.518,0.107,0.472,0.456,0.738,0.400,0.549,0.867,0.400,citizens-agenda-petition-majority,Citizen agenda petitions + majority,term-limited-balanced,18-year staggered terms + regular appointments,campaign-finance-dominant,Campaign finance dominant,weak subsystem floor
2130,exact,31415,0.518,0.104,0.409,0.475,0.759,0.419,0.602,0.864,0.419,current-system,Stylized U.S.-like conventional benchmark,automatic-merits-follow-up,Automatic merits follow-up for emergency relief,open-access-lobbying,Open access lobbying,strong rights screen; weak subsystem floor
2131,exact,31438,0.518,0.106,0.528,0.463,0.678,0.407,0.473,0.864,0.407,anti-capture-majority-bundle,Majority + anti-capture bundle,current-us-like,Stylized current U.S.-like supreme court,revolving-door-dominant,Revolving-door dominant,weak subsystem floor
2132,exact,31452,0.518,0.107,0.500,0.455,0.718,0.384,0.550,0.852,0.384,harm-weighted-majority,Harm-weighted double majority,jurisdiction-stripping-constraints,Jurisdiction stripping constrained by rights carveouts,campaign-finance-dominant,Campaign finance dominant,weak subsystem floor
2133,exact,31483,0.518,0.107,0.472,0.463,0.740,0.396,0.541,0.865,0.396,citizens-agenda-petition-majority,Citizen agenda petitions + majority,supermajority-review,60 percent invalidation threshold,revolving-door-dominant,Revolving-door dominant,weak subsystem floor
2134,exact,31496,0.518,0.106,0.528,0.456,0.678,0.411,0.474,0.866,0.411,anti-capture-majority-bundle,Majority + anti-capture bundle,current-us-like,Stylized current U.S.-like supreme court,campaign-finance-dominant,Campaign finance dominant,weak subsystem floor
2135,exact,31498,0.518,0.108,0.481,0.471,0.738,0.365,0.579,0.862,0.365,committee-regular-order,Committee-first regular order,emergency-restraint-court,No emergency relief without merits review,revolving-door-dominant,Revolving-door dominant,weak subsystem floor
2136,exact,31546,0.518,0.107,0.500,0.462,0.721,0.380,0.540,0.855,0.380,harm-weighted-majority,Harm-weighted double majority,term-limited-balanced,18-year staggered terms + regular appointments,revolving-door-dominant,Revolving-door dominant,weak subsystem floor
2137,exact,31556,0.518,0.107,0.472,0.455,0.740,0.400,0.542,0.867,0.400,citizens-agenda-petition-majority,Citizen agenda petitions + majority,supermajority-review,60 percent invalidation threshold,campaign-finance-dominant,Campaign finance dominant,weak subsystem floor
2138,exact,31569,0.518,0.108,0.481,0.463,0.738,0.369,0.581,0.865,0.369,committee-regular-order,Committee-first regular order,emergency-restraint-court,No emergency relief without merits review,campaign-finance-dominant,Campaign finance dominant,weak subsystem floor
2139,exact,31605,0.518,0.104,0.409,0.476,0.753,0.419,0.609,0.851,0.419,current-system,Stylized U.S.-like conventional benchmark,council-concrete-hybrid,Constitutional council with concrete-review backstop,open-access-lobbying,Open access lobbying,strong rights screen; weak subsystem floor
2140,exact,31612,0.518,0.103,0.487,0.473,0.678,0.442,0.477,0.866,0.442,proportional-committee-assignment-majority,Majority + proportional committee assignment,current-us-like,Stylized current U.S.-like supreme court,open-access-lobbying,Open access lobbying,weak subsystem floor
2141,exact,31616,0.518,0.103,0.409,0.475,0.761,0.419,0.598,0.846,0.419,current-system,Stylized U.S.-like conventional benchmark,remand-override-window-package,Constitutional remand with override window,open-access-lobbying,Open access lobbying,strong rights screen; weak subsystem floor
2142,exact,31620,0.518,0.107,0.500,0.454,0.721,0.384,0.541,0.857,0.384,harm-weighted-majority,Harm-weighted double majority,term-limited-balanced,18-year staggered terms + regular appointments,campaign-finance-dominant,Campaign finance dominant,weak subsystem floor
2143,exact,31640,0.518,0.104,0.412,0.478,0.756,0.418,0.590,0.857,0.418,cloture-conference-review,"Cloture, conference, and judicial review",automatic-merits-follow-up,Automatic merits follow-up for emergency relief,open-access-lobbying,Open access lobbying,strong rights screen; weak subsystem floor
2144,exact,31675,0.517,0.104,0.409,0.475,0.758,0.419,0.597,0.852,0.419,current-system,Stylized U.S.-like conventional benchmark,constitutional-remand,Constitutional remand before invalidation,open-access-lobbying,Open access lobbying,strong rights screen; weak subsystem floor
2145,exact,31691,0.517,0.107,0.500,0.460,0.722,0.380,0.534,0.855,0.380,harm-weighted-majority,Harm-weighted double majority,supermajority-review,60 percent invalidation threshold,revolving-door-dominant,Revolving-door dominant,weak subsystem floor
2146,exact,31700,0.517,0.104,0.409,0.476,0.751,0.419,0.607,0.854,0.419,current-system,Stylized U.S.-like conventional benchmark,constitutional-council,Pre-enactment constitutional council,open-access-lobbying,Open access lobbying,strong rights screen; weak subsystem floor
2147,exact,31713,0.517,0.108,0.487,0.468,0.729,0.366,0.576,0.852,0.366,proportional-committee-assignment-majority,Majority + proportional committee assignment,emergency-restraint-court,No emergency relief without merits review,revolving-door-dominant,Revolving-door dominant,weak subsystem floor
2148,exact,31717,0.517,0.107,0.457,0.469,0.758,0.373,0.589,0.844,0.373,committee-discharge-target-majority,Committee discharge-petition target,emergency-restraint-court,No emergency relief without merits review,revolving-door-dominant,Revolving-door dominant,strong rights screen; weak subsystem floor
2149,exact,31728,0.517,0.103,0.454,0.467,0.692,0.466,0.487,0.878,0.466,leadership-cartel-majority,Leadership agenda cartel + majority,current-us-like,Stylized current U.S.-like supreme court,open-access-lobbying,Open access lobbying,weak subsystem floor
2150,exact,31752,0.517,0.107,0.500,0.453,0.722,0.384,0.535,0.857,0.384,harm-weighted-majority,Harm-weighted double majority,supermajority-review,60 percent invalidation threshold,campaign-finance-dominant,Campaign finance dominant,weak subsystem floor
2151,exact,31768,0.517,0.108,0.487,0.460,0.729,0.370,0.577,0.854,0.370,proportional-committee-assignment-majority,Majority + proportional committee assignment,emergency-restraint-court,No emergency relief without merits review,campaign-finance-dominant,Campaign finance dominant,weak subsystem floor
2152,exact,31772,0.517,0.107,0.457,0.461,0.758,0.377,0.591,0.847,0.377,committee-discharge-target-majority,Committee discharge-petition target,emergency-restraint-court,No emergency relief without merits review,campaign-finance-dominant,Campaign finance dominant,strong rights screen; weak subsystem floor
2153,exact,31787,0.517,0.103,0.412,0.479,0.749,0.418,0.597,0.845,0.418,cloture-conference-review,"Cloture, conference, and judicial review",council-concrete-hybrid,Constitutional council with concrete-review backstop,open-access-lobbying,Open access lobbying,weak subsystem floor
2154,exact,31822,0.517,0.107,0.454,0.462,0.743,0.389,0.585,0.864,0.389,leadership-cartel-majority,Leadership agenda cartel + majority,emergency-restraint-court,No emergency relief without merits review,revolving-door-dominant,Revolving-door dominant,weak subsystem floor
2155,exact,31852,0.517,0.103,0.412,0.479,0.754,0.418,0.585,0.845,0.418,cloture-conference-review,"Cloture, conference, and judicial review",constitutional-remand,Constitutional remand before invalidation,open-access-lobbying,Open access lobbying,strong rights screen; weak subsystem floor
2156,exact,31867,0.517,0.107,0.454,0.455,0.743,0.393,0.586,0.866,0.393,leadership-cartel-majority,Leadership agenda cartel + majority,emergency-restraint-court,No emergency relief without merits review,campaign-finance-dominant,Campaign finance dominant,weak subsystem floor
2157,exact,31875,0.516,0.103,0.412,0.480,0.747,0.418,0.595,0.847,0.418,cloture-conference-review,"Cloture, conference, and judicial review",constitutional-council,Pre-enactment constitutional council,open-access-lobbying,Open access lobbying,weak subsystem floor
2158,exact,31918,0.516,0.107,0.492,0.461,0.715,0.378,0.561,0.851,0.378,public-interest-majority,Majority + public-interest screen,panel-en-banc,Three-judge panels with en banc correction,revolving-door-dominant,Revolving-door dominant,weak subsystem floor
2159,exact,31931,0.516,0.108,0.481,0.463,0.735,0.369,0.571,0.861,0.369,committee-regular-order,Committee-first regular order,automatic-merits-follow-up,Automatic merits follow-up for emergency relief,campaign-finance-dominant,Campaign finance dominant,weak subsystem floor
2160,exact,31974,0.516,0.107,0.492,0.454,0.715,0.382,0.562,0.853,0.382,public-interest-majority,Majority + public-interest screen,panel-en-banc,Three-judge panels with en banc correction,campaign-finance-dominant,Campaign finance dominant,weak subsystem floor
2161,exact,31997,0.516,0.104,0.409,0.472,0.751,0.419,0.596,0.867,0.419,current-system,Stylized U.S.-like conventional benchmark,panel-en-banc,Three-judge panels with en banc correction,open-access-lobbying,Open access lobbying,strong rights screen; weak subsystem floor
2162,exact,32095,0.515,0.107,0.487,0.461,0.726,0.370,0.567,0.851,0.370,proportional-committee-assignment-majority,Majority + proportional committee assignment,automatic-merits-follow-up,Automatic merits follow-up for emergency relief,campaign-finance-dominant,Campaign finance dominant,weak subsystem floor
2163,exact,32098,0.515,0.107,0.457,0.462,0.755,0.377,0.581,0.844,0.377,committee-discharge-target-majority,Committee discharge-petition target,automatic-merits-follow-up,Automatic merits follow-up for emergency relief,campaign-finance-dominant,Campaign finance dominant,strong rights screen; weak subsystem floor
2164,exact,32142,0.515,0.104,0.412,0.476,0.748,0.418,0.584,0.860,0.418,cloture-conference-review,"Cloture, conference, and judicial review",panel-en-banc,Three-judge panels with en banc correction,open-access-lobbying,Open access lobbying,weak subsystem floor
2165,exact,32174,0.515,0.102,0.478,0.469,0.679,0.442,0.483,0.861,0.442,bicameral-majority,Bicameral simple majority,current-us-like,Stylized current U.S.-like supreme court,open-access-lobbying,Open access lobbying,weak subsystem floor
2166,exact,32187,0.515,0.107,0.454,0.455,0.740,0.393,0.576,0.863,0.393,leadership-cartel-majority,Leadership agenda cartel + majority,automatic-merits-follow-up,Automatic merits follow-up for emergency relief,campaign-finance-dominant,Campaign finance dominant,weak subsystem floor
2167,exact,32209,0.515,0.107,0.492,0.455,0.713,0.382,0.550,0.856,0.382,public-interest-majority,Majority + public-interest screen,jurisdiction-stripping-constraints,Jurisdiction stripping constrained by rights carveouts,campaign-finance-dominant,Campaign finance dominant,weak subsystem floor
2168,exact,32225,0.515,0.104,0.409,0.473,0.749,0.419,0.585,0.870,0.419,current-system,Stylized U.S.-like conventional benchmark,jurisdiction-stripping-constraints,Jurisdiction stripping constrained by rights carveouts,open-access-lobbying,Open access lobbying,weak subsystem floor
2169,exact,32270,0.514,0.104,0.409,0.472,0.750,0.419,0.581,0.870,0.419,current-system,Stylized U.S.-like conventional benchmark,nonpartisan-commission,Nonpartisan commission appointments,open-access-lobbying,Open access lobbying,strong rights screen; weak subsystem floor
2170,exact,32271,0.514,0.104,0.409,0.472,0.754,0.419,0.577,0.867,0.419,current-system,Stylized U.S.-like conventional benchmark,mandatory-written-emergency-reasoning,Mandatory written emergency reasoning,open-access-lobbying,Open access lobbying,strong rights screen; weak subsystem floor
2171,exact,32274,0.514,0.107,0.492,0.461,0.715,0.378,0.541,0.859,0.378,public-interest-majority,Majority + public-interest screen,term-limited-balanced,18-year staggered terms + regular appointments,revolving-door-dominant,Revolving-door dominant,weak subsystem floor
2172,exact,32289,0.514,0.104,0.409,0.474,0.747,0.419,0.582,0.870,0.419,current-system,Stylized U.S.-like conventional benchmark,accountability-retention-court,Retention-election accountability court,open-access-lobbying,Open access lobbying,weak subsystem floor
2173,exact,32317,0.514,0.104,0.409,0.474,0.747,0.419,0.582,0.869,0.419,current-system,Stylized U.S.-like conventional benchmark,legislative-override-window,Time-limited legislative override window,open-access-lobbying,Open access lobbying,weak subsystem floor
2174,exact,32318,0.514,0.107,0.492,0.453,0.715,0.382,0.542,0.861,0.382,public-interest-majority,Majority + public-interest screen,term-limited-balanced,18-year staggered terms + regular appointments,campaign-finance-dominant,Campaign finance dominant,weak subsystem floor
2175,exact,32320,0.514,0.104,0.409,0.472,0.751,0.419,0.579,0.869,0.419,current-system,Stylized U.S.-like conventional benchmark,recusal-and-emergency-reform,Peer recusal + reasoned emergency docket,open-access-lobbying,Open access lobbying,strong rights screen; weak subsystem floor
2176,exact,32322,0.514,0.104,0.409,0.474,0.747,0.419,0.582,0.869,0.419,current-system,Stylized U.S.-like conventional benchmark,legislative-override,Judicial review with legislative supermajority override,open-access-lobbying,Open access lobbying,weak subsystem floor
2177,exact,32329,0.514,0.104,0.409,0.472,0.751,0.419,0.576,0.875,0.419,current-system,Stylized U.S.-like conventional benchmark,term-limited-balanced,18-year staggered terms + regular appointments,open-access-lobbying,Open access lobbying,strong rights screen; weak subsystem floor
2178,exact,32334,0.514,0.108,0.481,0.468,0.727,0.365,0.563,0.862,0.365,committee-regular-order,Committee-first regular order,panel-en-banc,Three-judge panels with en banc correction,revolving-door-dominant,Revolving-door dominant,weak subsystem floor
2179,exact,32358,0.514,0.104,0.412,0.477,0.745,0.418,0.573,0.863,0.418,cloture-conference-review,"Cloture, conference, and judicial review",jurisdiction-stripping-constraints,Jurisdiction stripping constrained by rights carveouts,open-access-lobbying,Open access lobbying,weak subsystem floor
2180,exact,32361,0.514,0.107,0.492,0.460,0.717,0.378,0.534,0.859,0.378,public-interest-majority,Majority + public-interest screen,supermajority-review,60 percent invalidation threshold,revolving-door-dominant,Revolving-door dominant,weak subsystem floor
2181,exact,32363,0.514,0.108,0.481,0.461,0.727,0.369,0.564,0.865,0.369,committee-regular-order,Committee-first regular order,panel-en-banc,Three-judge panels with en banc correction,campaign-finance-dominant,Campaign finance dominant,weak subsystem floor
2182,exact,32395,0.514,0.104,0.412,0.476,0.747,0.418,0.569,0.863,0.418,cloture-conference-review,"Cloture, conference, and judicial review",nonpartisan-commission,Nonpartisan commission appointments,open-access-lobbying,Open access lobbying,weak subsystem floor
2183,exact,32396,0.514,0.104,0.412,0.475,0.750,0.418,0.565,0.860,0.418,cloture-conference-review,"Cloture, conference, and judicial review",mandatory-written-emergency-reasoning,Mandatory written emergency reasoning,open-access-lobbying,Open access lobbying,strong rights screen; weak subsystem floor
2184,exact,32398,0.514,0.107,0.492,0.452,0.717,0.382,0.535,0.861,0.382,public-interest-majority,Majority + public-interest screen,supermajority-review,60 percent invalidation threshold,campaign-finance-dominant,Campaign finance dominant,weak subsystem floor
2185,exact,32408,0.514,0.104,0.412,0.478,0.744,0.418,0.570,0.863,0.418,cloture-conference-review,"Cloture, conference, and judicial review",accountability-retention-court,Retention-election accountability court,open-access-lobbying,Open access lobbying,weak subsystem floor
2186,exact,32409,0.514,0.104,0.409,0.470,0.753,0.419,0.570,0.875,0.419,current-system,Stylized U.S.-like conventional benchmark,supermajority-review,60 percent invalidation threshold,open-access-lobbying,Open access lobbying,strong rights screen; weak subsystem floor
2187,exact,32428,0.513,0.104,0.412,0.477,0.744,0.418,0.570,0.862,0.418,cloture-conference-review,"Cloture, conference, and judicial review",legislative-override-window,Time-limited legislative override window,open-access-lobbying,Open access lobbying,weak subsystem floor
2188,exact,32430,0.513,0.104,0.412,0.476,0.747,0.418,0.567,0.862,0.418,cloture-conference-review,"Cloture, conference, and judicial review",recusal-and-emergency-reform,Peer recusal + reasoned emergency docket,open-access-lobbying,Open access lobbying,weak subsystem floor
2189,exact,32434,0.513,0.104,0.412,0.477,0.744,0.418,0.570,0.862,0.418,cloture-conference-review,"Cloture, conference, and judicial review",legislative-override,Judicial review with legislative supermajority override,open-access-lobbying,Open access lobbying,weak subsystem floor
2190,exact,32444,0.513,0.104,0.412,0.476,0.748,0.418,0.564,0.868,0.418,cloture-conference-review,"Cloture, conference, and judicial review",term-limited-balanced,18-year staggered terms + regular appointments,open-access-lobbying,Open access lobbying,weak subsystem floor
2191,exact,32453,0.513,0.107,0.487,0.466,0.718,0.366,0.560,0.852,0.366,proportional-committee-assignment-majority,Majority + proportional committee assignment,panel-en-banc,Three-judge panels with en banc correction,revolving-door-dominant,Revolving-door dominant,weak subsystem floor
2192,exact,32458,0.513,0.106,0.523,0.461,0.676,0.394,0.474,0.865,0.394,influence-system-majority,Campaign-finance influence system,current-us-like,Stylized current U.S.-like supreme court,revolving-door-dominant,Revolving-door dominant,weak subsystem floor
2193,exact,32490,0.513,0.107,0.487,0.458,0.718,0.370,0.561,0.855,0.370,proportional-committee-assignment-majority,Majority + proportional committee assignment,panel-en-banc,Three-judge panels with en banc correction,campaign-finance-dominant,Campaign finance dominant,weak subsystem floor
2194,exact,32495,0.513,0.106,0.523,0.454,0.676,0.398,0.475,0.868,0.398,influence-system-majority,Campaign-finance influence system,current-us-like,Stylized current U.S.-like supreme court,campaign-finance-dominant,Campaign finance dominant,weak subsystem floor
2195,exact,32534,0.513,0.108,0.481,0.469,0.725,0.365,0.552,0.866,0.365,committee-regular-order,Committee-first regular order,jurisdiction-stripping-constraints,Jurisdiction stripping constrained by rights carveouts,revolving-door-dominant,Revolving-door dominant,weak subsystem floor
2196,exact,32538,0.513,0.107,0.454,0.460,0.732,0.389,0.569,0.864,0.389,leadership-cartel-majority,Leadership agenda cartel + majority,panel-en-banc,Three-judge panels with en banc correction,revolving-door-dominant,Revolving-door dominant,weak subsystem floor
2197,exact,32547,0.513,0.104,0.412,0.474,0.749,0.418,0.558,0.869,0.418,cloture-conference-review,"Cloture, conference, and judicial review",supermajority-review,60 percent invalidation threshold,open-access-lobbying,Open access lobbying,weak subsystem floor
2198,exact,32583,0.513,0.108,0.481,0.462,0.725,0.369,0.553,0.868,0.369,committee-regular-order,Committee-first regular order,jurisdiction-stripping-constraints,Jurisdiction stripping constrained by rights carveouts,campaign-finance-dominant,Campaign finance dominant,weak subsystem floor
2199,exact,32584,0.513,0.108,0.481,0.468,0.730,0.365,0.544,0.863,0.365,committee-regular-order,Committee-first regular order,mandatory-written-emergency-reasoning,Mandatory written emergency reasoning,revolving-door-dominant,Revolving-door dominant,weak subsystem floor
2200,exact,32588,0.513,0.107,0.454,0.453,0.732,0.393,0.570,0.866,0.393,leadership-cartel-majority,Leadership agenda cartel + majority,panel-en-banc,Three-judge panels with en banc correction,campaign-finance-dominant,Campaign finance dominant,weak subsystem floor
2201,exact,32618,0.512,0.108,0.481,0.460,0.730,0.369,0.545,0.865,0.369,committee-regular-order,Committee-first regular order,mandatory-written-emergency-reasoning,Mandatory written emergency reasoning,campaign-finance-dominant,Campaign finance dominant,weak subsystem floor
2202,exact,32630,0.512,0.108,0.481,0.468,0.727,0.365,0.543,0.870,0.365,committee-regular-order,Committee-first regular order,term-limited-balanced,18-year staggered terms + regular appointments,revolving-door-dominant,Revolving-door dominant,weak subsystem floor
2203,exact,32660,0.512,0.108,0.481,0.462,0.723,0.369,0.551,0.866,0.369,committee-regular-order,Committee-first regular order,legislative-override,Judicial review with legislative supermajority override,campaign-finance-dominant,Campaign finance dominant,weak subsystem floor
2204,exact,32664,0.512,0.108,0.481,0.460,0.727,0.369,0.544,0.872,0.369,committee-regular-order,Committee-first regular order,term-limited-balanced,18-year staggered terms + regular appointments,campaign-finance-dominant,Campaign finance dominant,weak subsystem floor
2205,exact,32705,0.512,0.107,0.487,0.459,0.715,0.370,0.549,0.858,0.370,proportional-committee-assignment-majority,Majority + proportional committee assignment,jurisdiction-stripping-constraints,Jurisdiction stripping constrained by rights carveouts,campaign-finance-dominant,Campaign finance dominant,weak subsystem floor
2206,exact,32710,0.512,0.106,0.457,0.466,0.749,0.373,0.554,0.845,0.373,committee-discharge-target-majority,Committee discharge-petition target,mandatory-written-emergency-reasoning,Mandatory written emergency reasoning,revolving-door-dominant,Revolving-door dominant,weak subsystem floor
2207,exact,32723,0.512,0.108,0.481,0.467,0.729,0.365,0.537,0.871,0.365,committee-regular-order,Committee-first regular order,supermajority-review,60 percent invalidation threshold,revolving-door-dominant,Revolving-door dominant,weak subsystem floor
2208,exact,32740,0.511,0.107,0.487,0.458,0.720,0.370,0.542,0.855,0.370,proportional-committee-assignment-majority,Majority + proportional committee assignment,mandatory-written-emergency-reasoning,Mandatory written emergency reasoning,campaign-finance-dominant,Campaign finance dominant,weak subsystem floor
2209,exact,32743,0.511,0.107,0.457,0.459,0.749,0.377,0.555,0.847,0.377,committee-discharge-target-majority,Committee discharge-petition target,mandatory-written-emergency-reasoning,Mandatory written emergency reasoning,campaign-finance-dominant,Campaign finance dominant,weak subsystem floor
2210,exact,32749,0.511,0.107,0.454,0.461,0.730,0.389,0.557,0.867,0.389,leadership-cartel-majority,Leadership agenda cartel + majority,jurisdiction-stripping-constraints,Jurisdiction stripping constrained by rights carveouts,revolving-door-dominant,Revolving-door dominant,weak subsystem floor
2211,exact,32759,0.511,0.108,0.481,0.459,0.729,0.369,0.538,0.873,0.369,committee-regular-order,Committee-first regular order,supermajority-review,60 percent invalidation threshold,campaign-finance-dominant,Campaign finance dominant,weak subsystem floor
2212,exact,32760,0.511,0.107,0.487,0.466,0.718,0.366,0.539,0.860,0.366,proportional-committee-assignment-majority,Majority + proportional committee assignment,term-limited-balanced,18-year staggered terms + regular appointments,revolving-door-dominant,Revolving-door dominant,weak subsystem floor
2213,exact,32778,0.511,0.107,0.454,0.453,0.730,0.393,0.558,0.870,0.393,leadership-cartel-majority,Leadership agenda cartel + majority,jurisdiction-stripping-constraints,Jurisdiction stripping constrained by rights carveouts,campaign-finance-dominant,Campaign finance dominant,weak subsystem floor
2214,exact,32779,0.511,0.107,0.454,0.460,0.735,0.389,0.550,0.864,0.389,leadership-cartel-majority,Leadership agenda cartel + majority,mandatory-written-emergency-reasoning,Mandatory written emergency reasoning,revolving-door-dominant,Revolving-door dominant,weak subsystem floor
2215,exact,32784,0.511,0.108,0.487,0.458,0.718,0.370,0.540,0.862,0.370,proportional-committee-assignment-majority,Majority + proportional committee assignment,term-limited-balanced,18-year staggered terms + regular appointments,campaign-finance-dominant,Campaign finance dominant,weak subsystem floor
2216,exact,32798,0.511,0.107,0.454,0.452,0.735,0.393,0.551,0.866,0.393,leadership-cartel-majority,Leadership agenda cartel + majority,mandatory-written-emergency-reasoning,Mandatory written emergency reasoning,campaign-finance-dominant,Campaign finance dominant,weak subsystem floor
2217,exact,32804,0.511,0.106,0.509,0.462,0.676,0.400,0.472,0.866,0.400,anti-capture-access-majority,Anti-capture proposal access + majority,current-us-like,Stylized current U.S.-like supreme court,revolving-door-dominant,Revolving-door dominant,weak subsystem floor
2218,exact,32813,0.511,0.107,0.454,0.460,0.732,0.389,0.549,0.872,0.389,leadership-cartel-majority,Leadership agenda cartel + majority,term-limited-balanced,18-year staggered terms + regular appointments,revolving-door-dominant,Revolving-door dominant,weak subsystem floor
2219,exact,32820,0.511,0.108,0.487,0.464,0.719,0.366,0.533,0.861,0.366,proportional-committee-assignment-majority,Majority + proportional committee assignment,supermajority-review,60 percent invalidation threshold,revolving-door-dominant,Revolving-door dominant,weak subsystem floor
2220,exact,32828,0.511,0.106,0.509,0.455,0.676,0.404,0.473,0.868,0.404,anti-capture-access-majority,Anti-capture proposal access + majority,current-us-like,Stylized current U.S.-like supreme court,campaign-finance-dominant,Campaign finance dominant,weak subsystem floor
2221,exact,32829,0.511,0.107,0.454,0.454,0.728,0.393,0.556,0.868,0.393,leadership-cartel-majority,Leadership agenda cartel + majority,legislative-override,Judicial review with legislative supermajority override,campaign-finance-dominant,Campaign finance dominant,weak subsystem floor
2222,exact,32832,0.511,0.107,0.454,0.452,0.732,0.393,0.550,0.874,0.393,leadership-cartel-majority,Leadership agenda cartel + majority,term-limited-balanced,18-year staggered terms + regular appointments,campaign-finance-dominant,Campaign finance dominant,weak subsystem floor
2223,exact,32835,0.511,0.108,0.487,0.457,0.719,0.370,0.534,0.863,0.370,proportional-committee-assignment-majority,Majority + proportional committee assignment,supermajority-review,60 percent invalidation threshold,campaign-finance-dominant,Campaign finance dominant,weak subsystem floor
2224,exact,32856,0.510,0.107,0.454,0.458,0.734,0.389,0.542,0.873,0.389,leadership-cartel-majority,Leadership agenda cartel + majority,supermajority-review,60 percent invalidation threshold,revolving-door-dominant,Revolving-door dominant,weak subsystem floor
2225,exact,32875,0.510,0.107,0.454,0.451,0.734,0.393,0.543,0.875,0.393,leadership-cartel-majority,Leadership agenda cartel + majority,supermajority-review,60 percent invalidation threshold,campaign-finance-dominant,Campaign finance dominant,weak subsystem floor
2226,exact,32956,0.509,0.103,0.442,0.447,0.693,0.461,0.481,0.881,0.461,parliamentary-coalition-confidence,Parliamentary coalition confidence,current-us-like,Stylized current U.S.-like supreme court,open-access-lobbying,Open access lobbying,weak subsystem floor
2227,exact,32984,0.508,0.107,0.442,0.442,0.744,0.385,0.579,0.867,0.385,parliamentary-coalition-confidence,Parliamentary coalition confidence,emergency-restraint-court,No emergency relief without merits review,revolving-door-dominant,Revolving-door dominant,weak subsystem floor
2228,exact,32998,0.508,0.107,0.442,0.435,0.744,0.389,0.580,0.869,0.389,parliamentary-coalition-confidence,Parliamentary coalition confidence,emergency-restraint-court,No emergency relief without merits review,campaign-finance-dominant,Campaign finance dominant,weak subsystem floor
2229,exact,33053,0.507,0.107,0.442,0.435,0.741,0.389,0.570,0.866,0.389,parliamentary-coalition-confidence,Parliamentary coalition confidence,automatic-merits-follow-up,Automatic merits follow-up for emergency relief,campaign-finance-dominant,Campaign finance dominant,weak subsystem floor
2230,exact,33152,0.505,0.108,0.441,0.467,0.748,0.345,0.593,0.847,0.345,supermajority-60,Unicameral 60 percent passage,emergency-restraint-court,No emergency relief without merits review,revolving-door-dominant,Revolving-door dominant,weak subsystem floor
2231,exact,33159,0.504,0.107,0.442,0.440,0.733,0.385,0.563,0.867,0.385,parliamentary-coalition-confidence,Parliamentary coalition confidence,panel-en-banc,Three-judge panels with en banc correction,revolving-door-dominant,Revolving-door dominant,weak subsystem floor
2232,exact,33170,0.504,0.108,0.441,0.459,0.748,0.349,0.594,0.849,0.349,supermajority-60,Unicameral 60 percent passage,emergency-restraint-court,No emergency relief without merits review,campaign-finance-dominant,Campaign finance dominant,weak subsystem floor
2233,exact,33176,0.504,0.106,0.472,0.461,0.698,0.396,0.479,0.872,0.396,citizens-agenda-petition-majority,Citizen agenda petitions + majority,current-us-like,Stylized current U.S.-like supreme court,revolving-door-dominant,Revolving-door dominant,weak subsystem floor
2234,exact,33179,0.504,0.107,0.442,0.433,0.733,0.389,0.564,0.869,0.389,parliamentary-coalition-confidence,Parliamentary coalition confidence,panel-en-banc,Three-judge panels with en banc correction,campaign-finance-dominant,Campaign finance dominant,weak subsystem floor
2235,exact,33189,0.504,0.106,0.472,0.453,0.698,0.400,0.480,0.874,0.400,citizens-agenda-petition-majority,Citizen agenda petitions + majority,current-us-like,Stylized current U.S.-like supreme court,campaign-finance-dominant,Campaign finance dominant,weak subsystem floor
2236,exact,33226,0.503,0.106,0.500,0.459,0.680,0.380,0.471,0.862,0.380,harm-weighted-majority,Harm-weighted double majority,current-us-like,Stylized current U.S.-like supreme court,revolving-door-dominant,Revolving-door dominant,weak subsystem floor
2237,exact,33243,0.503,0.106,0.500,0.451,0.680,0.384,0.472,0.864,0.384,harm-weighted-majority,Harm-weighted double majority,current-us-like,Stylized current U.S.-like supreme court,campaign-finance-dominant,Campaign finance dominant,weak subsystem floor
2238,exact,33250,0.503,0.107,0.442,0.441,0.730,0.385,0.551,0.870,0.385,parliamentary-coalition-confidence,Parliamentary coalition confidence,jurisdiction-stripping-constraints,Jurisdiction stripping constrained by rights carveouts,revolving-door-dominant,Revolving-door dominant,weak subsystem floor
2239,exact,33261,0.503,0.107,0.442,0.434,0.730,0.389,0.553,0.873,0.389,parliamentary-coalition-confidence,Parliamentary coalition confidence,jurisdiction-stripping-constraints,Jurisdiction stripping constrained by rights carveouts,campaign-finance-dominant,Campaign finance dominant,weak subsystem floor
2240,exact,33262,0.503,0.107,0.442,0.440,0.735,0.385,0.544,0.867,0.385,parliamentary-coalition-confidence,Parliamentary coalition confidence,mandatory-written-emergency-reasoning,Mandatory written emergency reasoning,revolving-door-dominant,Revolving-door dominant,weak subsystem floor
2241,exact,33275,0.503,0.107,0.442,0.432,0.735,0.389,0.545,0.869,0.389,parliamentary-coalition-confidence,Parliamentary coalition confidence,mandatory-written-emergency-reasoning,Mandatory written emergency reasoning,campaign-finance-dominant,Campaign finance dominant,weak subsystem floor
2242,exact,33283,0.503,0.107,0.442,0.440,0.733,0.385,0.543,0.875,0.385,parliamentary-coalition-confidence,Parliamentary coalition confidence,term-limited-balanced,18-year staggered terms + regular appointments,revolving-door-dominant,Revolving-door dominant,weak subsystem floor
2243,exact,33295,0.502,0.107,0.442,0.434,0.729,0.389,0.550,0.871,0.389,parliamentary-coalition-confidence,Parliamentary coalition confidence,legislative-override,Judicial review with legislative supermajority override,campaign-finance-dominant,Campaign finance dominant,weak subsystem floor
2244,exact,33296,0.502,0.107,0.442,0.432,0.733,0.389,0.544,0.877,0.389,parliamentary-coalition-confidence,Parliamentary coalition confidence,term-limited-balanced,18-year staggered terms + regular appointments,campaign-finance-dominant,Campaign finance dominant,weak subsystem floor
2245,exact,33320,0.502,0.107,0.442,0.439,0.734,0.385,0.536,0.876,0.385,parliamentary-coalition-confidence,Parliamentary coalition confidence,supermajority-review,60 percent invalidation threshold,revolving-door-dominant,Revolving-door dominant,weak subsystem floor
2246,exact,33334,0.502,0.107,0.442,0.431,0.734,0.389,0.537,0.878,0.389,parliamentary-coalition-confidence,Parliamentary coalition confidence,supermajority-review,60 percent invalidation threshold,campaign-finance-dominant,Campaign finance dominant,weak subsystem floor
2247,exact,33466,0.500,0.106,0.492,0.458,0.675,0.378,0.471,0.866,0.378,public-interest-majority,Majority + public-interest screen,current-us-like,Stylized current U.S.-like supreme court,revolving-door-dominant,Revolving-door dominant,weak subsystem floor
2248,exact,33482,0.500,0.107,0.492,0.450,0.675,0.382,0.472,0.868,0.382,public-interest-majority,Majority + public-interest screen,current-us-like,Stylized current U.S.-like supreme court,campaign-finance-dominant,Campaign finance dominant,weak subsystem floor
2249,exact,33486,0.500,0.104,0.409,0.469,0.711,0.419,0.507,0.882,0.419,current-system,Stylized U.S.-like conventional benchmark,current-us-like,Stylized current U.S.-like supreme court,open-access-lobbying,Open access lobbying,weak subsystem floor
2250,exact,33520,0.499,0.108,0.409,0.464,0.762,0.343,0.605,0.868,0.343,current-system,Stylized U.S.-like conventional benchmark,emergency-restraint-court,No emergency relief without merits review,revolving-door-dominant,Revolving-door dominant,strong rights screen; weak subsystem floor
2251,exact,33532,0.499,0.108,0.409,0.457,0.762,0.347,0.606,0.871,0.347,current-system,Stylized U.S.-like conventional benchmark,emergency-restraint-court,No emergency relief without merits review,campaign-finance-dominant,Campaign finance dominant,strong rights screen; weak subsystem floor
2252,exact,33537,0.499,0.103,0.412,0.473,0.708,0.418,0.495,0.876,0.418,cloture-conference-review,"Cloture, conference, and judicial review",current-us-like,Stylized current U.S.-like supreme court,open-access-lobbying,Open access lobbying,weak subsystem floor
2253,exact,33574,0.498,0.108,0.412,0.468,0.759,0.342,0.593,0.862,0.342,cloture-conference-review,"Cloture, conference, and judicial review",emergency-restraint-court,No emergency relief without merits review,revolving-door-dominant,Revolving-door dominant,strong rights screen; weak subsystem floor
2254,exact,33586,0.498,0.108,0.412,0.461,0.759,0.346,0.594,0.864,0.346,cloture-conference-review,"Cloture, conference, and judicial review",emergency-restraint-court,No emergency relief without merits review,campaign-finance-dominant,Campaign finance dominant,strong rights screen; weak subsystem floor
2255,exact,33613,0.498,0.107,0.481,0.465,0.687,0.365,0.474,0.878,0.365,committee-regular-order,Committee-first regular order,current-us-like,Stylized current U.S.-like supreme court,revolving-door-dominant,Revolving-door dominant,weak subsystem floor
2256,exact,33621,0.498,0.107,0.481,0.457,0.687,0.369,0.475,0.880,0.369,committee-regular-order,Committee-first regular order,current-us-like,Stylized current U.S.-like supreme court,campaign-finance-dominant,Campaign finance dominant,weak subsystem floor
2257,exact,33627,0.497,0.108,0.409,0.457,0.759,0.347,0.596,0.868,0.347,current-system,Stylized U.S.-like conventional benchmark,automatic-merits-follow-up,Automatic merits follow-up for emergency relief,campaign-finance-dominant,Campaign finance dominant,strong rights screen; weak subsystem floor
2258,exact,33639,0.497,0.107,0.487,0.463,0.678,0.366,0.470,0.868,0.366,proportional-committee-assignment-majority,Majority + proportional committee assignment,current-us-like,Stylized current U.S.-like supreme court,revolving-door-dominant,Revolving-door dominant,weak subsystem floor
2259,exact,33649,0.497,0.107,0.487,0.455,0.678,0.370,0.471,0.870,0.370,proportional-committee-assignment-majority,Majority + proportional committee assignment,current-us-like,Stylized current U.S.-like supreme court,campaign-finance-dominant,Campaign finance dominant,weak subsystem floor
2260,exact,33657,0.497,0.108,0.412,0.461,0.756,0.346,0.584,0.861,0.346,cloture-conference-review,"Cloture, conference, and judicial review",automatic-merits-follow-up,Automatic merits follow-up for emergency relief,campaign-finance-dominant,Campaign finance dominant,strong rights screen; weak subsystem floor
2261,exact,33659,0.496,0.106,0.454,0.457,0.692,0.389,0.479,0.880,0.389,leadership-cartel-majority,Leadership agenda cartel + majority,current-us-like,Stylized current U.S.-like supreme court,revolving-door-dominant,Revolving-door dominant,weak subsystem floor
2262,exact,33665,0.496,0.106,0.454,0.449,0.692,0.393,0.480,0.882,0.393,leadership-cartel-majority,Leadership agenda cartel + majority,current-us-like,Stylized current U.S.-like supreme court,campaign-finance-dominant,Campaign finance dominant,weak subsystem floor
2263,exact,33690,0.495,0.108,0.409,0.462,0.751,0.343,0.589,0.868,0.343,current-system,Stylized U.S.-like conventional benchmark,panel-en-banc,Three-judge panels with en banc correction,revolving-door-dominant,Revolving-door dominant,strong rights screen; weak subsystem floor
2264,exact,33698,0.495,0.108,0.409,0.455,0.751,0.347,0.590,0.871,0.347,current-system,Stylized U.S.-like conventional benchmark,panel-en-banc,Three-judge panels with en banc correction,campaign-finance-dominant,Campaign finance dominant,strong rights screen; weak subsystem floor
2265,exact,33717,0.494,0.108,0.412,0.466,0.748,0.342,0.577,0.862,0.342,cloture-conference-review,"Cloture, conference, and judicial review",panel-en-banc,Three-judge panels with en banc correction,revolving-door-dominant,Revolving-door dominant,weak subsystem floor
2266,exact,33728,0.494,0.108,0.412,0.458,0.748,0.346,0.578,0.864,0.346,cloture-conference-review,"Cloture, conference, and judicial review",panel-en-banc,Three-judge panels with en banc correction,campaign-finance-dominant,Campaign finance dominant,weak subsystem floor
2267,exact,33745,0.494,0.108,0.409,0.463,0.749,0.343,0.577,0.872,0.343,current-system,Stylized U.S.-like conventional benchmark,jurisdiction-stripping-constraints,Jurisdiction stripping constrained by rights carveouts,revolving-door-dominant,Revolving-door dominant,weak subsystem floor
2268,exact,33755,0.494,0.108,0.409,0.456,0.749,0.347,0.578,0.874,0.347,current-system,Stylized U.S.-like conventional benchmark,jurisdiction-stripping-constraints,Jurisdiction stripping constrained by rights carveouts,campaign-finance-dominant,Campaign finance dominant,weak subsystem floor
2269,exact,33756,0.494,0.108,0.409,0.462,0.754,0.343,0.570,0.869,0.343,current-system,Stylized U.S.-like conventional benchmark,mandatory-written-emergency-reasoning,Mandatory written emergency reasoning,revolving-door-dominant,Revolving-door dominant,strong rights screen; weak subsystem floor
2270,exact,33763,0.493,0.108,0.409,0.454,0.754,0.347,0.571,0.871,0.347,current-system,Stylized U.S.-like conventional benchmark,mandatory-written-emergency-reasoning,Mandatory written emergency reasoning,campaign-finance-dominant,Campaign finance dominant,strong rights screen; weak subsystem floor
2271,exact,33768,0.493,0.108,0.409,0.462,0.751,0.343,0.569,0.876,0.343,current-system,Stylized U.S.-like conventional benchmark,term-limited-balanced,18-year staggered terms + regular appointments,revolving-door-dominant,Revolving-door dominant,strong rights screen; weak subsystem floor
2272,exact,33780,0.493,0.108,0.409,0.456,0.747,0.347,0.576,0.872,0.347,current-system,Stylized U.S.-like conventional benchmark,legislative-override,Judicial review with legislative supermajority override,campaign-finance-dominant,Campaign finance dominant,weak subsystem floor
2273,exact,33783,0.493,0.108,0.409,0.454,0.751,0.347,0.570,0.878,0.347,current-system,Stylized U.S.-like conventional benchmark,term-limited-balanced,18-year staggered terms + regular appointments,campaign-finance-dominant,Campaign finance dominant,strong rights screen; weak subsystem floor
2274,exact,33784,0.493,0.108,0.412,0.467,0.745,0.342,0.565,0.865,0.342,cloture-conference-review,"Cloture, conference, and judicial review",jurisdiction-stripping-constraints,Jurisdiction stripping constrained by rights carveouts,revolving-door-dominant,Revolving-door dominant,weak subsystem floor
2275,exact,33792,0.493,0.108,0.412,0.459,0.745,0.346,0.566,0.867,0.346,cloture-conference-review,"Cloture, conference, and judicial review",jurisdiction-stripping-constraints,Jurisdiction stripping constrained by rights carveouts,campaign-finance-dominant,Campaign finance dominant,weak subsystem floor
2276,exact,33793,0.493,0.108,0.412,0.465,0.750,0.342,0.558,0.862,0.342,cloture-conference-review,"Cloture, conference, and judicial review",mandatory-written-emergency-reasoning,Mandatory written emergency reasoning,revolving-door-dominant,Revolving-door dominant,strong rights screen; weak subsystem floor
2277,exact,33795,0.493,0.108,0.409,0.461,0.753,0.343,0.562,0.877,0.343,current-system,Stylized U.S.-like conventional benchmark,supermajority-review,60 percent invalidation threshold,revolving-door-dominant,Revolving-door dominant,strong rights screen; weak subsystem floor
2278,exact,33798,0.493,0.108,0.412,0.458,0.750,0.346,0.559,0.864,0.346,cloture-conference-review,"Cloture, conference, and judicial review",mandatory-written-emergency-reasoning,Mandatory written emergency reasoning,campaign-finance-dominant,Campaign finance dominant,strong rights screen; weak subsystem floor
2279,exact,33802,0.493,0.108,0.412,0.466,0.748,0.342,0.557,0.869,0.342,cloture-conference-review,"Cloture, conference, and judicial review",term-limited-balanced,18-year staggered terms + regular appointments,revolving-door-dominant,Revolving-door dominant,weak subsystem floor
2280,exact,33804,0.493,0.108,0.409,0.453,0.753,0.347,0.563,0.879,0.347,current-system,Stylized U.S.-like conventional benchmark,supermajority-review,60 percent invalidation threshold,campaign-finance-dominant,Campaign finance dominant,strong rights screen; weak subsystem floor
2281,exact,33810,0.492,0.108,0.412,0.460,0.744,0.346,0.564,0.866,0.346,cloture-conference-review,"Cloture, conference, and judicial review",legislative-override,Judicial review with legislative supermajority override,campaign-finance-dominant,Campaign finance dominant,weak subsystem floor
2282,exact,33811,0.492,0.108,0.412,0.458,0.748,0.346,0.558,0.872,0.346,cloture-conference-review,"Cloture, conference, and judicial review",term-limited-balanced,18-year staggered terms + regular appointments,campaign-finance-dominant,Campaign finance dominant,weak subsystem floor
2283,exact,33816,0.492,0.108,0.412,0.464,0.749,0.342,0.550,0.870,0.342,cloture-conference-review,"Cloture, conference, and judicial review",supermajority-review,60 percent invalidation threshold,revolving-door-dominant,Revolving-door dominant,weak subsystem floor
2284,exact,33817,0.492,0.108,0.412,0.457,0.749,0.346,0.551,0.872,0.346,cloture-conference-review,"Cloture, conference, and judicial review",supermajority-review,60 percent invalidation threshold,campaign-finance-dominant,Campaign finance dominant,weak subsystem floor
2285,exact,33829,0.488,0.107,0.442,0.437,0.693,0.385,0.473,0.883,0.385,parliamentary-coalition-confidence,Parliamentary coalition confidence,current-us-like,Stylized current U.S.-like supreme court,revolving-door-dominant,Revolving-door dominant,weak subsystem floor
2286,exact,33830,0.488,0.107,0.442,0.429,0.693,0.389,0.475,0.885,0.389,parliamentary-coalition-confidence,Parliamentary coalition confidence,current-us-like,Stylized current U.S.-like supreme court,campaign-finance-dominant,Campaign finance dominant,weak subsystem floor
2287,exact,33848,0.479,0.108,0.409,0.459,0.711,0.343,0.499,0.884,0.343,current-system,Stylized U.S.-like conventional benchmark,current-us-like,Stylized current U.S.-like supreme court,revolving-door-dominant,Revolving-door dominant,weak subsystem floor
2288,exact,33849,0.479,0.108,0.409,0.451,0.711,0.347,0.500,0.886,0.347,current-system,Stylized U.S.-like conventional benchmark,current-us-like,Stylized current U.S.-like supreme court,campaign-finance-dominant,Campaign finance dominant,weak subsystem floor
2289,exact,33851,0.478,0.107,0.412,0.463,0.708,0.342,0.487,0.877,0.342,cloture-conference-review,"Cloture, conference, and judicial review",current-us-like,Stylized current U.S.-like supreme court,revolving-door-dominant,Revolving-door dominant,weak subsystem floor
2290,exact,33852,0.478,0.107,0.412,0.455,0.708,0.346,0.488,0.879,0.346,cloture-conference-review,"Cloture, conference, and judicial review",current-us-like,Stylized current U.S.-like supreme court,campaign-finance-dominant,Campaign finance dominant,weak subsystem floor
